/*******************************************************************************
 * Size: 18 px
 * Bpp: 4
 * Opts: --no-compress --no-prefilter --bpp 4 --size 18 --font Montserrat-Medium.ttf -r 0x20-0x7F,0xB0,0x2022,0xA0-0xFF,0x400-0x4FF --font FontAwesome5-Solid+Brands+Regular.woff -r 61441,61448,61451,61452,61452,61453,61457,61459,61461,61465,61468,61473,61478,61479,61480,61502,61507,61512,61515,61516,61517,61521,61522,61523,61524,61543,61544,61550,61552,61553,61556,61559,61560,61561,61563,61587,61589,61636,61637,61639,61641,61664,61671,61674,61683,61724,61732,61787,61931,62016,62017,62018,62019,62020,62087,62099,62212,62189,62810,63426,63650 --format lvgl -o C:/Projects/esp32_weather/main/ui/fonts/lv_font_ui_18.c --force-fast-kern-format
 ******************************************************************************/

#ifdef LV_LVGL_H_INCLUDE_SIMPLE
#include "lvgl.h"
#else
#include "lvgl/lvgl.h"
#endif

#ifndef LV_FONT_UI_18
#define LV_FONT_UI_18 1
#endif

#if LV_FONT_UI_18

/*-----------------
 *    BITMAPS
 *----------------*/

/*Store the image of the glyphs*/
static LV_ATTRIBUTE_LARGE_CONST const uint8_t glyph_bitmap[] = {
    /* U+0020 " " */

    /* U+0021 "!" */
    0x9f, 0x68, 0xf6, 0x8f, 0x57, 0xf4, 0x6f, 0x46,
    0xf3, 0x5f, 0x35, 0xf2, 0x4f, 0x10, 0x0, 0x15,
    0xa, 0xf7, 0x7f, 0x40,

    /* U+0022 "\"" */
    0xda, 0x9, 0xed, 0x90, 0x9d, 0xd9, 0x8, 0xdc,
    0x80, 0x8d, 0xc8, 0x8, 0xc0, 0x0, 0x0,

    /* U+0023 "#" */
    0x0, 0x0, 0xe5, 0x0, 0x4f, 0x0, 0x0, 0x0,
    0xf, 0x30, 0x6, 0xe0, 0x0, 0x0, 0x2, 0xf1,
    0x0, 0x8c, 0x0, 0x0, 0xff, 0xff, 0xff, 0xff,
    0xff, 0xf2, 0x5, 0x5a, 0xe5, 0x55, 0xda, 0x55,
    0x0, 0x0, 0x9b, 0x0, 0xe, 0x60, 0x0, 0x0,
    0xb, 0x90, 0x0, 0xf4, 0x0, 0x0, 0x11, 0xd8,
    0x11, 0x3f, 0x31, 0x0, 0x8f, 0xff, 0xff, 0xff,
    0xff, 0xf9, 0x2, 0x45, 0xf6, 0x44, 0x8e, 0x44,
    0x20, 0x0, 0x2f, 0x10, 0x7, 0xc0, 0x0, 0x0,
    0x4, 0xf0, 0x0, 0x9a, 0x0, 0x0, 0x0, 0x5e,
    0x0, 0xb, 0x90, 0x0, 0x0,

    /* U+0024 "$" */
    0x0, 0x0, 0x7, 0x20, 0x0, 0x0, 0x0, 0x0,
    0xe4, 0x0, 0x0, 0x0, 0x0, 0xe, 0x40, 0x0,
    0x0, 0x2, 0xad, 0xff, 0xd9, 0x20, 0x3, 0xff,
    0xbf, 0xcd, 0xfc, 0x0, 0xbf, 0x40, 0xe4, 0x3,
    0x30, 0xe, 0xd0, 0xe, 0x40, 0x0, 0x0, 0xdf,
    0x30, 0xe4, 0x0, 0x0, 0x5, 0xff, 0xaf, 0x50,
    0x0, 0x0, 0x4, 0xbf, 0xff, 0xd7, 0x0, 0x0,
    0x0, 0x1e, 0xbe, 0xfb, 0x0, 0x0, 0x0, 0xe4,
    0xb, 0xf4, 0x0, 0x0, 0xe, 0x40, 0x6f, 0x60,
    0xb4, 0x0, 0xe4, 0xb, 0xf3, 0x1e, 0xfd, 0xaf,
    0xbe, 0xfa, 0x0, 0x17, 0xcf, 0xff, 0xc6, 0x0,
    0x0, 0x0, 0xe, 0x40, 0x0, 0x0, 0x0, 0x0,
    0xe4, 0x0, 0x0,

    /* U+0025 "%" */
    0x1, 0xbf, 0xc3, 0x0, 0x0, 0x2f, 0x40, 0x0,
    0xc9, 0x16, 0xe0, 0x0, 0xc, 0x90, 0x0, 0x2f,
    0x0, 0xc, 0x50, 0x7, 0xe0, 0x0, 0x4, 0xd0,
    0x0, 0xa7, 0x2, 0xf4, 0x0, 0x0, 0x3f, 0x0,
    0xc, 0x60, 0xc9, 0x0, 0x0, 0x0, 0xd7, 0x4,
    0xf1, 0x7e, 0x0, 0x0, 0x0, 0x3, 0xdf, 0xe4,
    0x2f, 0x41, 0xae, 0xb2, 0x0, 0x0, 0x10, 0xc,
    0x90, 0xc9, 0x28, 0xe0, 0x0, 0x0, 0x6, 0xe1,
    0x3f, 0x0, 0xd, 0x50, 0x0, 0x2, 0xf4, 0x4,
    0xd0, 0x0, 0xa7, 0x0, 0x0, 0xba, 0x0, 0x3e,
    0x0, 0xc, 0x50, 0x0, 0x6e, 0x10, 0x0, 0xd7,
    0x5, 0xe1, 0x0, 0x1f, 0x50, 0x0, 0x2, 0xbf,
    0xc3, 0x0,

    /* U+0026 "&" */
    0x0, 0x4, 0xcf, 0xe9, 0x0, 0x0, 0x0, 0x3,
    0xfb, 0x57, 0xf9, 0x0, 0x0, 0x0, 0x9f, 0x0,
    0xa, 0xd0, 0x0, 0x0, 0x8, 0xf1, 0x0, 0xdb,
    0x0, 0x0, 0x0, 0x2f, 0xb3, 0xce, 0x20, 0x0,
    0x0, 0x0, 0x6f, 0xfc, 0x20, 0x0, 0x0, 0x0,
    0x4e, 0xef, 0xb0, 0x0, 0x10, 0x0, 0x5f, 0xa0,
    0x6f, 0xb0, 0x1f, 0x50, 0xe, 0xc0, 0x0, 0x6f,
    0xb7, 0xf2, 0x2, 0xf8, 0x0, 0x0, 0x6f, 0xfb,
    0x0, 0xf, 0xd0, 0x0, 0x1, 0xdf, 0xb0, 0x0,
    0x8f, 0xe9, 0x8a, 0xfe, 0x8f, 0xb0, 0x0, 0x5c,
    0xff, 0xd9, 0x10, 0x68, 0x0, 0x0, 0x0, 0x0,
    0x0, 0x0, 0x0,

    /* U+0027 "'" */
    0xda, 0xd9, 0xd9, 0xc8, 0xc8, 0x0,

    /* U+0028 "(" */
    0x0, 0x6f, 0x40, 0xd, 0xc0, 0x4, 0xf6, 0x0,
    0x9f, 0x20, 0xd, 0xd0, 0x0, 0xfb, 0x0, 0x2f,
    0x80, 0x3, 0xf7, 0x0, 0x4f, 0x60, 0x4, 0xf6,
    0x0, 0x3f, 0x70, 0x2, 0xf8, 0x0, 0xf, 0xb0,
    0x0, 0xdd, 0x0, 0x8, 0xf1, 0x0, 0x3f, 0x60,
    0x0, 0xdc, 0x0, 0x6, 0xf4,

    /* U+0029 ")" */
    0x3f, 0x70, 0x0, 0xbe, 0x0, 0x5, 0xf5, 0x0,
    0x1f, 0xa0, 0x0, 0xce, 0x0, 0x9, 0xf1, 0x0,
    0x7f, 0x30, 0x6, 0xf4, 0x0, 0x5f, 0x50, 0x5,
    0xf5, 0x0, 0x6f, 0x40, 0x7, 0xf3, 0x0, 0x9f,
    0x10, 0xc, 0xe0, 0x1, 0xfa, 0x0, 0x5f, 0x50,
    0xb, 0xe0, 0x3, 0xf7, 0x0,

    /* U+002A "*" */
    0x0, 0xf, 0x20, 0x3, 0x60, 0xe2, 0x56, 0x4d,
    0xdf, 0xce, 0x60, 0x1d, 0xff, 0x30, 0x4e, 0xcf,
    0xbf, 0x63, 0x60, 0xe2, 0x45, 0x0, 0xe, 0x20,
    0x0,

    /* U+002B "+" */
    0x0, 0x1, 0x30, 0x0, 0x0, 0x0, 0x8f, 0x0,
    0x0, 0x0, 0x8, 0xf0, 0x0, 0x1, 0x22, 0x9f,
    0x22, 0x20, 0xcf, 0xff, 0xff, 0xff, 0x44, 0x55,
    0xaf, 0x55, 0x51, 0x0, 0x8, 0xf0, 0x0, 0x0,
    0x0, 0x8f, 0x0, 0x0, 0x0, 0x8, 0xf0, 0x0,
    0x0,

    /* U+002C "," */
    0x1, 0x10, 0xe, 0xf1, 0xf, 0xf2, 0x7, 0xe0,
    0xb, 0x90, 0xe, 0x40,

    /* U+002D "-" */
    0x88, 0x88, 0x7f, 0xff, 0xfe,

    /* U+002E "." */
    0x5, 0x60, 0x1f, 0xf2, 0xc, 0xd0,

    /* U+002F "/" */
    0x0, 0x0, 0x0, 0x57, 0x0, 0x0, 0x0, 0xea,
    0x0, 0x0, 0x3, 0xf5, 0x0, 0x0, 0x9, 0xf0,
    0x0, 0x0, 0xe, 0xa0, 0x0, 0x0, 0x4f, 0x40,
    0x0, 0x0, 0x9f, 0x0, 0x0, 0x0, 0xe9, 0x0,
    0x0, 0x4, 0xf4, 0x0, 0x0, 0x9, 0xe0, 0x0,
    0x0, 0xe, 0x90, 0x0, 0x0, 0x4f, 0x40, 0x0,
    0x0, 0xae, 0x0, 0x0, 0x0, 0xf9, 0x0, 0x0,
    0x5, 0xf3, 0x0, 0x0, 0xa, 0xe0, 0x0, 0x0,
    0xf, 0x90, 0x0, 0x0, 0x5f, 0x30, 0x0, 0x0,

    /* U+0030 "0" */
    0x0, 0x4, 0xbe, 0xeb, 0x40, 0x0, 0x0, 0x6f,
    0xfb, 0xbf, 0xf6, 0x0, 0x2, 0xfd, 0x10, 0x1,
    0xdf, 0x20, 0xa, 0xf3, 0x0, 0x0, 0x3f, 0x90,
    0xe, 0xe0, 0x0, 0x0, 0xe, 0xe0, 0xf, 0xb0,
    0x0, 0x0, 0xb, 0xf0, 0x1f, 0xa0, 0x0, 0x0,
    0xa, 0xf1, 0xf, 0xb0, 0x0, 0x0, 0xb, 0xf0,
    0xe, 0xe0, 0x0, 0x0, 0xe, 0xe0, 0x9, 0xf3,
    0x0, 0x0, 0x3f, 0x90, 0x2, 0xfd, 0x10, 0x1,
    0xdf, 0x20, 0x0, 0x6f, 0xfb, 0xbf, 0xf6, 0x0,
    0x0, 0x4, 0xbe, 0xeb, 0x40, 0x0,

    /* U+0031 "1" */
    0xdf, 0xff, 0xc8, 0xaa, 0xfc, 0x0, 0xf, 0xc0,
    0x0, 0xfc, 0x0, 0xf, 0xc0, 0x0, 0xfc, 0x0,
    0xf, 0xc0, 0x0, 0xfc, 0x0, 0xf, 0xc0, 0x0,
    0xfc, 0x0, 0xf, 0xc0, 0x0, 0xfc, 0x0, 0xf,
    0xc0,

    /* U+0032 "2" */
    0x1, 0x8d, 0xfe, 0xc5, 0x0, 0x4f, 0xfd, 0xac,
    0xff, 0x70, 0x3c, 0x30, 0x0, 0x2f, 0xf0, 0x0,
    0x0, 0x0, 0xb, 0xf2, 0x0, 0x0, 0x0, 0xc,
    0xf1, 0x0, 0x0, 0x0, 0x3f, 0xb0, 0x0, 0x0,
    0x2, 0xee, 0x20, 0x0, 0x0, 0x2e, 0xf3, 0x0,
    0x0, 0x2, 0xef, 0x30, 0x0, 0x0, 0x2e, 0xf3,
    0x0, 0x0, 0x2, 0xef, 0x30, 0x0, 0x0, 0x2e,
    0xfc, 0xaa, 0xaa, 0xa7, 0x5f, 0xff, 0xff, 0xff,
    0xfb,

    /* U+0033 "3" */
    0x5f, 0xff, 0xff, 0xff, 0xf0, 0x3a, 0xaa, 0xaa,
    0xcf, 0xc0, 0x0, 0x0, 0x1, 0xee, 0x10, 0x0,
    0x0, 0xc, 0xf3, 0x0, 0x0, 0x0, 0x9f, 0x60,
    0x0, 0x0, 0x4, 0xfe, 0x61, 0x0, 0x0, 0x5,
    0xdf, 0xff, 0x50, 0x0, 0x0, 0x0, 0x3e, 0xf2,
    0x0, 0x0, 0x0, 0x7, 0xf6, 0x0, 0x0, 0x0,
    0x6, 0xf6, 0x69, 0x10, 0x0, 0x1d, 0xf2, 0x9f,
    0xfc, 0xbc, 0xff, 0x80, 0x4, 0xae, 0xfe, 0xb5,
    0x0,

    /* U+0034 "4" */
    0x0, 0x0, 0x0, 0x4f, 0xa0, 0x0, 0x0, 0x0,
    0x1, 0xed, 0x0, 0x0, 0x0, 0x0, 0xc, 0xf2,
    0x0, 0x0, 0x0, 0x0, 0x9f, 0x50, 0x0, 0x0,
    0x0, 0x5, 0xf9, 0x0, 0x0, 0x0, 0x0, 0x2f,
    0xc0, 0x3, 0xc5, 0x0, 0x0, 0xde, 0x10, 0x4,
    0xf7, 0x0, 0xb, 0xf4, 0x0, 0x4, 0xf7, 0x0,
    0x4f, 0xff, 0xff, 0xff, 0xff, 0xfd, 0x39, 0x99,
    0x99, 0x9b, 0xfc, 0x98, 0x0, 0x0, 0x0, 0x5,
    0xf7, 0x0, 0x0, 0x0, 0x0, 0x5, 0xf7, 0x0,
    0x0, 0x0, 0x0, 0x5, 0xf7, 0x0,

    /* U+0035 "5" */
    0x2, 0xff, 0xff, 0xff, 0xf0, 0x4, 0xfc, 0xaa,
    0xaa, 0xa0, 0x5, 0xf5, 0x0, 0x0, 0x0, 0x7,
    0xf3, 0x0, 0x0, 0x0, 0x9, 0xf1, 0x0, 0x0,
    0x0, 0xa, 0xff, 0xff, 0xc7, 0x0, 0x7, 0xaa,
    0xab, 0xff, 0xc0, 0x0, 0x0, 0x0, 0xb, 0xf6,
    0x0, 0x0, 0x0, 0x3, 0xfa, 0x0, 0x0, 0x0,
    0x3, 0xfa, 0x2c, 0x20, 0x0, 0xb, 0xf6, 0x6f,
    0xfd, 0xbb, 0xef, 0xb0, 0x3, 0x9d, 0xff, 0xc7,
    0x0,

    /* U+0036 "6" */
    0x0, 0x1, 0x8d, 0xfe, 0xc6, 0x0, 0x4, 0xef,
    0xca, 0xad, 0x90, 0x1, 0xee, 0x40, 0x0, 0x0,
    0x0, 0x8f, 0x40, 0x0, 0x0, 0x0, 0xe, 0xe0,
    0x0, 0x0, 0x0, 0x0, 0xfb, 0x2a, 0xef, 0xd7,
    0x0, 0x1f, 0xdf, 0xd9, 0x9d, 0xfb, 0x1, 0xff,
    0xa0, 0x0, 0xa, 0xf5, 0xf, 0xf2, 0x0, 0x0,
    0x3f, 0x90, 0xbf, 0x20, 0x0, 0x3, 0xf8, 0x4,
    0xfa, 0x0, 0x0, 0xaf, 0x40, 0x9, 0xfd, 0x99,
    0xdf, 0xa0, 0x0, 0x5, 0xcf, 0xfc, 0x60, 0x0,

    /* U+0037 "7" */
    0x7f, 0xff, 0xff, 0xff, 0xff, 0x7, 0xfb, 0xaa,
    0xaa, 0xaf, 0xe0, 0x7f, 0x40, 0x0, 0x5, 0xf8,
    0x6, 0xf4, 0x0, 0x0, 0xcf, 0x10, 0x0, 0x0,
    0x0, 0x3f, 0xa0, 0x0, 0x0, 0x0, 0xa, 0xf3,
    0x0, 0x0, 0x0, 0x1, 0xfc, 0x0, 0x0, 0x0,
    0x0, 0x8f, 0x50, 0x0, 0x0, 0x0, 0xe, 0xe0,
    0x0, 0x0, 0x0, 0x6, 0xf7, 0x0, 0x0, 0x0,
    0x0, 0xdf, 0x10, 0x0, 0x0, 0x0, 0x4f, 0x90,
    0x0, 0x0, 0x0, 0xb, 0xf2, 0x0, 0x0, 0x0,

    /* U+0038 "8" */
    0x0, 0x2a, 0xef, 0xfc, 0x70, 0x0, 0x3f, 0xfb,
    0x89, 0xdf, 0xb0, 0xa, 0xf5, 0x0, 0x0, 0xbf,
    0x30, 0xbf, 0x10, 0x0, 0x8, 0xf4, 0x4, 0xfc,
    0x42, 0x26, 0xfd, 0x0, 0x6, 0xff, 0xff, 0xfe,
    0x10, 0x5, 0xfe, 0x85, 0x6a, 0xfd, 0x10, 0xee,
    0x10, 0x0, 0x7, 0xf8, 0x2f, 0xa0, 0x0, 0x0,
    0x1f, 0xb2, 0xfb, 0x0, 0x0, 0x2, 0xfb, 0xd,
    0xf4, 0x0, 0x0, 0xaf, 0x70, 0x3f, 0xfb, 0x89,
    0xdf, 0xc0, 0x0, 0x29, 0xdf, 0xfc, 0x60, 0x0,

    /* U+0039 "9" */
    0x0, 0x6c, 0xff, 0xc6, 0x0, 0x0, 0xaf, 0xd9,
    0x8c, 0xfa, 0x0, 0x3f, 0xb0, 0x0, 0x7, 0xf6,
    0x7, 0xf5, 0x0, 0x0, 0xf, 0xd0, 0x6f, 0x60,
    0x0, 0x2, 0xff, 0x11, 0xff, 0x51, 0x4, 0xdf,
    0xf2, 0x4, 0xef, 0xff, 0xfb, 0x9f, 0x30, 0x0,
    0x57, 0x73, 0xa, 0xf1, 0x0, 0x0, 0x0, 0x0,
    0xdf, 0x0, 0x0, 0x0, 0x0, 0x4f, 0xa0, 0x0,
    0x0, 0x0, 0x3e, 0xf2, 0x0, 0x8e, 0xba, 0xcf,
    0xf5, 0x0, 0x5, 0xbe, 0xfd, 0x92, 0x0, 0x0,

    /* U+003A ":" */
    0xc, 0xd0, 0x1f, 0xf2, 0x5, 0x60, 0x0, 0x0,
    0x0, 0x0, 0x0, 0x0, 0x0, 0x0, 0x5, 0x60,
    0x1f, 0xf2, 0xc, 0xd0,

    /* U+003B ";" */
    0xc, 0xd0, 0x1f, 0xf2, 0x5, 0x60, 0x0, 0x0,
    0x0, 0x0, 0x0, 0x0, 0x0, 0x0, 0x1, 0x10,
    0xe, 0xf1, 0xf, 0xf2, 0x7, 0xe0, 0xb, 0x90,
    0xe, 0x40,

    /* U+003C "<" */
    0x0, 0x0, 0x0, 0x5, 0x20, 0x0, 0x1, 0x8e,
    0xf4, 0x0, 0x4b, 0xff, 0x93, 0x6, 0xdf, 0xc6,
    0x0, 0x0, 0xcf, 0x80, 0x0, 0x0, 0x5, 0xcf,
    0xe7, 0x10, 0x0, 0x0, 0x39, 0xff, 0xb4, 0x0,
    0x0, 0x1, 0x6d, 0xf4, 0x0, 0x0, 0x0, 0x4,
    0x20,

    /* U+003D "=" */
    0xcf, 0xff, 0xff, 0xff, 0x46, 0x77, 0x77, 0x77,
    0x72, 0x0, 0x0, 0x0, 0x0, 0x0, 0x0, 0x0,
    0x0, 0x0, 0x12, 0x22, 0x22, 0x22, 0xc, 0xff,
    0xff, 0xff, 0xf4, 0x45, 0x55, 0x55, 0x55, 0x10,

    /* U+003E ">" */
    0x62, 0x0, 0x0, 0x0, 0xc, 0xfb, 0x40, 0x0,
    0x0, 0x6, 0xcf, 0xe7, 0x10, 0x0, 0x0, 0x39,
    0xff, 0xa1, 0x0, 0x0, 0x2, 0xdf, 0x40, 0x0,
    0x4b, 0xff, 0x91, 0x18, 0xef, 0xc6, 0x0, 0xc,
    0xfa, 0x30, 0x0, 0x0, 0x51, 0x0, 0x0, 0x0,
    0x0,

    /* U+003F "?" */
    0x2, 0x9d, 0xfe, 0xc5, 0x0, 0x4f, 0xfb, 0x9b,
    0xff, 0x80, 0x4c, 0x20, 0x0, 0x2f, 0xf0, 0x0,
    0x0, 0x0, 0xc, 0xf0, 0x0, 0x0, 0x0, 0x1f,
    0xc0, 0x0, 0x0, 0x1, 0xcf, 0x30, 0x0, 0x0,
    0x1d, 0xf4, 0x0, 0x0, 0x0, 0x9f, 0x50, 0x0,
    0x0, 0x0, 0xac, 0x0, 0x0, 0x0, 0x0, 0x0,
    0x0, 0x0, 0x0, 0x0, 0x33, 0x0, 0x0, 0x0,
    0x1, 0xff, 0x10, 0x0, 0x0, 0x0, 0xcd, 0x0,
    0x0,

    /* U+0040 "@" */
    0x0, 0x0, 0x2, 0x9d, 0xff, 0xec, 0x71, 0x0,
    0x0, 0x0, 0x0, 0x9f, 0xc7, 0x54, 0x58, 0xdf,
    0x60, 0x0, 0x0, 0xc, 0xe4, 0x0, 0x0, 0x0,
    0x6, 0xf9, 0x0, 0x0, 0xae, 0x10, 0x3b, 0xef,
    0xb2, 0xbd, 0x3f, 0x60, 0x4, 0xf4, 0x4, 0xfe,
    0x97, 0xcf, 0xed, 0x6, 0xe0, 0xa, 0xc0, 0xe,
    0xe1, 0x0, 0x8, 0xfd, 0x0, 0xe5, 0xe, 0x60,
    0x4f, 0x60, 0x0, 0x0, 0xfd, 0x0, 0xa9, 0x1f,
    0x40, 0x6f, 0x30, 0x0, 0x0, 0xcd, 0x0, 0x8b,
    0x2f, 0x30, 0x6f, 0x30, 0x0, 0x0, 0xcd, 0x0,
    0x8b, 0x1f, 0x40, 0x3f, 0x60, 0x0, 0x0, 0xfd,
    0x0, 0x99, 0xe, 0x60, 0xe, 0xe1, 0x0, 0x8,
    0xfe, 0x0, 0xe5, 0xa, 0xc0, 0x4, 0xfe, 0x87,
    0xbf, 0xaf, 0x9b, 0xe0, 0x4, 0xf4, 0x0, 0x3b,
    0xff, 0xb3, 0x1b, 0xfc, 0x30, 0x0, 0x9e, 0x10,
    0x0, 0x0, 0x0, 0x0, 0x0, 0x0, 0x0, 0xc,
    0xe4, 0x0, 0x0, 0x0, 0x0, 0x0, 0x0, 0x0,
    0x0, 0x9f, 0xc7, 0x54, 0x6a, 0xe0, 0x0, 0x0,
    0x0, 0x0, 0x3, 0x9d, 0xff, 0xdb, 0x50, 0x0,
    0x0,

    /* U+0041 "A" */
    0x0, 0x0, 0x0, 0x8f, 0xa0, 0x0, 0x0, 0x0,
    0x0, 0x0, 0xe, 0xff, 0x20, 0x0, 0x0, 0x0,
    0x0, 0x6, 0xf6, 0xf9, 0x0, 0x0, 0x0, 0x0,
    0x0, 0xdd, 0xb, 0xf0, 0x0, 0x0, 0x0, 0x0,
    0x4f, 0x60, 0x4f, 0x70, 0x0, 0x0, 0x0, 0xb,
    0xe0, 0x0, 0xdd, 0x0, 0x0, 0x0, 0x2, 0xf8,
    0x0, 0x6, 0xf5, 0x0, 0x0, 0x0, 0x9f, 0x10,
    0x0, 0xe, 0xc0, 0x0, 0x0, 0x1f, 0xff, 0xff,
    0xff, 0xff, 0x30, 0x0, 0x7, 0xf8, 0x88, 0x88,
    0x88, 0xfa, 0x0, 0x0, 0xed, 0x0, 0x0, 0x0,
    0xb, 0xf1, 0x0, 0x5f, 0x60, 0x0, 0x0, 0x0,
    0x4f, 0x80, 0xc, 0xf1, 0x0, 0x0, 0x0, 0x0,
    0xee, 0x0,

    /* U+0042 "B" */
    0x1f, 0xff, 0xff, 0xfe, 0xb4, 0x0, 0x1f, 0xd8,
    0x88, 0x8a, 0xff, 0x70, 0x1f, 0xb0, 0x0, 0x0,
    0x2f, 0xf0, 0x1f, 0xb0, 0x0, 0x0, 0xc, 0xf0,
    0x1f, 0xb0, 0x0, 0x0, 0x2f, 0xc0, 0x1f, 0xd8,
    0x88, 0x8a, 0xfe, 0x30, 0x1f, 0xff, 0xff, 0xff,
    0xfd, 0x40, 0x1f, 0xb0, 0x0, 0x1, 0x4d, 0xf3,
    0x1f, 0xb0, 0x0, 0x0, 0x4, 0xf9, 0x1f, 0xb0,
    0x0, 0x0, 0x2, 0xfb, 0x1f, 0xb0, 0x0, 0x0,
    0x8, 0xf8, 0x1f, 0xd8, 0x88, 0x89, 0xcf, 0xe1,
    0x1f, 0xff, 0xff, 0xff, 0xd9, 0x10,

    /* U+0043 "C" */
    0x0, 0x0, 0x4a, 0xef, 0xeb, 0x50, 0x0, 0x1,
    0xbf, 0xfc, 0xac, 0xff, 0xb0, 0x0, 0xbf, 0xb2,
    0x0, 0x1, 0x9c, 0x0, 0x6f, 0xb0, 0x0, 0x0,
    0x0, 0x0, 0xd, 0xf1, 0x0, 0x0, 0x0, 0x0,
    0x0, 0xfc, 0x0, 0x0, 0x0, 0x0, 0x0, 0x1f,
    0xa0, 0x0, 0x0, 0x0, 0x0, 0x0, 0xfc, 0x0,
    0x0, 0x0, 0x0, 0x0, 0xd, 0xf1, 0x0, 0x0,
    0x0, 0x0, 0x0, 0x6f, 0xb0, 0x0, 0x0, 0x0,
    0x0, 0x0, 0xbf, 0xb2, 0x0, 0x1, 0xac, 0x10,
    0x1, 0xbf, 0xfc, 0xbc, 0xff, 0xb0, 0x0, 0x0,
    0x4b, 0xef, 0xeb, 0x50, 0x0,

    /* U+0044 "D" */
    0x1f, 0xff, 0xff, 0xfd, 0xa4, 0x0, 0x1, 0xfe,
    0xaa, 0xaa, 0xcf, 0xfa, 0x0, 0x1f, 0xb0, 0x0,
    0x0, 0x2b, 0xfa, 0x1, 0xfb, 0x0, 0x0, 0x0,
    0xc, 0xf4, 0x1f, 0xb0, 0x0, 0x0, 0x0, 0x3f,
    0xb1, 0xfb, 0x0, 0x0, 0x0, 0x0, 0xee, 0x1f,
    0xb0, 0x0, 0x0, 0x0, 0xd, 0xf1, 0xfb, 0x0,
    0x0, 0x0, 0x0, 0xee, 0x1f, 0xb0, 0x0, 0x0,
    0x0, 0x3f, 0xb1, 0xfb, 0x0, 0x0, 0x0, 0xc,
    0xf4, 0x1f, 0xb0, 0x0, 0x0, 0x2b, 0xfa, 0x1,
    0xfe, 0xaa, 0xaa, 0xcf, 0xfa, 0x0, 0x1f, 0xff,
    0xff, 0xfd, 0xa4, 0x0, 0x0,

    /* U+0045 "E" */
    0x1f, 0xff, 0xff, 0xff, 0xfc, 0x1, 0xfe, 0xaa,
    0xaa, 0xaa, 0x70, 0x1f, 0xb0, 0x0, 0x0, 0x0,
    0x1, 0xfb, 0x0, 0x0, 0x0, 0x0, 0x1f, 0xb0,
    0x0, 0x0, 0x0, 0x1, 0xfd, 0x99, 0x99, 0x99,
    0x0, 0x1f, 0xff, 0xff, 0xff, 0xf0, 0x1, 0xfb,
    0x0, 0x0, 0x0, 0x0, 0x1f, 0xb0, 0x0, 0x0,
    0x0, 0x1, 0xfb, 0x0, 0x0, 0x0, 0x0, 0x1f,
    0xb0, 0x0, 0x0, 0x0, 0x1, 0xfe, 0xaa, 0xaa,
    0xaa, 0xa0, 0x1f, 0xff, 0xff, 0xff, 0xff, 0x0,

    /* U+0046 "F" */
    0x1f, 0xff, 0xff, 0xff, 0xfc, 0x1f, 0xea, 0xaa,
    0xaa, 0xa7, 0x1f, 0xb0, 0x0, 0x0, 0x0, 0x1f,
    0xb0, 0x0, 0x0, 0x0, 0x1f, 0xb0, 0x0, 0x0,
    0x0, 0x1f, 0xb0, 0x0, 0x0, 0x0, 0x1f, 0xff,
    0xff, 0xff, 0xf0, 0x1f, 0xe9, 0x99, 0x99, 0x90,
    0x1f, 0xb0, 0x0, 0x0, 0x0, 0x1f, 0xb0, 0x0,
    0x0, 0x0, 0x1f, 0xb0, 0x0, 0x0, 0x0, 0x1f,
    0xb0, 0x0, 0x0, 0x0, 0x1f, 0xb0, 0x0, 0x0,
    0x0,

    /* U+0047 "G" */
    0x0, 0x0, 0x4a, 0xdf, 0xeb, 0x60, 0x0, 0x1,
    0xbf, 0xfc, 0xbb, 0xff, 0xc1, 0x0, 0xbf, 0xb2,
    0x0, 0x0, 0x7d, 0x10, 0x6f, 0xb0, 0x0, 0x0,
    0x0, 0x0, 0xd, 0xf1, 0x0, 0x0, 0x0, 0x0,
    0x0, 0xfc, 0x0, 0x0, 0x0, 0x0, 0x0, 0x1f,
    0xa0, 0x0, 0x0, 0x0, 0x39, 0x30, 0xfc, 0x0,
    0x0, 0x0, 0x6, 0xf5, 0xc, 0xf1, 0x0, 0x0,
    0x0, 0x6f, 0x50, 0x6f, 0xb0, 0x0, 0x0, 0x6,
    0xf5, 0x0, 0xbf, 0xb2, 0x0, 0x0, 0x9f, 0x50,
    0x0, 0xaf, 0xfd, 0xbc, 0xff, 0xd2, 0x0, 0x0,
    0x4a, 0xef, 0xeb, 0x60, 0x0,

    /* U+0048 "H" */
    0x1f, 0xb0, 0x0, 0x0, 0x1, 0xfb, 0x1f, 0xb0,
    0x0, 0x0, 0x1, 0xfb, 0x1f, 0xb0, 0x0, 0x0,
    0x1, 0xfb, 0x1f, 0xb0, 0x0, 0x0, 0x1, 0xfb,
    0x1f, 0xb0, 0x0, 0x0, 0x1, 0xfb, 0x1f, 0xea,
    0xaa, 0xaa, 0xaa, 0xfb, 0x1f, 0xff, 0xff, 0xff,
    0xff, 0xfb, 0x1f, 0xb0, 0x0, 0x0, 0x1, 0xfb,
    0x1f, 0xb0, 0x0, 0x0, 0x1, 0xfb, 0x1f, 0xb0,
    0x0, 0x0, 0x1, 0xfb, 0x1f, 0xb0, 0x0, 0x0,
    0x1, 0xfb, 0x1f, 0xb0, 0x0, 0x0, 0x1, 0xfb,
    0x1f, 0xb0, 0x0, 0x0, 0x1, 0xfb,

    /* U+0049 "I" */
    0x1f, 0xb1, 0xfb, 0x1f, 0xb1, 0xfb, 0x1f, 0xb1,
    0xfb, 0x1f, 0xb1, 0xfb, 0x1f, 0xb1, 0xfb, 0x1f,
    0xb1, 0xfb, 0x1f, 0xb0,

    /* U+004A "J" */
    0x0, 0xef, 0xff, 0xff, 0x70, 0x8, 0xaa, 0xab,
    0xf7, 0x0, 0x0, 0x0, 0x5f, 0x70, 0x0, 0x0,
    0x5, 0xf7, 0x0, 0x0, 0x0, 0x5f, 0x70, 0x0,
    0x0, 0x5, 0xf7, 0x0, 0x0, 0x0, 0x5f, 0x70,
    0x0, 0x0, 0x5, 0xf7, 0x0, 0x0, 0x0, 0x5f,
    0x70, 0x0, 0x0, 0x6, 0xf6, 0xa, 0x70, 0x0,
    0xcf, 0x30, 0xcf, 0xda, 0xdf, 0xc0, 0x0, 0x8d,
    0xfe, 0x90, 0x0,

    /* U+004B "K" */
    0x1f, 0xb0, 0x0, 0x0, 0x1d, 0xe2, 0x1f, 0xb0,
    0x0, 0x1, 0xdf, 0x30, 0x1f, 0xb0, 0x0, 0xc,
    0xf4, 0x0, 0x1f, 0xb0, 0x0, 0xbf, 0x50, 0x0,
    0x1f, 0xb0, 0xb, 0xf7, 0x0, 0x0, 0x1f, 0xb0,
    0xaf, 0x80, 0x0, 0x0, 0x1f, 0xb9, 0xff, 0xb0,
    0x0, 0x0, 0x1f, 0xff, 0xbb, 0xf8, 0x0, 0x0,
    0x1f, 0xfb, 0x1, 0xdf, 0x50, 0x0, 0x1f, 0xd0,
    0x0, 0x2f, 0xf2, 0x0, 0x1f, 0xb0, 0x0, 0x4,
    0xfd, 0x10, 0x1f, 0xb0, 0x0, 0x0, 0x7f, 0xb0,
    0x1f, 0xb0, 0x0, 0x0, 0x9, 0xf8,

    /* U+004C "L" */
    0x1f, 0xb0, 0x0, 0x0, 0x0, 0x1f, 0xb0, 0x0,
    0x0, 0x0, 0x1f, 0xb0, 0x0, 0x0, 0x0, 0x1f,
    0xb0, 0x0, 0x0, 0x0, 0x1f, 0xb0, 0x0, 0x0,
    0x0, 0x1f, 0xb0, 0x0, 0x0, 0x0, 0x1f, 0xb0,
    0x0, 0x0, 0x0, 0x1f, 0xb0, 0x0, 0x0, 0x0,
    0x1f, 0xb0, 0x0, 0x0, 0x0, 0x1f, 0xb0, 0x0,
    0x0, 0x0, 0x1f, 0xb0, 0x0, 0x0, 0x0, 0x1f,
    0xea, 0xaa, 0xaa, 0xa5, 0x1f, 0xff, 0xff, 0xff,
    0xf8,

    /* U+004D "M" */
    0x1f, 0xa0, 0x0, 0x0, 0x0, 0x0, 0x7f, 0x41,
    0xff, 0x30, 0x0, 0x0, 0x0, 0x1f, 0xf4, 0x1f,
    0xfc, 0x0, 0x0, 0x0, 0x9, 0xff, 0x41, 0xff,
    0xf5, 0x0, 0x0, 0x2, 0xfe, 0xf4, 0x1f, 0xad,
    0xe0, 0x0, 0x0, 0xbe, 0x8f, 0x41, 0xfa, 0x4f,
    0x80, 0x0, 0x4f, 0x67, 0xf4, 0x1f, 0xa0, 0xaf,
    0x20, 0xd, 0xd0, 0x7f, 0x41, 0xfa, 0x2, 0xfa,
    0x7, 0xf4, 0x7, 0xf4, 0x1f, 0xa0, 0x8, 0xf5,
    0xea, 0x0, 0x7f, 0x41, 0xfa, 0x0, 0xe, 0xff,
    0x20, 0x6, 0xf4, 0x1f, 0xa0, 0x0, 0x5f, 0x80,
    0x0, 0x6f, 0x41, 0xfa, 0x0, 0x0, 0x60, 0x0,
    0x6, 0xf4, 0x1f, 0xa0, 0x0, 0x0, 0x0, 0x0,
    0x6f, 0x40,

    /* U+004E "N" */
    0x1f, 0xb0, 0x0, 0x0, 0x1, 0xfb, 0x1f, 0xf8,
    0x0, 0x0, 0x1, 0xfb, 0x1f, 0xff, 0x50, 0x0,
    0x1, 0xfb, 0x1f, 0xdf, 0xf2, 0x0, 0x1, 0xfb,
    0x1f, 0xb6, 0xfd, 0x0, 0x1, 0xfb, 0x1f, 0xb0,
    0x9f, 0xa0, 0x1, 0xfb, 0x1f, 0xb0, 0xc, 0xf6,
    0x1, 0xfb, 0x1f, 0xb0, 0x1, 0xef, 0x31, 0xfb,
    0x1f, 0xb0, 0x0, 0x4f, 0xe2, 0xfb, 0x1f, 0xb0,
    0x0, 0x7, 0xfd, 0xfb, 0x1f, 0xb0, 0x0, 0x0,
    0xbf, 0xfb, 0x1f, 0xb0, 0x0, 0x0, 0x1d, 0xfb,
    0x1f, 0xb0, 0x0, 0x0, 0x2, 0xfb,

    /* U+004F "O" */
    0x0, 0x0, 0x4a, 0xdf, 0xeb, 0x50, 0x0, 0x0,
    0x0, 0xaf, 0xfc, 0xbc, 0xff, 0xc1, 0x0, 0x0,
    0xbf, 0xb2, 0x0, 0x1, 0xaf, 0xd0, 0x0, 0x6f,
    0xb0, 0x0, 0x0, 0x0, 0x9f, 0x80, 0xc, 0xf1,
    0x0, 0x0, 0x0, 0x0, 0xfe, 0x0, 0xfc, 0x0,
    0x0, 0x0, 0x0, 0xa, 0xf2, 0x1f, 0xa0, 0x0,
    0x0, 0x0, 0x0, 0x9f, 0x30, 0xfc, 0x0, 0x0,
    0x0, 0x0, 0xa, 0xf2, 0xc, 0xf1, 0x0, 0x0,
    0x0, 0x0, 0xfe, 0x0, 0x6f, 0xb0, 0x0, 0x0,
    0x0, 0x9f, 0x80, 0x0, 0xbf, 0xb2, 0x0, 0x1,
    0xaf, 0xd0, 0x0, 0x0, 0xaf, 0xfc, 0xbc, 0xff,
    0xc1, 0x0, 0x0, 0x0, 0x4a, 0xef, 0xeb, 0x50,
    0x0, 0x0,

    /* U+0050 "P" */
    0x1f, 0xff, 0xff, 0xfc, 0x70, 0x0, 0x1f, 0xea,
    0xaa, 0xbe, 0xfd, 0x10, 0x1f, 0xb0, 0x0, 0x0,
    0x9f, 0x90, 0x1f, 0xb0, 0x0, 0x0, 0xe, 0xf0,
    0x1f, 0xb0, 0x0, 0x0, 0xc, 0xf0, 0x1f, 0xb0,
    0x0, 0x0, 0xe, 0xf0, 0x1f, 0xb0, 0x0, 0x0,
    0x9f, 0x90, 0x1f, 0xea, 0xaa, 0xbe, 0xfd, 0x10,
    0x1f, 0xff, 0xff, 0xfc, 0x70, 0x0, 0x1f, 0xb0,
    0x0, 0x0, 0x0, 0x0, 0x1f, 0xb0, 0x0, 0x0,
    0x0, 0x0, 0x1f, 0xb0, 0x0, 0x0, 0x0, 0x0,
    0x1f, 0xb0, 0x0, 0x0, 0x0, 0x0,

    /* U+0051 "Q" */
    0x0, 0x0, 0x4a, 0xdf, 0xeb, 0x50, 0x0, 0x0,
    0x0, 0xaf, 0xfc, 0xbc, 0xff, 0xc1, 0x0, 0x0,
    0xbf, 0xb2, 0x0, 0x1, 0xaf, 0xd0, 0x0, 0x6f,
    0xb0, 0x0, 0x0, 0x0, 0x9f, 0x80, 0xc, 0xf1,
    0x0, 0x0, 0x0, 0x0, 0xfe, 0x0, 0xfc, 0x0,
    0x0, 0x0, 0x0, 0xa, 0xf1, 0x1f, 0xa0, 0x0,
    0x0, 0x0, 0x0, 0x9f, 0x30, 0xfc, 0x0, 0x0,
    0x0, 0x0, 0xa, 0xf2, 0xd, 0xf1, 0x0, 0x0,
    0x0, 0x0, 0xfe, 0x0, 0x7f, 0xa0, 0x0, 0x0,
    0x0, 0x8f, 0x80, 0x0, 0xcf, 0xa1, 0x0, 0x0,
    0x9f, 0xd0, 0x0, 0x1, 0xcf, 0xfb, 0xab, 0xff,
    0xd1, 0x0, 0x0, 0x0, 0x6c, 0xef, 0xfd, 0x60,
    0x0, 0x0, 0x0, 0x0, 0x0, 0x5f, 0xe6, 0x34,
    0xa7, 0x0, 0x0, 0x0, 0x0, 0x3c, 0xff, 0xfe,
    0x40, 0x0, 0x0, 0x0, 0x0, 0x2, 0x43, 0x0,

    /* U+0052 "R" */
    0x1f, 0xff, 0xff, 0xfc, 0x70, 0x0, 0x1f, 0xea,
    0xaa, 0xbe, 0xfd, 0x10, 0x1f, 0xb0, 0x0, 0x0,
    0x9f, 0x90, 0x1f, 0xb0, 0x0, 0x0, 0xe, 0xf0,
    0x1f, 0xb0, 0x0, 0x0, 0xc, 0xf0, 0x1f, 0xb0,
    0x0, 0x0, 0xe, 0xe0, 0x1f, 0xb0, 0x0, 0x0,
    0x9f, 0x90, 0x1f, 0xd9, 0x99, 0xae, 0xfd, 0x10,
    0x1f, 0xff, 0xff, 0xff, 0xa0, 0x0, 0x1f, 0xb0,
    0x0, 0x1f, 0xd0, 0x0, 0x1f, 0xb0, 0x0, 0x6,
    0xf9, 0x0, 0x1f, 0xb0, 0x0, 0x0, 0xbf, 0x40,
    0x1f, 0xb0, 0x0, 0x0, 0x1e, 0xe0,

    /* U+0053 "S" */
    0x0, 0x29, 0xdf, 0xfd, 0x81, 0x0, 0x3f, 0xfc,
    0x9a, 0xdf, 0xc0, 0xb, 0xf4, 0x0, 0x0, 0x23,
    0x0, 0xed, 0x0, 0x0, 0x0, 0x0, 0xc, 0xf3,
    0x0, 0x0, 0x0, 0x0, 0x5f, 0xfa, 0x61, 0x0,
    0x0, 0x0, 0x3b, 0xff, 0xfd, 0x70, 0x0, 0x0,
    0x0, 0x48, 0xef, 0xb0, 0x0, 0x0, 0x0, 0x0,
    0xbf, 0x40, 0x0, 0x0, 0x0, 0x6, 0xf6, 0xb,
    0x50, 0x0, 0x0, 0xcf, 0x31, 0xdf, 0xeb, 0x9a,
    0xef, 0x90, 0x0, 0x6b, 0xef, 0xeb, 0x50, 0x0,

    /* U+0054 "T" */
    0xef, 0xff, 0xff, 0xff, 0xff, 0x89, 0xaa, 0xad,
    0xfb, 0xaa, 0xa5, 0x0, 0x0, 0x9f, 0x20, 0x0,
    0x0, 0x0, 0x9, 0xf2, 0x0, 0x0, 0x0, 0x0,
    0x9f, 0x20, 0x0, 0x0, 0x0, 0x9, 0xf2, 0x0,
    0x0, 0x0, 0x0, 0x9f, 0x20, 0x0, 0x0, 0x0,
    0x9, 0xf2, 0x0, 0x0, 0x0, 0x0, 0x9f, 0x20,
    0x0, 0x0, 0x0, 0x9, 0xf2, 0x0, 0x0, 0x0,
    0x0, 0x9f, 0x20, 0x0, 0x0, 0x0, 0x9, 0xf2,
    0x0, 0x0, 0x0, 0x0, 0x9f, 0x20, 0x0, 0x0,

    /* U+0055 "U" */
    0x3f, 0x90, 0x0, 0x0, 0x5, 0xf7, 0x3f, 0x90,
    0x0, 0x0, 0x5, 0xf7, 0x3f, 0x90, 0x0, 0x0,
    0x5, 0xf7, 0x3f, 0x90, 0x0, 0x0, 0x5, 0xf7,
    0x3f, 0x90, 0x0, 0x0, 0x5, 0xf7, 0x3f, 0x90,
    0x0, 0x0, 0x5, 0xf7, 0x3f, 0x90, 0x0, 0x0,
    0x5, 0xf7, 0x3f, 0x90, 0x0, 0x0, 0x5, 0xf6,
    0x2f, 0xb0, 0x0, 0x0, 0x7, 0xf5, 0xe, 0xf0,
    0x0, 0x0, 0xb, 0xf2, 0x8, 0xfa, 0x0, 0x0,
    0x7f, 0xb0, 0x0, 0xcf, 0xfb, 0xbe, 0xfe, 0x20,
    0x0, 0x7, 0xcf, 0xfd, 0x81, 0x0,

    /* U+0056 "V" */
    0xc, 0xf2, 0x0, 0x0, 0x0, 0x2, 0xf9, 0x6,
    0xf8, 0x0, 0x0, 0x0, 0x9, 0xf3, 0x0, 0xef,
    0x0, 0x0, 0x0, 0x1f, 0xc0, 0x0, 0x8f, 0x60,
    0x0, 0x0, 0x7f, 0x50, 0x0, 0x1f, 0xd0, 0x0,
    0x0, 0xee, 0x0, 0x0, 0xa, 0xf4, 0x0, 0x5,
    0xf7, 0x0, 0x0, 0x3, 0xfb, 0x0, 0xc, 0xf1,
    0x0, 0x0, 0x0, 0xdf, 0x20, 0x2f, 0xa0, 0x0,
    0x0, 0x0, 0x6f, 0x80, 0x9f, 0x30, 0x0, 0x0,
    0x0, 0xe, 0xe1, 0xfc, 0x0, 0x0, 0x0, 0x0,
    0x8, 0xfc, 0xf5, 0x0, 0x0, 0x0, 0x0, 0x1,
    0xff, 0xe0, 0x0, 0x0, 0x0, 0x0, 0x0, 0xaf,
    0x80, 0x0, 0x0,

    /* U+0057 "W" */
    0x4f, 0x90, 0x0, 0x0, 0xc, 0xf3, 0x0, 0x0,
    0x2, 0xf8, 0xe, 0xe0, 0x0, 0x0, 0x2f, 0xf8,
    0x0, 0x0, 0x8, 0xf3, 0x9, 0xf3, 0x0, 0x0,
    0x7f, 0xfd, 0x0, 0x0, 0xd, 0xe0, 0x4, 0xf8,
    0x0, 0x0, 0xcd, 0x8f, 0x20, 0x0, 0x2f, 0x80,
    0x0, 0xfe, 0x0, 0x2, 0xf8, 0x3f, 0x80, 0x0,
    0x7f, 0x30, 0x0, 0xaf, 0x30, 0x7, 0xf3, 0xe,
    0xd0, 0x0, 0xde, 0x0, 0x0, 0x5f, 0x80, 0xc,
    0xd0, 0x8, 0xf2, 0x2, 0xf9, 0x0, 0x0, 0xf,
    0xd0, 0x2f, 0x80, 0x3, 0xf7, 0x7, 0xf4, 0x0,
    0x0, 0xa, 0xf2, 0x7f, 0x30, 0x0, 0xed, 0xc,
    0xe0, 0x0, 0x0, 0x5, 0xf7, 0xde, 0x0, 0x0,
    0x9f, 0x4f, 0x90, 0x0, 0x0, 0x0, 0xfe, 0xf8,
    0x0, 0x0, 0x3f, 0xdf, 0x40, 0x0, 0x0, 0x0,
    0xbf, 0xf3, 0x0, 0x0, 0xe, 0xff, 0x0, 0x0,
    0x0, 0x0, 0x6f, 0xe0, 0x0, 0x0, 0x9, 0xfa,
    0x0, 0x0,

    /* U+0058 "X" */
    0x2f, 0xd0, 0x0, 0x0, 0xb, 0xf3, 0x6, 0xfa,
    0x0, 0x0, 0x7f, 0x70, 0x0, 0xbf, 0x50, 0x2,
    0xfc, 0x0, 0x0, 0x1e, 0xe1, 0xd, 0xf2, 0x0,
    0x0, 0x5, 0xfb, 0x8f, 0x50, 0x0, 0x0, 0x0,
    0x9f, 0xfa, 0x0, 0x0, 0x0, 0x0, 0x3f, 0xf5,
    0x0, 0x0, 0x0, 0x0, 0xdf, 0xfe, 0x10, 0x0,
    0x0, 0x9, 0xf6, 0x5f, 0xa0, 0x0, 0x0, 0x4f,
    0xb0, 0xa, 0xf6, 0x0, 0x1, 0xee, 0x10, 0x1,
    0xef, 0x20, 0xb, 0xf5, 0x0, 0x0, 0x4f, 0xc0,
    0x6f, 0xa0, 0x0, 0x0, 0x8, 0xf8,

    /* U+0059 "Y" */
    0xc, 0xf2, 0x0, 0x0, 0x0, 0x5f, 0x60, 0x3f,
    0xb0, 0x0, 0x0, 0xe, 0xd0, 0x0, 0x9f, 0x50,
    0x0, 0x8, 0xf3, 0x0, 0x1, 0xee, 0x0, 0x2,
    0xfa, 0x0, 0x0, 0x6, 0xf8, 0x0, 0xbf, 0x10,
    0x0, 0x0, 0xc, 0xf1, 0x4f, 0x70, 0x0, 0x0,
    0x0, 0x3f, 0xbd, 0xd0, 0x0, 0x0, 0x0, 0x0,
    0xaf, 0xf4, 0x0, 0x0, 0x0, 0x0, 0x2, 0xfc,
    0x0, 0x0, 0x0, 0x0, 0x0, 0x1f, 0xb0, 0x0,
    0x0, 0x0, 0x0, 0x1, 0xfb, 0x0, 0x0, 0x0,
    0x0, 0x0, 0x1f, 0xb0, 0x0, 0x0, 0x0, 0x0,
    0x1, 0xfb, 0x0, 0x0, 0x0,

    /* U+005A "Z" */
    0x1f, 0xff, 0xff, 0xff, 0xff, 0xf1, 0xa, 0xaa,
    0xaa, 0xaa, 0xcf, 0xd0, 0x0, 0x0, 0x0, 0x1,
    0xef, 0x20, 0x0, 0x0, 0x0, 0xc, 0xf5, 0x0,
    0x0, 0x0, 0x0, 0x9f, 0x80, 0x0, 0x0, 0x0,
    0x5, 0xfb, 0x0, 0x0, 0x0, 0x0, 0x2f, 0xe1,
    0x0, 0x0, 0x0, 0x0, 0xdf, 0x30, 0x0, 0x0,
    0x0, 0xa, 0xf6, 0x0, 0x0, 0x0, 0x0, 0x7f,
    0xa0, 0x0, 0x0, 0x0, 0x4, 0xfd, 0x0, 0x0,
    0x0, 0x0, 0x1e, 0xfb, 0xaa, 0xaa, 0xaa, 0xa2,
    0x3f, 0xff, 0xff, 0xff, 0xff, 0xf4,

    /* U+005B "[" */
    0x1f, 0xff, 0xa1, 0xfc, 0x74, 0x1f, 0xa0, 0x1,
    0xfa, 0x0, 0x1f, 0xa0, 0x1, 0xfa, 0x0, 0x1f,
    0xa0, 0x1, 0xfa, 0x0, 0x1f, 0xa0, 0x1, 0xfa,
    0x0, 0x1f, 0xa0, 0x1, 0xfa, 0x0, 0x1f, 0xa0,
    0x1, 0xfa, 0x0, 0x1f, 0xa0, 0x1, 0xfa, 0x0,
    0x1f, 0xc7, 0x41, 0xff, 0xfa,

    /* U+005C "\\" */
    0x47, 0x0, 0x0, 0x0, 0x5f, 0x30, 0x0, 0x0,
    0xf, 0x80, 0x0, 0x0, 0xa, 0xe0, 0x0, 0x0,
    0x5, 0xf3, 0x0, 0x0, 0x0, 0xf9, 0x0, 0x0,
    0x0, 0xae, 0x0, 0x0, 0x0, 0x5f, 0x40, 0x0,
    0x0, 0xf, 0x90, 0x0, 0x0, 0xa, 0xe0, 0x0,
    0x0, 0x4, 0xf4, 0x0, 0x0, 0x0, 0xe9, 0x0,
    0x0, 0x0, 0x9e, 0x0, 0x0, 0x0, 0x4f, 0x40,
    0x0, 0x0, 0xe, 0xa0, 0x0, 0x0, 0x9, 0xf0,
    0x0, 0x0, 0x4, 0xf5, 0x0, 0x0, 0x0, 0xea,

    /* U+005D "]" */
    0xaf, 0xff, 0x14, 0x7c, 0xf1, 0x0, 0xaf, 0x10,
    0xa, 0xf1, 0x0, 0xaf, 0x10, 0xa, 0xf1, 0x0,
    0xaf, 0x10, 0xa, 0xf1, 0x0, 0xaf, 0x10, 0xa,
    0xf1, 0x0, 0xaf, 0x10, 0xa, 0xf1, 0x0, 0xaf,
    0x10, 0xa, 0xf1, 0x0, 0xaf, 0x10, 0xa, 0xf1,
    0x47, 0xcf, 0x1a, 0xff, 0xf1,

    /* U+005E "^" */
    0x0, 0xa, 0xf2, 0x0, 0x0, 0x1, 0xfe, 0x80,
    0x0, 0x0, 0x7d, 0x5e, 0x0, 0x0, 0xd, 0x70,
    0xf5, 0x0, 0x4, 0xf1, 0x9, 0xc0, 0x0, 0xab,
    0x0, 0x3f, 0x20, 0x1f, 0x50, 0x0, 0xd8, 0x7,
    0xe0, 0x0, 0x6, 0xe0,

    /* U+005F "_" */
    0xff, 0xff, 0xff, 0xff, 0xf2, 0x22, 0x22, 0x22,
    0x22,

    /* U+0060 "`" */
    0x48, 0x40, 0x0, 0xaf, 0x40, 0x0, 0x7f, 0x40,

    /* U+0061 "a" */
    0x1, 0x7c, 0xff, 0xd6, 0x0, 0x9, 0xfc, 0x99,
    0xef, 0x80, 0x1, 0x30, 0x0, 0xd, 0xf0, 0x0,
    0x0, 0x0, 0x9, 0xf2, 0x1, 0x9e, 0xff, 0xff,
    0xf3, 0xa, 0xf8, 0x43, 0x3a, 0xf3, 0xf, 0xb0,
    0x0, 0x8, 0xf3, 0xf, 0xb0, 0x0, 0xe, 0xf3,
    0x9, 0xf9, 0x46, 0xdf, 0xf3, 0x0, 0x8d, 0xfe,
    0x87, 0xf3,

    /* U+0062 "b" */
    0x5f, 0x50, 0x0, 0x0, 0x0, 0x5, 0xf5, 0x0,
    0x0, 0x0, 0x0, 0x5f, 0x50, 0x0, 0x0, 0x0,
    0x5, 0xf5, 0x0, 0x0, 0x0, 0x0, 0x5f, 0x56,
    0xdf, 0xea, 0x20, 0x5, 0xfd, 0xfc, 0x9b, 0xff,
    0x30, 0x5f, 0xf5, 0x0, 0x4, 0xfe, 0x5, 0xfa,
    0x0, 0x0, 0x8, 0xf4, 0x5f, 0x60, 0x0, 0x0,
    0x4f, 0x75, 0xf6, 0x0, 0x0, 0x4, 0xf7, 0x5f,
    0xa0, 0x0, 0x0, 0x8f, 0x45, 0xff, 0x50, 0x0,
    0x4f, 0xe0, 0x5f, 0xcf, 0xc9, 0xbf, 0xf3, 0x5,
    0xf4, 0x6d, 0xfe, 0xa2, 0x0,

    /* U+0063 "c" */
    0x0, 0x7, 0xdf, 0xeb, 0x30, 0x0, 0xcf, 0xd9,
    0xaf, 0xf4, 0x9, 0xf7, 0x0, 0x2, 0xc3, 0xf,
    0xd0, 0x0, 0x0, 0x0, 0x3f, 0x80, 0x0, 0x0,
    0x0, 0x3f, 0x80, 0x0, 0x0, 0x0, 0xf, 0xc0,
    0x0, 0x0, 0x0, 0x9, 0xf7, 0x0, 0x2, 0xc3,
    0x0, 0xcf, 0xd9, 0xaf, 0xf3, 0x0, 0x7, 0xdf,
    0xeb, 0x30,

    /* U+0064 "d" */
    0x0, 0x0, 0x0, 0x0, 0x1f, 0xa0, 0x0, 0x0,
    0x0, 0x1, 0xfa, 0x0, 0x0, 0x0, 0x0, 0x1f,
    0xa0, 0x0, 0x0, 0x0, 0x1, 0xfa, 0x0, 0x8,
    0xdf, 0xe8, 0x2f, 0xa0, 0x1d, 0xfd, 0x9b, 0xfd,
    0xfa, 0xa, 0xf8, 0x0, 0x2, 0xef, 0xa0, 0xfd,
    0x0, 0x0, 0x6, 0xfa, 0x3f, 0x80, 0x0, 0x0,
    0x2f, 0xa3, 0xf8, 0x0, 0x0, 0x2, 0xfa, 0xf,
    0xc0, 0x0, 0x0, 0x5f, 0xa0, 0xaf, 0x60, 0x0,
    0x1e, 0xfa, 0x1, 0xdf, 0xb7, 0x9e, 0xdf, 0xa0,
    0x0, 0x8d, 0xfe, 0x91, 0xfa,

    /* U+0065 "e" */
    0x0, 0x8, 0xdf, 0xe9, 0x10, 0x0, 0x1d, 0xfb,
    0x8a, 0xfe, 0x20, 0xa, 0xf3, 0x0, 0x3, 0xfb,
    0x0, 0xfa, 0x0, 0x0, 0x9, 0xf1, 0x3f, 0xff,
    0xff, 0xff, 0xff, 0x33, 0xfa, 0x33, 0x33, 0x33,
    0x30, 0xf, 0xd0, 0x0, 0x0, 0x0, 0x0, 0x9f,
    0x90, 0x0, 0x9, 0x10, 0x0, 0xdf, 0xda, 0xae,
    0xf6, 0x0, 0x0, 0x7d, 0xff, 0xc5, 0x0,

    /* U+0066 "f" */
    0x0, 0x1a, 0xee, 0x90, 0xa, 0xf9, 0x88, 0x0,
    0xfb, 0x0, 0x0, 0x1f, 0x90, 0x0, 0xbf, 0xff,
    0xff, 0x55, 0x8f, 0xc7, 0x72, 0x1, 0xfa, 0x0,
    0x0, 0x1f, 0xa0, 0x0, 0x1, 0xfa, 0x0, 0x0,
    0x1f, 0xa0, 0x0, 0x1, 0xfa, 0x0, 0x0, 0x1f,
    0xa0, 0x0, 0x1, 0xfa, 0x0, 0x0, 0x1f, 0xa0,
    0x0,

    /* U+0067 "g" */
    0x0, 0x8, 0xdf, 0xe9, 0x1e, 0xc0, 0x1d, 0xfd,
    0x9b, 0xfe, 0xec, 0xa, 0xf8, 0x0, 0x1, 0xdf,
    0xc0, 0xfd, 0x0, 0x0, 0x4, 0xfc, 0x3f, 0x90,
    0x0, 0x0, 0xf, 0xc3, 0xf8, 0x0, 0x0, 0x0,
    0xfc, 0xf, 0xd0, 0x0, 0x0, 0x4f, 0xc0, 0xaf,
    0x80, 0x0, 0x1d, 0xfc, 0x1, 0xdf, 0xd9, 0xaf,
    0xdf, 0xc0, 0x0, 0x8d, 0xfe, 0x91, 0xfb, 0x0,
    0x0, 0x0, 0x0, 0x2f, 0x90, 0x27, 0x0, 0x0,
    0xb, 0xf4, 0x7, 0xff, 0xb9, 0xae, 0xfa, 0x0,
    0x4, 0xae, 0xff, 0xc6, 0x0,

    /* U+0068 "h" */
    0x5f, 0x50, 0x0, 0x0, 0x0, 0x5f, 0x50, 0x0,
    0x0, 0x0, 0x5f, 0x50, 0x0, 0x0, 0x0, 0x5f,
    0x50, 0x0, 0x0, 0x0, 0x5f, 0x56, 0xdf, 0xea,
    0x10, 0x5f, 0xef, 0xca, 0xdf, 0xd0, 0x5f, 0xf4,
    0x0, 0xa, 0xf6, 0x5f, 0x90, 0x0, 0x2, 0xf9,
    0x5f, 0x60, 0x0, 0x0, 0xfa, 0x5f, 0x50, 0x0,
    0x0, 0xfb, 0x5f, 0x50, 0x0, 0x0, 0xfb, 0x5f,
    0x50, 0x0, 0x0, 0xfb, 0x5f, 0x50, 0x0, 0x0,
    0xfb, 0x5f, 0x50, 0x0, 0x0, 0xfb,

    /* U+0069 "i" */
    0x6f, 0x69, 0xf9, 0x4, 0x0, 0x0, 0x5f, 0x55,
    0xf5, 0x5f, 0x55, 0xf5, 0x5f, 0x55, 0xf5, 0x5f,
    0x55, 0xf5, 0x5f, 0x55, 0xf5,

    /* U+006A "j" */
    0x0, 0x4, 0xf7, 0x0, 0x7, 0xfa, 0x0, 0x0,
    0x40, 0x0, 0x0, 0x0, 0x0, 0x4, 0xf7, 0x0,
    0x4, 0xf7, 0x0, 0x4, 0xf7, 0x0, 0x4, 0xf7,
    0x0, 0x4, 0xf7, 0x0, 0x4, 0xf7, 0x0, 0x4,
    0xf7, 0x0, 0x4, 0xf7, 0x0, 0x4, 0xf7, 0x0,
    0x4, 0xf7, 0x0, 0x4, 0xf7, 0x0, 0x6, 0xf5,
    0x4b, 0x9f, 0xe1, 0x5e, 0xfc, 0x30,

    /* U+006B "k" */
    0x5f, 0x50, 0x0, 0x0, 0x0, 0x5, 0xf5, 0x0,
    0x0, 0x0, 0x0, 0x5f, 0x50, 0x0, 0x0, 0x0,
    0x5, 0xf5, 0x0, 0x0, 0x0, 0x0, 0x5f, 0x50,
    0x0, 0x1d, 0xf3, 0x5, 0xf5, 0x0, 0x2d, 0xf3,
    0x0, 0x5f, 0x50, 0x2e, 0xf4, 0x0, 0x5, 0xf5,
    0x2e, 0xf4, 0x0, 0x0, 0x5f, 0x9e, 0xfe, 0x0,
    0x0, 0x5, 0xff, 0xfa, 0xfa, 0x0, 0x0, 0x5f,
    0xe3, 0xc, 0xf6, 0x0, 0x5, 0xf6, 0x0, 0x1e,
    0xf3, 0x0, 0x5f, 0x50, 0x0, 0x3f, 0xd0, 0x5,
    0xf5, 0x0, 0x0, 0x7f, 0xa0,

    /* U+006C "l" */
    0x5f, 0x55, 0xf5, 0x5f, 0x55, 0xf5, 0x5f, 0x55,
    0xf5, 0x5f, 0x55, 0xf5, 0x5f, 0x55, 0xf5, 0x5f,
    0x55, 0xf5, 0x5f, 0x55, 0xf5,

    /* U+006D "m" */
    0x5f, 0x58, 0xdf, 0xe8, 0x0, 0x8d, 0xfe, 0x80,
    0x5, 0xfe, 0xfa, 0x9d, 0xfb, 0xdf, 0xa9, 0xdf,
    0xb0, 0x5f, 0xf2, 0x0, 0xd, 0xff, 0x30, 0x0,
    0xcf, 0x35, 0xf9, 0x0, 0x0, 0x7f, 0xa0, 0x0,
    0x6, 0xf6, 0x5f, 0x60, 0x0, 0x5, 0xf7, 0x0,
    0x0, 0x4f, 0x75, 0xf5, 0x0, 0x0, 0x5f, 0x60,
    0x0, 0x4, 0xf7, 0x5f, 0x50, 0x0, 0x5, 0xf6,
    0x0, 0x0, 0x4f, 0x75, 0xf5, 0x0, 0x0, 0x5f,
    0x60, 0x0, 0x4, 0xf7, 0x5f, 0x50, 0x0, 0x5,
    0xf6, 0x0, 0x0, 0x4f, 0x75, 0xf5, 0x0, 0x0,
    0x5f, 0x60, 0x0, 0x4, 0xf7,

    /* U+006E "n" */
    0x5f, 0x57, 0xdf, 0xea, 0x10, 0x5f, 0xef, 0xa8,
    0xcf, 0xd0, 0x5f, 0xf3, 0x0, 0x9, 0xf6, 0x5f,
    0x90, 0x0, 0x2, 0xf9, 0x5f, 0x60, 0x0, 0x0,
    0xfa, 0x5f, 0x50, 0x0, 0x0, 0xfb, 0x5f, 0x50,
    0x0, 0x0, 0xfb, 0x5f, 0x50, 0x0, 0x0, 0xfb,
    0x5f, 0x50, 0x0, 0x0, 0xfb, 0x5f, 0x50, 0x0,
    0x0, 0xfb,

    /* U+006F "o" */
    0x0, 0x7, 0xdf, 0xea, 0x30, 0x0, 0xd, 0xfd,
    0x9a, 0xff, 0x50, 0x9, 0xf7, 0x0, 0x2, 0xef,
    0x10, 0xfd, 0x0, 0x0, 0x6, 0xf7, 0x3f, 0x80,
    0x0, 0x0, 0x2f, 0x93, 0xf8, 0x0, 0x0, 0x2,
    0xf9, 0xf, 0xd0, 0x0, 0x0, 0x6f, 0x60, 0x9f,
    0x80, 0x0, 0x2e, 0xf1, 0x0, 0xcf, 0xd9, 0xaf,
    0xf4, 0x0, 0x0, 0x7d, 0xfe, 0xa3, 0x0,

    /* U+0070 "p" */
    0x5f, 0x46, 0xdf, 0xea, 0x20, 0x5, 0xfd, 0xfa,
    0x8a, 0xff, 0x30, 0x5f, 0xf4, 0x0, 0x3, 0xfe,
    0x5, 0xfa, 0x0, 0x0, 0x8, 0xf4, 0x5f, 0x60,
    0x0, 0x0, 0x4f, 0x75, 0xf6, 0x0, 0x0, 0x4,
    0xf7, 0x5f, 0xa0, 0x0, 0x0, 0x9f, 0x45, 0xff,
    0x50, 0x0, 0x4f, 0xe0, 0x5f, 0xdf, 0xc9, 0xbf,
    0xf3, 0x5, 0xf5, 0x6d, 0xfe, 0xa2, 0x0, 0x5f,
    0x50, 0x0, 0x0, 0x0, 0x5, 0xf5, 0x0, 0x0,
    0x0, 0x0, 0x5f, 0x50, 0x0, 0x0, 0x0, 0x5,
    0xf5, 0x0, 0x0, 0x0, 0x0,

    /* U+0071 "q" */
    0x0, 0x8, 0xdf, 0xe8, 0x1f, 0xa0, 0x1d, 0xfd,
    0x9b, 0xfc, 0xfa, 0xa, 0xf7, 0x0, 0x2, 0xef,
    0xa0, 0xfd, 0x0, 0x0, 0x6, 0xfa, 0x3f, 0x80,
    0x0, 0x0, 0x2f, 0xa3, 0xf8, 0x0, 0x0, 0x2,
    0xfa, 0xf, 0xd0, 0x0, 0x0, 0x6f, 0xa0, 0xaf,
    0x80, 0x0, 0x2e, 0xfa, 0x1, 0xdf, 0xd9, 0xaf,
    0xdf, 0xa0, 0x0, 0x8d, 0xfe, 0x82, 0xfa, 0x0,
    0x0, 0x0, 0x0, 0x1f, 0xa0, 0x0, 0x0, 0x0,
    0x1, 0xfa, 0x0, 0x0, 0x0, 0x0, 0x1f, 0xa0,
    0x0, 0x0, 0x0, 0x1, 0xfa,

    /* U+0072 "r" */
    0x5f, 0x46, 0xdb, 0x5f, 0xcf, 0xd9, 0x5f, 0xf5,
    0x0, 0x5f, 0xa0, 0x0, 0x5f, 0x70, 0x0, 0x5f,
    0x50, 0x0, 0x5f, 0x50, 0x0, 0x5f, 0x50, 0x0,
    0x5f, 0x50, 0x0, 0x5f, 0x50, 0x0,

    /* U+0073 "s" */
    0x1, 0x8d, 0xfe, 0xc7, 0x0, 0xcf, 0xb8, 0xad,
    0xd0, 0x3f, 0x90, 0x0, 0x1, 0x2, 0xfb, 0x0,
    0x0, 0x0, 0xb, 0xff, 0xb8, 0x40, 0x0, 0x5,
    0x9c, 0xff, 0xc0, 0x0, 0x0, 0x0, 0x9f, 0x60,
    0x50, 0x0, 0x5, 0xf7, 0x5f, 0xea, 0x9a, 0xfe,
    0x10, 0x6c, 0xef, 0xd9, 0x20,

    /* U+0074 "t" */
    0x1, 0xfa, 0x0, 0x0, 0x1f, 0xa0, 0x0, 0xbf,
    0xff, 0xff, 0x55, 0x8f, 0xc7, 0x72, 0x1, 0xfa,
    0x0, 0x0, 0x1f, 0xa0, 0x0, 0x1, 0xfa, 0x0,
    0x0, 0x1f, 0xa0, 0x0, 0x1, 0xfa, 0x0, 0x0,
    0xf, 0xc0, 0x0, 0x0, 0xbf, 0xa9, 0x90, 0x1,
    0xbe, 0xe9,

    /* U+0075 "u" */
    0x7f, 0x40, 0x0, 0x3, 0xf8, 0x7f, 0x40, 0x0,
    0x3, 0xf8, 0x7f, 0x40, 0x0, 0x3, 0xf8, 0x7f,
    0x40, 0x0, 0x3, 0xf8, 0x7f, 0x40, 0x0, 0x3,
    0xf8, 0x7f, 0x40, 0x0, 0x4, 0xf8, 0x6f, 0x60,
    0x0, 0x6, 0xf8, 0x2f, 0xc0, 0x0, 0x1e, 0xf8,
    0xa, 0xfd, 0x89, 0xee, 0xf8, 0x0, 0x8d, 0xfe,
    0x92, 0xf8,

    /* U+0076 "v" */
    0xd, 0xe0, 0x0, 0x0, 0xd, 0xd0, 0x6, 0xf6,
    0x0, 0x0, 0x3f, 0x70, 0x0, 0xfc, 0x0, 0x0,
    0xaf, 0x10, 0x0, 0x9f, 0x30, 0x1, 0xf9, 0x0,
    0x0, 0x2f, 0x90, 0x7, 0xf3, 0x0, 0x0, 0xb,
    0xf0, 0xe, 0xc0, 0x0, 0x0, 0x5, 0xf6, 0x5f,
    0x50, 0x0, 0x0, 0x0, 0xed, 0xbe, 0x0, 0x0,
    0x0, 0x0, 0x7f, 0xf8, 0x0, 0x0, 0x0, 0x0,
    0x1f, 0xf1, 0x0, 0x0,

    /* U+0077 "w" */
    0xbe, 0x0, 0x0, 0xc, 0xf1, 0x0, 0x0, 0xae,
    0x5, 0xf4, 0x0, 0x2, 0xff, 0x60, 0x0, 0xf,
    0x80, 0xf, 0x90, 0x0, 0x8f, 0xeb, 0x0, 0x5,
    0xf2, 0x0, 0xae, 0x0, 0xd, 0xb8, 0xf1, 0x0,
    0xbd, 0x0, 0x4, 0xf4, 0x3, 0xf5, 0x2f, 0x70,
    0x1f, 0x70, 0x0, 0xe, 0xa0, 0x9e, 0x0, 0xcc,
    0x6, 0xf1, 0x0, 0x0, 0x9f, 0x1e, 0x90, 0x6,
    0xf2, 0xcc, 0x0, 0x0, 0x3, 0xfa, 0xf3, 0x0,
    0x1f, 0xaf, 0x60, 0x0, 0x0, 0xd, 0xfd, 0x0,
    0x0, 0xbf, 0xf1, 0x0, 0x0, 0x0, 0x8f, 0x70,
    0x0, 0x5, 0xfb, 0x0, 0x0,

    /* U+0078 "x" */
    0x3f, 0xb0, 0x0, 0xc, 0xf2, 0x7, 0xf7, 0x0,
    0x7f, 0x60, 0x0, 0xbf, 0x33, 0xfa, 0x0, 0x0,
    0x1e, 0xde, 0xd0, 0x0, 0x0, 0x4, 0xff, 0x30,
    0x0, 0x0, 0x6, 0xff, 0x50, 0x0, 0x0, 0x3f,
    0xbc, 0xf2, 0x0, 0x0, 0xde, 0x12, 0xfc, 0x0,
    0xa, 0xf4, 0x0, 0x5f, 0x90, 0x6f, 0x80, 0x0,
    0xa, 0xf5,

    /* U+0079 "y" */
    0xd, 0xe0, 0x0, 0x0, 0xd, 0xd0, 0x6, 0xf6,
    0x0, 0x0, 0x3f, 0x70, 0x0, 0xfc, 0x0, 0x0,
    0x9f, 0x10, 0x0, 0x9f, 0x30, 0x1, 0xfa, 0x0,
    0x0, 0x2f, 0x90, 0x6, 0xf3, 0x0, 0x0, 0xc,
    0xf0, 0xd, 0xc0, 0x0, 0x0, 0x5, 0xf6, 0x3f,
    0x60, 0x0, 0x0, 0x0, 0xed, 0xae, 0x0, 0x0,
    0x0, 0x0, 0x8f, 0xf8, 0x0, 0x0, 0x0, 0x0,
    0x1f, 0xf2, 0x0, 0x0, 0x0, 0x0, 0xf, 0xb0,
    0x0, 0x0, 0x1, 0x0, 0x7f, 0x40, 0x0, 0x0,
    0x1f, 0xaa, 0xfb, 0x0, 0x0, 0x0, 0x19, 0xee,
    0xa1, 0x0, 0x0, 0x0,

    /* U+007A "z" */
    0x2f, 0xff, 0xff, 0xff, 0x91, 0x77, 0x77, 0x7e,
    0xf4, 0x0, 0x0, 0x6, 0xf8, 0x0, 0x0, 0x3,
    0xfc, 0x0, 0x0, 0x1, 0xee, 0x10, 0x0, 0x0,
    0xbf, 0x40, 0x0, 0x0, 0x8f, 0x70, 0x0, 0x0,
    0x4f, 0xb0, 0x0, 0x0, 0x1e, 0xf8, 0x77, 0x77,
    0x54, 0xff, 0xff, 0xff, 0xfb,

    /* U+007B "{" */
    0x0, 0x7e, 0xf0, 0x3f, 0xd7, 0x7, 0xf4, 0x0,
    0x8f, 0x30, 0x8, 0xf3, 0x0, 0x8f, 0x30, 0x8,
    0xf3, 0x0, 0x9f, 0x20, 0x8e, 0xe0, 0xf, 0xfa,
    0x0, 0xb, 0xf2, 0x0, 0x8f, 0x30, 0x8, 0xf3,
    0x0, 0x8f, 0x30, 0x8, 0xf3, 0x0, 0x7f, 0x40,
    0x4, 0xfd, 0x70, 0x8, 0xef,

    /* U+007C "|" */
    0x1f, 0x71, 0xf7, 0x1f, 0x71, 0xf7, 0x1f, 0x71,
    0xf7, 0x1f, 0x71, 0xf7, 0x1f, 0x71, 0xf7, 0x1f,
    0x71, 0xf7, 0x1f, 0x71, 0xf7, 0x1f, 0x71, 0xf7,
    0x1f, 0x71, 0xf7,

    /* U+007D "}" */
    0xaf, 0xa1, 0x0, 0x4b, 0xf9, 0x0, 0x0, 0xed,
    0x0, 0x0, 0xde, 0x0, 0x0, 0xde, 0x0, 0x0,
    0xde, 0x0, 0x0, 0xde, 0x0, 0x0, 0xde, 0x0,
    0x0, 0xaf, 0x92, 0x0, 0x5f, 0xf4, 0x0, 0xcf,
    0x10, 0x0, 0xde, 0x0, 0x0, 0xde, 0x0, 0x0,
    0xde, 0x0, 0x0, 0xde, 0x0, 0x0, 0xed, 0x0,
    0x4a, 0xf9, 0x0, 0xaf, 0xb1, 0x0,

    /* U+007E "~" */
    0x0, 0x0, 0x0, 0x1, 0x1, 0xdf, 0xc1, 0x0,
    0xc5, 0xac, 0x5c, 0xe3, 0x4f, 0x2d, 0x40, 0x9,
    0xff, 0x90, 0x30, 0x0, 0x2, 0x10, 0x0,

    /* U+00A0 " " */

    /* U+00A1 "¡" */
    0x7f, 0x4a, 0xf7, 0x15, 0x0, 0x0, 0x2a, 0x15,
    0xf2, 0x5f, 0x26, 0xf3, 0x6f, 0x47, 0xf4, 0x8f,
    0x58, 0xf6, 0x9f, 0x60,

    /* U+00A2 "¢" */
    0x0, 0x0, 0x5, 0x10, 0x0, 0x0, 0x0, 0xe,
    0x30, 0x0, 0x0, 0x0, 0x1f, 0x50, 0x0, 0x0,
    0x2b, 0xff, 0xfe, 0x60, 0x2, 0xef, 0x9f, 0x9d,
    0xf6, 0xb, 0xf4, 0xe, 0x30, 0x81, 0x1f, 0xb0,
    0xe, 0x30, 0x0, 0x3f, 0x80, 0xe, 0x30, 0x0,
    0x2f, 0x90, 0xe, 0x30, 0x0, 0xe, 0xe0, 0xe,
    0x30, 0x0, 0x8, 0xfa, 0xe, 0x33, 0xe4, 0x0,
    0xbf, 0xff, 0xdf, 0xe2, 0x0, 0x5, 0xbf, 0xd8,
    0x10, 0x0, 0x0, 0xe, 0x30, 0x0, 0x0, 0x0,
    0xe, 0x30, 0x0,

    /* U+00A3 "£" */
    0x0, 0x0, 0x29, 0xdf, 0xec, 0x80, 0x0, 0x4,
    0xff, 0xdb, 0xce, 0xf2, 0x0, 0xe, 0xf4, 0x0,
    0x0, 0x40, 0x0, 0x5f, 0x80, 0x0, 0x0, 0x0,
    0x0, 0x7f, 0x50, 0x0, 0x0, 0x0, 0x0, 0x8f,
    0x40, 0x0, 0x0, 0x0, 0x7f, 0xff, 0xff, 0xff,
    0xf1, 0x0, 0x13, 0x9f, 0x63, 0x33, 0x30, 0x0,
    0x0, 0x8f, 0x40, 0x0, 0x0, 0x0, 0x0, 0x8f,
    0x40, 0x0, 0x0, 0x0, 0x0, 0x8f, 0x40, 0x0,
    0x0, 0x0, 0x4a, 0xdf, 0xba, 0xaa, 0xaa, 0xa0,
    0x7f, 0xff, 0xff, 0xff, 0xff, 0xf1,

    /* U+00A4 "¤" */
    0x0, 0x0, 0x0, 0x0, 0x0, 0x0, 0x1, 0xd3,
    0x0, 0x1, 0x0, 0x9, 0x90, 0x1d, 0xe5, 0xbf,
    0xff, 0x89, 0xf8, 0x0, 0x1d, 0xfd, 0x75, 0x8f,
    0xf8, 0x0, 0x0, 0xeb, 0x0, 0x0, 0x2e, 0x90,
    0x0, 0x6f, 0x10, 0x0, 0x0, 0x6f, 0x0, 0x8,
    0xe0, 0x0, 0x0, 0x3, 0xf2, 0x0, 0x6f, 0x0,
    0x0, 0x0, 0x5f, 0x10, 0x1, 0xf8, 0x0, 0x0,
    0xd, 0xb0, 0x0, 0xc, 0xfa, 0x42, 0x5d, 0xf6,
    0x0, 0xa, 0xf9, 0xef, 0xff, 0xbc, 0xf4, 0x3,
    0xf6, 0x0, 0x34, 0x20, 0xc, 0xc0, 0x2, 0x0,
    0x0, 0x0, 0x0, 0x11, 0x0,

    /* U+00A5 "¥" */
    0xb, 0xf3, 0x0, 0x0, 0x0, 0x6, 0xf7, 0x1,
    0xed, 0x0, 0x0, 0x0, 0x2f, 0xb0, 0x0, 0x4f,
    0x90, 0x0, 0x0, 0xce, 0x10, 0x0, 0x9, 0xf5,
    0x0, 0x8, 0xf5, 0x0, 0x0, 0x0, 0xde, 0x10,
    0x3f, 0x90, 0x0, 0x0, 0x0, 0x3f, 0xb1, 0xed,
    0x0, 0x0, 0x0, 0x0, 0x7, 0xfd, 0xf3, 0x0,
    0x0, 0x0, 0x4f, 0xff, 0xff, 0xff, 0xff, 0x0,
    0x0, 0x2, 0x22, 0x9f, 0x52, 0x22, 0x0, 0x0,
    0x0, 0x0, 0x8f, 0x40, 0x0, 0x0, 0x0, 0x4f,
    0xff, 0xff, 0xff, 0xff, 0x0, 0x0, 0x2, 0x22,
    0x9f, 0x52, 0x22, 0x0, 0x0, 0x0, 0x0, 0x8f,
    0x40, 0x0, 0x0,

    /* U+00A6 "¦" */
    0x1f, 0x71, 0xf7, 0x1f, 0x71, 0xf7, 0x1f, 0x71,
    0xf7, 0x8, 0x40, 0x0, 0x0, 0x0, 0x0, 0x0,
    0x0, 0x84, 0x1f, 0x71, 0xf7, 0x1f, 0x71, 0xf7,
    0x1f, 0x71, 0xf7,

    /* U+00A7 "§" */
    0x0, 0x5c, 0xef, 0xd9, 0x10, 0x7f, 0xb7, 0x8a,
    0xf4, 0xe, 0xc0, 0x0, 0x1, 0x0, 0xdb, 0x0,
    0x0, 0x0, 0x7, 0xfc, 0x62, 0x0, 0x0, 0x6f,
    0xef, 0xfc, 0x30, 0x2f, 0x80, 0x16, 0xef, 0x15,
    0xf3, 0x0, 0x3, 0xf5, 0x2f, 0xa1, 0x0, 0x5f,
    0x40, 0x7f, 0xfb, 0x9f, 0xb0, 0x0, 0x16, 0xbf,
    0xf5, 0x0, 0x0, 0x0, 0x1d, 0xd0, 0x0, 0x0,
    0x0, 0x9e, 0x4, 0xe7, 0x32, 0x6f, 0xa0, 0x2b,
    0xff, 0xff, 0xb1, 0x0, 0x1, 0x44, 0x20, 0x0,

    /* U+00A8 "¨" */
    0xd, 0x60, 0x9b, 0x1e, 0x70, 0xac,

    /* U+00A9 "©" */
    0x0, 0x0, 0x4a, 0xcc, 0xb7, 0x10, 0x0, 0x0,
    0xa, 0xa3, 0x0, 0x16, 0xd4, 0x0, 0x0, 0xb6,
    0x0, 0x0, 0x0, 0x1c, 0x30, 0x6, 0x90, 0x9,
    0xef, 0xd5, 0x2, 0xd0, 0xc, 0x10, 0xbe, 0x64,
    0x8e, 0x10, 0xa4, 0xd, 0x3, 0xf4, 0x0, 0x0,
    0x0, 0x67, 0x1b, 0x6, 0xf0, 0x0, 0x0, 0x0,
    0x58, 0xd, 0x4, 0xf2, 0x0, 0x0, 0x0, 0x67,
    0xc, 0x10, 0xdd, 0x31, 0x5c, 0x10, 0xb3, 0x6,
    0x90, 0x2c, 0xff, 0xf8, 0x3, 0xc0, 0x0, 0xb6,
    0x0, 0x13, 0x10, 0x1d, 0x20, 0x0, 0xa, 0xa3,
    0x0, 0x17, 0xd3, 0x0, 0x0, 0x0, 0x4a, 0xdd,
    0xc7, 0x10, 0x0,

    /* U+00AA "ª" */
    0x8, 0xdf, 0xd4, 0x0, 0x41, 0x6, 0xe0, 0x7,
    0xcc, 0xcf, 0x13, 0xf1, 0x2, 0xf1, 0x3f, 0x10,
    0x8f, 0x10, 0x7c, 0xb8, 0xe1,

    /* U+00AB "«" */
    0x0, 0x1, 0x20, 0x2, 0x0, 0x1, 0xe8, 0x9,
    0xe1, 0x0, 0xcc, 0x5, 0xf4, 0x0, 0x7f, 0x21,
    0xe9, 0x0, 0xf, 0xa0, 0x8f, 0x10, 0x0, 0x6f,
    0x31, 0xea, 0x0, 0x0, 0xad, 0x3, 0xf6, 0x0,
    0x1, 0xea, 0x7, 0xf2,

    /* U+00AC "¬" */
    0x12, 0x22, 0x22, 0x22, 0xc, 0xff, 0xff, 0xff,
    0xf4, 0x45, 0x55, 0x55, 0x8f, 0x40, 0x0, 0x0,
    0x4, 0xf4, 0x0, 0x0, 0x0, 0x4f, 0x40, 0x0,
    0x0, 0x3, 0xd3,

    /* U+00AD "­" */
    0x88, 0x88, 0x7f, 0xff, 0xfe,

    /* U+00AE "®" */
    0x0, 0x0, 0x4a, 0xcc, 0xb7, 0x10, 0x0, 0x0,
    0xa, 0xa3, 0x0, 0x16, 0xd4, 0x0, 0x0, 0xb6,
    0x0, 0x0, 0x0, 0x1c, 0x30, 0x6, 0x90, 0x5f,
    0xfe, 0xc5, 0x2, 0xd0, 0xc, 0x10, 0x5e, 0x22,
    0x6f, 0x20, 0xa4, 0xd, 0x0, 0x5e, 0x0, 0xc,
    0x60, 0x67, 0x1b, 0x0, 0x5e, 0x0, 0x3f, 0x40,
    0x58, 0xd, 0x0, 0x5f, 0xef, 0xf8, 0x0, 0x67,
    0xc, 0x10, 0x5e, 0x12, 0xd6, 0x0, 0xb3, 0x6,
    0x90, 0x5e, 0x0, 0x3e, 0x13, 0xc0, 0x0, 0xb6,
    0x13, 0x0, 0x2, 0x3d, 0x20, 0x0, 0xa, 0xa3,
    0x0, 0x17, 0xd3, 0x0, 0x0, 0x0, 0x4a, 0xdd,
    0xc7, 0x10, 0x0,

    /* U+00AF "¯" */
    0x8f, 0xff, 0xff, 0x51, 0x22, 0x22, 0x20,

    /* U+00B0 "°" */
    0x1, 0xaf, 0xd5, 0x0, 0xb8, 0x3, 0xe4, 0x1e,
    0x0, 0x6, 0xa2, 0xe0, 0x0, 0x6a, 0xc, 0x70,
    0x1d, 0x50, 0x2c, 0xff, 0x70, 0x0, 0x0, 0x0,
    0x0,

    /* U+00B1 "±" */
    0x0, 0x8, 0xf0, 0x0, 0x0, 0x0, 0x8f, 0x0,
    0x0, 0x12, 0x29, 0xf2, 0x22, 0xc, 0xff, 0xff,
    0xff, 0xf4, 0x45, 0x5a, 0xf5, 0x55, 0x10, 0x0,
    0x8f, 0x0, 0x0, 0x0, 0x8, 0xf0, 0x0, 0x0,
    0x0, 0x8f, 0x0, 0x0, 0x0, 0x0, 0x0, 0x0,
    0x6, 0x77, 0x77, 0x77, 0x72, 0xcf, 0xff, 0xff,
    0xff, 0x40,

    /* U+00B2 "²" */
    0x8, 0xef, 0xe8, 0x2, 0xa4, 0x14, 0xf6, 0x0,
    0x0, 0xe, 0x50, 0x0, 0x1b, 0xa0, 0x0, 0x2d,
    0x80, 0x0, 0x5e, 0x60, 0x0, 0x2f, 0xff, 0xff,
    0xd0,

    /* U+00B3 "³" */
    0x4f, 0xff, 0xff, 0x70, 0x0, 0xa, 0xb0, 0x0,
    0xa, 0xc0, 0x0, 0x1, 0xbd, 0xd3, 0x0, 0x0,
    0x8, 0xc3, 0x83, 0x13, 0xca, 0x2a, 0xdf, 0xe9,
    0x10,

    /* U+00B4 "´" */
    0x0, 0x58, 0x30, 0x7f, 0x70, 0x7f, 0x50, 0x0,

    /* U+00B5 "µ" */
    0x5f, 0x50, 0x0, 0x1, 0xfa, 0x5f, 0x50, 0x0,
    0x1, 0xfa, 0x5f, 0x50, 0x0, 0x1, 0xfa, 0x5f,
    0x50, 0x0, 0x1, 0xfa, 0x5f, 0x50, 0x0, 0x1,
    0xfa, 0x5f, 0x50, 0x0, 0x2, 0xfa, 0x5f, 0x70,
    0x0, 0x5, 0xfa, 0x5f, 0xd0, 0x0, 0xd, 0xfa,
    0x5f, 0xfe, 0x99, 0xee, 0xfa, 0x5f, 0x8b, 0xff,
    0xa2, 0xfa, 0x5f, 0x50, 0x0, 0x0, 0x0, 0x5f,
    0x50, 0x0, 0x0, 0x0, 0x5f, 0x50, 0x0, 0x0,
    0x0, 0x5f, 0x50, 0x0, 0x0, 0x0,

    /* U+00B6 "¶" */
    0x2, 0xae, 0xff, 0xff, 0xfc, 0x2e, 0xff, 0xfb,
    0x66, 0xcc, 0x8f, 0xff, 0xf8, 0x0, 0xac, 0xaf,
    0xff, 0xf8, 0x0, 0xac, 0x7f, 0xff, 0xf8, 0x0,
    0xac, 0x1d, 0xff, 0xf8, 0x0, 0xac, 0x0, 0x7a,
    0xf8, 0x0, 0xac, 0x0, 0x0, 0xe8, 0x0, 0xac,
    0x0, 0x0, 0xe8, 0x0, 0xac, 0x0, 0x0, 0xe8,
    0x0, 0xac, 0x0, 0x0, 0xe8, 0x0, 0xac, 0x0,
    0x0, 0xe8, 0x0, 0xac, 0x0, 0x0, 0xe8, 0x0,
    0xac, 0x0, 0x0, 0xe8, 0x0, 0xac, 0x0, 0x0,
    0xe8, 0x0, 0xac, 0x0, 0x0, 0xd7, 0x0, 0x9b,

    /* U+00B7 "·" */
    0x28, 0x1c, 0xf8, 0x7f, 0x40,

    /* U+00B8 "¸" */
    0x3, 0xc0, 0x0, 0x5e, 0x90, 0x0, 0x3f, 0x27,
    0xff, 0xa0, 0x0, 0x0, 0x0,

    /* U+00B9 "¹" */
    0x6f, 0xfd, 0x0, 0x0, 0x7d, 0x0, 0x0, 0x7d,
    0x0, 0x0, 0x7d, 0x0, 0x0, 0x7d, 0x0, 0x0,
    0x7d, 0x0, 0x8f, 0xff, 0xfa,

    /* U+00BA "º" */
    0x2, 0xcf, 0xe8, 0x1, 0xe8, 0x13, 0xd8, 0x5e,
    0x0, 0x5, 0xe5, 0xd0, 0x0, 0x5e, 0x1f, 0x60,
    0x1c, 0x90, 0x4d, 0xff, 0x90, 0x0, 0x1, 0x0,
    0x0,

    /* U+00BB "»" */
    0x2, 0x0, 0x21, 0x0, 0x0, 0xda, 0x7, 0xf2,
    0x0, 0x3, 0xf6, 0xc, 0xd0, 0x0, 0x8, 0xf2,
    0x1e, 0x90, 0x0, 0xf, 0x90, 0x9f, 0x10, 0x9,
    0xe1, 0x2f, 0x70, 0x5, 0xf4, 0xd, 0xb0, 0x1,
    0xe9, 0x9, 0xe1, 0x0,

    /* U+00BC "¼" */
    0x5f, 0xfc, 0x0, 0x0, 0x0, 0x5, 0xd1, 0x0,
    0x0, 0x2, 0x8d, 0x0, 0x0, 0x0, 0x1e, 0x50,
    0x0, 0x0, 0x0, 0x7d, 0x0, 0x0, 0x0, 0xba,
    0x0, 0x0, 0x0, 0x0, 0x7d, 0x0, 0x0, 0x5,
    0xe1, 0x0, 0x0, 0x0, 0x0, 0x7d, 0x0, 0x0,
    0x1e, 0x50, 0x0, 0x0, 0x0, 0x0, 0x7d, 0x0,
    0x0, 0xab, 0x0, 0x1, 0x60, 0x0, 0x0, 0x7d,
    0x0, 0x5, 0xf1, 0x0, 0xc, 0x90, 0x0, 0x8f,
    0xff, 0xfa, 0x1e, 0x60, 0x0, 0x9c, 0x0, 0x0,
    0x12, 0x22, 0x21, 0xab, 0x0, 0x5, 0xe1, 0x12,
    0x0, 0x0, 0x0, 0x4, 0xf2, 0x0, 0x2f, 0x30,
    0x7a, 0x0, 0x0, 0x0, 0xe, 0x60, 0x0, 0xbf,
    0xff, 0xff, 0xf1, 0x0, 0x0, 0x9c, 0x0, 0x0,
    0x12, 0x22, 0xab, 0x20, 0x0, 0x4, 0xf2, 0x0,
    0x0, 0x0, 0x0, 0x9a, 0x0, 0x0, 0x1, 0x10,
    0x0, 0x0, 0x0, 0x0, 0x11, 0x0,

    /* U+00BD "½" */
    0x5f, 0xfc, 0x0, 0x0, 0x0, 0x5, 0xd1, 0x0,
    0x0, 0x28, 0xd0, 0x0, 0x0, 0x1, 0xe5, 0x0,
    0x0, 0x0, 0x7d, 0x0, 0x0, 0x0, 0xba, 0x0,
    0x0, 0x0, 0x7, 0xd0, 0x0, 0x0, 0x5e, 0x10,
    0x0, 0x0, 0x0, 0x7d, 0x0, 0x0, 0x1e, 0x50,
    0x0, 0x0, 0x0, 0x7, 0xd0, 0x0, 0xa, 0xb0,
    0x7d, 0xec, 0x50, 0x0, 0x7d, 0x0, 0x5, 0xf1,
    0x6e, 0x53, 0x7f, 0x28, 0xff, 0xff, 0xa1, 0xe6,
    0x0, 0x30, 0x0, 0xf5, 0x12, 0x22, 0x21, 0xab,
    0x0, 0x0, 0x0, 0x6f, 0x10, 0x0, 0x0, 0x4f,
    0x10, 0x0, 0x0, 0x6f, 0x40, 0x0, 0x0, 0x1e,
    0x60, 0x0, 0x0, 0x6f, 0x40, 0x0, 0x0, 0x9,
    0xc0, 0x0, 0x0, 0x7f, 0x30, 0x0, 0x0, 0x4,
    0xf2, 0x0, 0x0, 0x4f, 0xff, 0xff, 0xa0, 0x0,
    0x11, 0x0, 0x0, 0x0, 0x22, 0x22, 0x21,

    /* U+00BE "¾" */
    0x4f, 0xff, 0xff, 0x70, 0x0, 0x0, 0x5d, 0x10,
    0x0, 0x0, 0x22, 0x29, 0xe1, 0x0, 0x0, 0x1e,
    0x50, 0x0, 0x0, 0x0, 0x5, 0xe2, 0x0, 0x0,
    0xb, 0xa0, 0x0, 0x0, 0x0, 0x1, 0xfc, 0x50,
    0x0, 0x5, 0xe1, 0x0, 0x0, 0x0, 0x0, 0x6,
    0x8f, 0x70, 0x1, 0xe5, 0x0, 0x0, 0x0, 0x0,
    0x0, 0x0, 0x7c, 0x0, 0xab, 0x0, 0x1, 0x60,
    0x0, 0x28, 0x20, 0x1b, 0xa0, 0x5f, 0x10, 0x0,
    0xc9, 0x0, 0x2, 0xcf, 0xff, 0xb1, 0x1e, 0x60,
    0x0, 0x9c, 0x0, 0x0, 0x0, 0x2, 0x0, 0xa,
    0xb0, 0x0, 0x6e, 0x11, 0x20, 0x0, 0x0, 0x0,
    0x4, 0xf2, 0x0, 0x3f, 0x30, 0x7a, 0x0, 0x0,
    0x0, 0x0, 0xe6, 0x0, 0xb, 0xff, 0xff, 0xff,
    0x10, 0x0, 0x0, 0x9c, 0x0, 0x0, 0x12, 0x22,
    0xab, 0x20, 0x0, 0x0, 0x4f, 0x20, 0x0, 0x0,
    0x0, 0x9, 0xa0, 0x0, 0x0, 0x1, 0x10, 0x0,
    0x0, 0x0, 0x0, 0x11, 0x0,

    /* U+00BF "¿" */
    0x0, 0x8, 0xe3, 0x0, 0x0, 0x0, 0xc, 0xf6,
    0x0, 0x0, 0x0, 0x1, 0x50, 0x0, 0x0, 0x0,
    0x0, 0x0, 0x0, 0x0, 0x0, 0x8, 0xc1, 0x0,
    0x0, 0x0, 0x1e, 0xe0, 0x0, 0x0, 0x1, 0xdf,
    0x40, 0x0, 0x0, 0xd, 0xf4, 0x0, 0x0, 0x0,
    0x7f, 0x60, 0x0, 0x0, 0x0, 0xbf, 0x10, 0x0,
    0x0, 0x0, 0xaf, 0x70, 0x0, 0x1b, 0x90, 0x3f,
    0xfc, 0x9b, 0xff, 0x80, 0x2, 0xae, 0xfe, 0xb4,
    0x0,

    /* U+00C0 "À" */
    0x0, 0x0, 0x38, 0x50, 0x0, 0x0, 0x0, 0x0,
    0x0, 0x0, 0x8f, 0x70, 0x0, 0x0, 0x0, 0x0,
    0x0, 0x0, 0x5f, 0x70, 0x0, 0x0, 0x0, 0x0,
    0x0, 0x0, 0x0, 0x0, 0x0, 0x0, 0x0, 0x0,
    0x0, 0x8f, 0xa0, 0x0, 0x0, 0x0, 0x0, 0x0,
    0xe, 0xff, 0x20, 0x0, 0x0, 0x0, 0x0, 0x6,
    0xf6, 0xf9, 0x0, 0x0, 0x0, 0x0, 0x0, 0xdd,
    0xb, 0xf0, 0x0, 0x0, 0x0, 0x0, 0x4f, 0x60,
    0x4f, 0x70, 0x0, 0x0, 0x0, 0xb, 0xe0, 0x0,
    0xdd, 0x0, 0x0, 0x0, 0x2, 0xf8, 0x0, 0x6,
    0xf5, 0x0, 0x0, 0x0, 0x9f, 0x10, 0x0, 0xe,
    0xc0, 0x0, 0x0, 0x1f, 0xff, 0xff, 0xff, 0xff,
    0x30, 0x0, 0x7, 0xf8, 0x88, 0x88, 0x88, 0xfa,
    0x0, 0x0, 0xed, 0x0, 0x0, 0x0, 0xb, 0xf1,
    0x0, 0x5f, 0x60, 0x0, 0x0, 0x0, 0x4f, 0x80,
    0xc, 0xf1, 0x0, 0x0, 0x0, 0x0, 0xee, 0x0,

    /* U+00C1 "Á" */
    0x0, 0x0, 0x0, 0x0, 0x48, 0x40, 0x0, 0x0,
    0x0, 0x0, 0x0, 0x5f, 0xa0, 0x0, 0x0, 0x0,
    0x0, 0x0, 0x4f, 0x70, 0x0, 0x0, 0x0, 0x0,
    0x0, 0x0, 0x0, 0x0, 0x0, 0x0, 0x0, 0x0,
    0x0, 0x8f, 0xa0, 0x0, 0x0, 0x0, 0x0, 0x0,
    0xe, 0xff, 0x20, 0x0, 0x0, 0x0, 0x0, 0x6,
    0xf6, 0xf9, 0x0, 0x0, 0x0, 0x0, 0x0, 0xdd,
    0xb, 0xf0, 0x0, 0x0, 0x0, 0x0, 0x4f, 0x60,
    0x4f, 0x70, 0x0, 0x0, 0x0, 0xb, 0xe0, 0x0,
    0xdd, 0x0, 0x0, 0x0, 0x2, 0xf8, 0x0, 0x6,
    0xf5, 0x0, 0x0, 0x0, 0x9f, 0x10, 0x0, 0xe,
    0xc0, 0x0, 0x0, 0x1f, 0xff, 0xff, 0xff, 0xff,
    0x30, 0x0, 0x7, 0xf8, 0x88, 0x88, 0x88, 0xfa,
    0x0, 0x0, 0xed, 0x0, 0x0, 0x0, 0xb, 0xf1,
    0x0, 0x5f, 0x60, 0x0, 0x0, 0x0, 0x4f, 0x80,
    0xc, 0xf1, 0x0, 0x0, 0x0, 0x0, 0xee, 0x0,

    /* U+00C2 "Â" */
    0x0, 0x0, 0x0, 0x38, 0x50, 0x0, 0x0, 0x0,
    0x0, 0x0, 0x3f, 0xbf, 0x60, 0x0, 0x0, 0x0,
    0x0, 0x3f, 0x70, 0x5f, 0x50, 0x0, 0x0, 0x0,
    0x0, 0x0, 0x0, 0x0, 0x0, 0x0, 0x0, 0x0,
    0x0, 0x8f, 0xa0, 0x0, 0x0, 0x0, 0x0, 0x0,
    0xe, 0xff, 0x20, 0x0, 0x0, 0x0, 0x0, 0x6,
    0xf6, 0xf9, 0x0, 0x0, 0x0, 0x0, 0x0, 0xdd,
    0xb, 0xf0, 0x0, 0x0, 0x0, 0x0, 0x4f, 0x60,
    0x4f, 0x70, 0x0, 0x0, 0x0, 0xb, 0xe0, 0x0,
    0xdd, 0x0, 0x0, 0x0, 0x2, 0xf8, 0x0, 0x6,
    0xf5, 0x0, 0x0, 0x0, 0x9f, 0x10, 0x0, 0xe,
    0xc0, 0x0, 0x0, 0x1f, 0xff, 0xff, 0xff, 0xff,
    0x30, 0x0, 0x7, 0xf8, 0x88, 0x88, 0x88, 0xfa,
    0x0, 0x0, 0xed, 0x0, 0x0, 0x0, 0xb, 0xf1,
    0x0, 0x5f, 0x60, 0x0, 0x0, 0x0, 0x4f, 0x80,
    0xc, 0xf1, 0x0, 0x0, 0x0, 0x0, 0xee, 0x0,

    /* U+00C3 "Ã" */
    0x0, 0x0, 0x9, 0xe4, 0x6, 0x80, 0x0, 0x0,
    0x0, 0x2, 0xe4, 0xd3, 0xb5, 0x0, 0x0, 0x0,
    0x0, 0x69, 0x3, 0xeb, 0x0, 0x0, 0x0, 0x0,
    0x0, 0x0, 0x0, 0x0, 0x0, 0x0, 0x0, 0x0,
    0x0, 0x8f, 0xa0, 0x0, 0x0, 0x0, 0x0, 0x0,
    0xe, 0xff, 0x20, 0x0, 0x0, 0x0, 0x0, 0x6,
    0xf6, 0xf9, 0x0, 0x0, 0x0, 0x0, 0x0, 0xdd,
    0xb, 0xf0, 0x0, 0x0, 0x0, 0x0, 0x4f, 0x60,
    0x4f, 0x70, 0x0, 0x0, 0x0, 0xb, 0xe0, 0x0,
    0xdd, 0x0, 0x0, 0x0, 0x2, 0xf8, 0x0, 0x6,
    0xf5, 0x0, 0x0, 0x0, 0x9f, 0x10, 0x0, 0xe,
    0xc0, 0x0, 0x0, 0x1f, 0xff, 0xff, 0xff, 0xff,
    0x30, 0x0, 0x7, 0xf8, 0x88, 0x88, 0x88, 0xfa,
    0x0, 0x0, 0xed, 0x0, 0x0, 0x0, 0xb, 0xf1,
    0x0, 0x5f, 0x60, 0x0, 0x0, 0x0, 0x4f, 0x80,
    0xc, 0xf1, 0x0, 0x0, 0x0, 0x0, 0xee, 0x0,

    /* U+00C4 "Ä" */
    0x0, 0x0, 0xc, 0x90, 0x7e, 0x10, 0x0, 0x0,
    0x0, 0x0, 0xb9, 0x6, 0xd1, 0x0, 0x0, 0x0,
    0x0, 0x0, 0x0, 0x0, 0x0, 0x0, 0x0, 0x0,
    0x0, 0x8, 0xfa, 0x0, 0x0, 0x0, 0x0, 0x0,
    0x0, 0xef, 0xf2, 0x0, 0x0, 0x0, 0x0, 0x0,
    0x6f, 0x6f, 0x90, 0x0, 0x0, 0x0, 0x0, 0xd,
    0xd0, 0xbf, 0x0, 0x0, 0x0, 0x0, 0x4, 0xf6,
    0x4, 0xf7, 0x0, 0x0, 0x0, 0x0, 0xbe, 0x0,
    0xd, 0xd0, 0x0, 0x0, 0x0, 0x2f, 0x80, 0x0,
    0x6f, 0x50, 0x0, 0x0, 0x9, 0xf1, 0x0, 0x0,
    0xec, 0x0, 0x0, 0x1, 0xff, 0xff, 0xff, 0xff,
    0xf3, 0x0, 0x0, 0x7f, 0x88, 0x88, 0x88, 0x8f,
    0xa0, 0x0, 0xe, 0xd0, 0x0, 0x0, 0x0, 0xbf,
    0x10, 0x5, 0xf6, 0x0, 0x0, 0x0, 0x4, 0xf8,
    0x0, 0xcf, 0x10, 0x0, 0x0, 0x0, 0xe, 0xe0,

    /* U+00C5 "Å" */
    0x0, 0x0, 0x0, 0x8c, 0x90, 0x0, 0x0, 0x0,
    0x0, 0x0, 0x49, 0x7, 0x70, 0x0, 0x0, 0x0,
    0x0, 0x4, 0x90, 0x67, 0x0, 0x0, 0x0, 0x0,
    0x0, 0x8, 0xca, 0x0, 0x0, 0x0, 0x0, 0x0,
    0x0, 0x0, 0x0, 0x0, 0x0, 0x0, 0x0, 0x0,
    0x8, 0xfa, 0x0, 0x0, 0x0, 0x0, 0x0, 0x0,
    0xef, 0xf2, 0x0, 0x0, 0x0, 0x0, 0x0, 0x6f,
    0x6f, 0x90, 0x0, 0x0, 0x0, 0x0, 0xd, 0xd0,
    0xbf, 0x0, 0x0, 0x0, 0x0, 0x4, 0xf6, 0x4,
    0xf7, 0x0, 0x0, 0x0, 0x0, 0xbe, 0x0, 0xd,
    0xd0, 0x0, 0x0, 0x0, 0x2f, 0x80, 0x0, 0x6f,
    0x50, 0x0, 0x0, 0x9, 0xf1, 0x0, 0x0, 0xec,
    0x0, 0x0, 0x1, 0xff, 0xff, 0xff, 0xff, 0xf3,
    0x0, 0x0, 0x7f, 0x88, 0x88, 0x88, 0x8f, 0xa0,
    0x0, 0xe, 0xd0, 0x0, 0x0, 0x0, 0xbf, 0x10,
    0x5, 0xf6, 0x0, 0x0, 0x0, 0x4, 0xf8, 0x0,
    0xcf, 0x10, 0x0, 0x0, 0x0, 0xe, 0xe0,

    /* U+00C6 "Æ" */
    0x0, 0x0, 0x0, 0x0, 0xcf, 0xff, 0xff, 0xff,
    0xff, 0x90, 0x0, 0x0, 0x0, 0x6f, 0xdf, 0xca,
    0xaa, 0xaa, 0xa5, 0x0, 0x0, 0x0, 0xe, 0xc5,
    0xf7, 0x0, 0x0, 0x0, 0x0, 0x0, 0x0, 0x8,
    0xf3, 0x5f, 0x70, 0x0, 0x0, 0x0, 0x0, 0x0,
    0x2, 0xf9, 0x5, 0xf7, 0x0, 0x0, 0x0, 0x0,
    0x0, 0x0, 0xbe, 0x10, 0x5f, 0xc9, 0x99, 0x99,
    0x70, 0x0, 0x0, 0x4f, 0x60, 0x5, 0xff, 0xff,
    0xff, 0xfc, 0x0, 0x0, 0xd, 0xd0, 0x0, 0x5f,
    0x70, 0x0, 0x0, 0x0, 0x0, 0x6, 0xff, 0xff,
    0xff, 0xf7, 0x0, 0x0, 0x0, 0x0, 0x1, 0xec,
    0x88, 0x88, 0xaf, 0x70, 0x0, 0x0, 0x0, 0x0,
    0x9f, 0x20, 0x0, 0x5, 0xf7, 0x0, 0x0, 0x0,
    0x0, 0x2f, 0xa0, 0x0, 0x0, 0x5f, 0xca, 0xaa,
    0xaa, 0xa8, 0xb, 0xf2, 0x0, 0x0, 0x5, 0xff,
    0xff, 0xff, 0xff, 0xd0,

    /* U+00C7 "Ç" */
    0x0, 0x0, 0x4a, 0xef, 0xeb, 0x50, 0x0, 0x1,
    0xbf, 0xfc, 0xac, 0xff, 0xb0, 0x0, 0xbf, 0xb2,
    0x0, 0x1, 0x9c, 0x0, 0x6f, 0xb0, 0x0, 0x0,
    0x0, 0x0, 0xd, 0xf1, 0x0, 0x0, 0x0, 0x0,
    0x0, 0xfc, 0x0, 0x0, 0x0, 0x0, 0x0, 0x1f,
    0xa0, 0x0, 0x0, 0x0, 0x0, 0x0, 0xfc, 0x0,
    0x0, 0x0, 0x0, 0x0, 0xd, 0xf1, 0x0, 0x0,
    0x0, 0x0, 0x0, 0x6f, 0xb0, 0x0, 0x0, 0x0,
    0x0, 0x0, 0xbf, 0xb2, 0x0, 0x1, 0xac, 0x10,
    0x1, 0xbf, 0xfc, 0xbc, 0xff, 0xb0, 0x0, 0x0,
    0x4b, 0xff, 0xeb, 0x50, 0x0, 0x0, 0x0, 0x7,
    0x90, 0x0, 0x0, 0x0, 0x0, 0x0, 0x5c, 0xb0,
    0x0, 0x0, 0x0, 0x0, 0x20, 0x5f, 0x0, 0x0,
    0x0, 0x0, 0x8, 0xfe, 0x60, 0x0, 0x0,

    /* U+00C8 "È" */
    0x0, 0x58, 0x30, 0x0, 0x0, 0x0, 0x0, 0xaf,
    0x40, 0x0, 0x0, 0x0, 0x0, 0x8f, 0x40, 0x0,
    0x0, 0x0, 0x0, 0x0, 0x0, 0x0, 0x1f, 0xff,
    0xff, 0xff, 0xfc, 0x1, 0xfe, 0xaa, 0xaa, 0xaa,
    0x70, 0x1f, 0xb0, 0x0, 0x0, 0x0, 0x1, 0xfb,
    0x0, 0x0, 0x0, 0x0, 0x1f, 0xb0, 0x0, 0x0,
    0x0, 0x1, 0xfd, 0x99, 0x99, 0x99, 0x0, 0x1f,
    0xff, 0xff, 0xff, 0xf0, 0x1, 0xfb, 0x0, 0x0,
    0x0, 0x0, 0x1f, 0xb0, 0x0, 0x0, 0x0, 0x1,
    0xfb, 0x0, 0x0, 0x0, 0x0, 0x1f, 0xb0, 0x0,
    0x0, 0x0, 0x1, 0xfe, 0xaa, 0xaa, 0xaa, 0xa0,
    0x1f, 0xff, 0xff, 0xff, 0xff, 0x0,

    /* U+00C9 "É" */
    0x0, 0x0, 0x0, 0x68, 0x20, 0x0, 0x0, 0x0,
    0x8f, 0x70, 0x0, 0x0, 0x0, 0x8f, 0x40, 0x0,
    0x0, 0x0, 0x0, 0x0, 0x0, 0x0, 0x1f, 0xff,
    0xff, 0xff, 0xfc, 0x1, 0xfe, 0xaa, 0xaa, 0xaa,
    0x70, 0x1f, 0xb0, 0x0, 0x0, 0x0, 0x1, 0xfb,
    0x0, 0x0, 0x0, 0x0, 0x1f, 0xb0, 0x0, 0x0,
    0x0, 0x1, 0xfd, 0x99, 0x99, 0x99, 0x0, 0x1f,
    0xff, 0xff, 0xff, 0xf0, 0x1, 0xfb, 0x0, 0x0,
    0x0, 0x0, 0x1f, 0xb0, 0x0, 0x0, 0x0, 0x1,
    0xfb, 0x0, 0x0, 0x0, 0x0, 0x1f, 0xb0, 0x0,
    0x0, 0x0, 0x1, 0xfe, 0xaa, 0xaa, 0xaa, 0xa0,
    0x1f, 0xff, 0xff, 0xff, 0xff, 0x0,

    /* U+00CA "Ê" */
    0x0, 0x0, 0x58, 0x30, 0x0, 0x0, 0x0, 0x6f,
    0xcf, 0x30, 0x0, 0x0, 0x6f, 0x40, 0x8e, 0x20,
    0x0, 0x0, 0x0, 0x0, 0x0, 0x0, 0x1f, 0xff,
    0xff, 0xff, 0xfc, 0x1, 0xfe, 0xaa, 0xaa, 0xaa,
    0x70, 0x1f, 0xb0, 0x0, 0x0, 0x0, 0x1, 0xfb,
    0x0, 0x0, 0x0, 0x0, 0x1f, 0xb0, 0x0, 0x0,
    0x0, 0x1, 0xfd, 0x99, 0x99, 0x99, 0x0, 0x1f,
    0xff, 0xff, 0xff, 0xf0, 0x1, 0xfb, 0x0, 0x0,
    0x0, 0x0, 0x1f, 0xb0, 0x0, 0x0, 0x0, 0x1,
    0xfb, 0x0, 0x0, 0x0, 0x0, 0x1f, 0xb0, 0x0,
    0x0, 0x0, 0x1, 0xfe, 0xaa, 0xaa, 0xaa, 0xa0,
    0x1f, 0xff, 0xff, 0xff, 0xff, 0x0,

    /* U+00CB "Ë" */
    0x0, 0x1e, 0x60, 0xab, 0x0, 0x0, 0x1, 0xd5,
    0xa, 0xb0, 0x0, 0x0, 0x0, 0x0, 0x0, 0x0,
    0x1, 0xff, 0xff, 0xff, 0xff, 0xc0, 0x1f, 0xea,
    0xaa, 0xaa, 0xa7, 0x1, 0xfb, 0x0, 0x0, 0x0,
    0x0, 0x1f, 0xb0, 0x0, 0x0, 0x0, 0x1, 0xfb,
    0x0, 0x0, 0x0, 0x0, 0x1f, 0xd9, 0x99, 0x99,
    0x90, 0x1, 0xff, 0xff, 0xff, 0xff, 0x0, 0x1f,
    0xb0, 0x0, 0x0, 0x0, 0x1, 0xfb, 0x0, 0x0,
    0x0, 0x0, 0x1f, 0xb0, 0x0, 0x0, 0x0, 0x1,
    0xfb, 0x0, 0x0, 0x0, 0x0, 0x1f, 0xea, 0xaa,
    0xaa, 0xaa, 0x1, 0xff, 0xff, 0xff, 0xff, 0xf0,

    /* U+00CC "Ì" */
    0x17, 0x70, 0x0, 0x5, 0xfa, 0x0, 0x0, 0x3e,
    0xa0, 0x0, 0x0, 0x0, 0x0, 0x1f, 0xb0, 0x0,
    0x1f, 0xb0, 0x0, 0x1f, 0xb0, 0x0, 0x1f, 0xb0,
    0x0, 0x1f, 0xb0, 0x0, 0x1f, 0xb0, 0x0, 0x1f,
    0xb0, 0x0, 0x1f, 0xb0, 0x0, 0x1f, 0xb0, 0x0,
    0x1f, 0xb0, 0x0, 0x1f, 0xb0, 0x0, 0x1f, 0xb0,
    0x0, 0x1f, 0xb0,

    /* U+00CD "Í" */
    0x0, 0x28, 0x60, 0x2, 0xec, 0x10, 0x2e, 0xa0,
    0x0, 0x0, 0x0, 0x0, 0x1f, 0xb0, 0x0, 0x1f,
    0xb0, 0x0, 0x1f, 0xb0, 0x0, 0x1f, 0xb0, 0x0,
    0x1f, 0xb0, 0x0, 0x1f, 0xb0, 0x0, 0x1f, 0xb0,
    0x0, 0x1f, 0xb0, 0x0, 0x1f, 0xb0, 0x0, 0x1f,
    0xb0, 0x0, 0x1f, 0xb0, 0x0, 0x1f, 0xb0, 0x0,
    0x1f, 0xb0, 0x0,

    /* U+00CE "Î" */
    0x0, 0x28, 0x60, 0x0, 0x1, 0xec, 0xf9, 0x0,
    0x1d, 0xa0, 0x3e, 0x80, 0x0, 0x0, 0x0, 0x0,
    0x0, 0x1f, 0xb0, 0x0, 0x0, 0x1f, 0xb0, 0x0,
    0x0, 0x1f, 0xb0, 0x0, 0x0, 0x1f, 0xb0, 0x0,
    0x0, 0x1f, 0xb0, 0x0, 0x0, 0x1f, 0xb0, 0x0,
    0x0, 0x1f, 0xb0, 0x0, 0x0, 0x1f, 0xb0, 0x0,
    0x0, 0x1f, 0xb0, 0x0, 0x0, 0x1f, 0xb0, 0x0,
    0x0, 0x1f, 0xb0, 0x0, 0x0, 0x1f, 0xb0, 0x0,
    0x0, 0x1f, 0xb0, 0x0,

    /* U+00CF "Ï" */
    0x9d, 0x4, 0xe3, 0x8c, 0x4, 0xe3, 0x0, 0x0,
    0x0, 0x1, 0xfb, 0x0, 0x1, 0xfb, 0x0, 0x1,
    0xfb, 0x0, 0x1, 0xfb, 0x0, 0x1, 0xfb, 0x0,
    0x1, 0xfb, 0x0, 0x1, 0xfb, 0x0, 0x1, 0xfb,
    0x0, 0x1, 0xfb, 0x0, 0x1, 0xfb, 0x0, 0x1,
    0xfb, 0x0, 0x1, 0xfb, 0x0, 0x1, 0xfb, 0x0,

    /* U+00D0 "Ð" */
    0x0, 0xff, 0xff, 0xff, 0xda, 0x50, 0x0, 0x0,
    0xf, 0xea, 0xaa, 0xac, 0xff, 0xb1, 0x0, 0x0,
    0xfd, 0x0, 0x0, 0x1, 0xaf, 0xc0, 0x0, 0xf,
    0xd0, 0x0, 0x0, 0x0, 0xaf, 0x60, 0x0, 0xfd,
    0x0, 0x0, 0x0, 0x1, 0xfd, 0x1, 0x2f, 0xf2,
    0x22, 0x0, 0x0, 0xc, 0xf0, 0xcf, 0xff, 0xff,
    0xf6, 0x0, 0x0, 0xaf, 0x14, 0x5f, 0xf5, 0x55,
    0x20, 0x0, 0xc, 0xf0, 0x0, 0xfd, 0x0, 0x0,
    0x0, 0x1, 0xfd, 0x0, 0xf, 0xd0, 0x0, 0x0,
    0x0, 0xaf, 0x60, 0x0, 0xfd, 0x0, 0x0, 0x1,
    0xaf, 0xc0, 0x0, 0xf, 0xea, 0xaa, 0xac, 0xff,
    0xb1, 0x0, 0x0, 0xff, 0xff, 0xff, 0xeb, 0x50,
    0x0, 0x0,

    /* U+00D1 "Ñ" */
    0x0, 0x1, 0xcc, 0x10, 0xa3, 0x0, 0x0, 0x7,
    0xa6, 0xc2, 0xe1, 0x0, 0x0, 0xa, 0x40, 0x6f,
    0x70, 0x0, 0x0, 0x0, 0x0, 0x0, 0x0, 0x0,
    0x1f, 0xb0, 0x0, 0x0, 0x1, 0xfb, 0x1f, 0xf8,
    0x0, 0x0, 0x1, 0xfb, 0x1f, 0xff, 0x50, 0x0,
    0x1, 0xfb, 0x1f, 0xdf, 0xf2, 0x0, 0x1, 0xfb,
    0x1f, 0xb6, 0xfd, 0x0, 0x1, 0xfb, 0x1f, 0xb0,
    0x9f, 0xa0, 0x1, 0xfb, 0x1f, 0xb0, 0xc, 0xf6,
    0x1, 0xfb, 0x1f, 0xb0, 0x1, 0xef, 0x31, 0xfb,
    0x1f, 0xb0, 0x0, 0x4f, 0xe2, 0xfb, 0x1f, 0xb0,
    0x0, 0x7, 0xfd, 0xfb, 0x1f, 0xb0, 0x0, 0x0,
    0xbf, 0xfb, 0x1f, 0xb0, 0x0, 0x0, 0x1d, 0xfb,
    0x1f, 0xb0, 0x0, 0x0, 0x2, 0xfb,

    /* U+00D2 "Ò" */
    0x0, 0x0, 0x3e, 0xd1, 0x0, 0x0, 0x0, 0x0,
    0x0, 0x0, 0x1c, 0xd1, 0x0, 0x0, 0x0, 0x0,
    0x0, 0x0, 0x7, 0x50, 0x0, 0x0, 0x0, 0x0,
    0x0, 0x0, 0x0, 0x0, 0x0, 0x0, 0x0, 0x0,
    0x4a, 0xdf, 0xeb, 0x50, 0x0, 0x0, 0x0, 0xaf,
    0xfc, 0xbc, 0xff, 0xc1, 0x0, 0x0, 0xbf, 0xb2,
    0x0, 0x1, 0xaf, 0xd0, 0x0, 0x6f, 0xb0, 0x0,
    0x0, 0x0, 0x9f, 0x80, 0xc, 0xf1, 0x0, 0x0,
    0x0, 0x0, 0xfe, 0x0, 0xfc, 0x0, 0x0, 0x0,
    0x0, 0xa, 0xf2, 0x1f, 0xa0, 0x0, 0x0, 0x0,
    0x0, 0x9f, 0x30, 0xfc, 0x0, 0x0, 0x0, 0x0,
    0xa, 0xf2, 0xc, 0xf1, 0x0, 0x0, 0x0, 0x0,
    0xfe, 0x0, 0x6f, 0xb0, 0x0, 0x0, 0x0, 0x9f,
    0x80, 0x0, 0xbf, 0xb2, 0x0, 0x1, 0xaf, 0xd0,
    0x0, 0x0, 0xaf, 0xfc, 0xbc, 0xff, 0xc1, 0x0,
    0x0, 0x0, 0x4a, 0xef, 0xeb, 0x50, 0x0, 0x0,

    /* U+00D3 "Ó" */
    0x0, 0x0, 0x0, 0x0, 0xcf, 0x50, 0x0, 0x0,
    0x0, 0x0, 0x0, 0xce, 0x20, 0x0, 0x0, 0x0,
    0x0, 0x0, 0x47, 0x10, 0x0, 0x0, 0x0, 0x0,
    0x0, 0x0, 0x0, 0x0, 0x0, 0x0, 0x0, 0x0,
    0x4a, 0xdf, 0xeb, 0x50, 0x0, 0x0, 0x0, 0xaf,
    0xfc, 0xbc, 0xff, 0xc1, 0x0, 0x0, 0xbf, 0xb2,
    0x0, 0x1, 0xaf, 0xd0, 0x0, 0x6f, 0xb0, 0x0,
    0x0, 0x0, 0x9f, 0x80, 0xc, 0xf1, 0x0, 0x0,
    0x0, 0x0, 0xfe, 0x0, 0xfc, 0x0, 0x0, 0x0,
    0x0, 0xa, 0xf2, 0x1f, 0xa0, 0x0, 0x0, 0x0,
    0x0, 0x9f, 0x30, 0xfc, 0x0, 0x0, 0x0, 0x0,
    0xa, 0xf2, 0xc, 0xf1, 0x0, 0x0, 0x0, 0x0,
    0xfe, 0x0, 0x6f, 0xb0, 0x0, 0x0, 0x0, 0x9f,
    0x80, 0x0, 0xbf, 0xb2, 0x0, 0x1, 0xaf, 0xd0,
    0x0, 0x0, 0xaf, 0xfc, 0xbc, 0xff, 0xc1, 0x0,
    0x0, 0x0, 0x4a, 0xef, 0xeb, 0x50, 0x0, 0x0,

    /* U+00D4 "Ô" */
    0x0, 0x0, 0x0, 0xbf, 0xd1, 0x0, 0x0, 0x0,
    0x0, 0x0, 0xae, 0x3c, 0xc0, 0x0, 0x0, 0x0,
    0x0, 0x37, 0x10, 0x7, 0x40, 0x0, 0x0, 0x0,
    0x0, 0x0, 0x0, 0x0, 0x0, 0x0, 0x0, 0x0,
    0x4a, 0xdf, 0xeb, 0x50, 0x0, 0x0, 0x0, 0xaf,
    0xfc, 0xbc, 0xff, 0xc1, 0x0, 0x0, 0xbf, 0xb2,
    0x0, 0x1, 0xaf, 0xd0, 0x0, 0x6f, 0xb0, 0x0,
    0x0, 0x0, 0x9f, 0x80, 0xc, 0xf1, 0x0, 0x0,
    0x0, 0x0, 0xfe, 0x0, 0xfc, 0x0, 0x0, 0x0,
    0x0, 0xa, 0xf2, 0x1f, 0xa0, 0x0, 0x0, 0x0,
    0x0, 0x9f, 0x30, 0xfc, 0x0, 0x0, 0x0, 0x0,
    0xa, 0xf2, 0xc, 0xf1, 0x0, 0x0, 0x0, 0x0,
    0xfe, 0x0, 0x6f, 0xb0, 0x0, 0x0, 0x0, 0x9f,
    0x80, 0x0, 0xbf, 0xb2, 0x0, 0x1, 0xaf, 0xd0,
    0x0, 0x0, 0xaf, 0xfc, 0xbc, 0xff, 0xc1, 0x0,
    0x0, 0x0, 0x4a, 0xef, 0xeb, 0x50, 0x0, 0x0,

    /* U+00D5 "Õ" */
    0x0, 0x0, 0x9, 0xe3, 0x6, 0x80, 0x0, 0x0,
    0x0, 0x2, 0xe4, 0xd2, 0xb5, 0x0, 0x0, 0x0,
    0x0, 0x69, 0x3, 0xeb, 0x0, 0x0, 0x0, 0x0,
    0x0, 0x0, 0x0, 0x0, 0x0, 0x0, 0x0, 0x0,
    0x4a, 0xdf, 0xeb, 0x50, 0x0, 0x0, 0x0, 0xaf,
    0xfc, 0xbc, 0xff, 0xc1, 0x0, 0x0, 0xbf, 0xb2,
    0x0, 0x1, 0xaf, 0xd0, 0x0, 0x6f, 0xb0, 0x0,
    0x0, 0x0, 0x9f, 0x80, 0xc, 0xf1, 0x0, 0x0,
    0x0, 0x0, 0xfe, 0x0, 0xfc, 0x0, 0x0, 0x0,
    0x0, 0xa, 0xf2, 0x1f, 0xa0, 0x0, 0x0, 0x0,
    0x0, 0x9f, 0x30, 0xfc, 0x0, 0x0, 0x0, 0x0,
    0xa, 0xf2, 0xc, 0xf1, 0x0, 0x0, 0x0, 0x0,
    0xfe, 0x0, 0x6f, 0xb0, 0x0, 0x0, 0x0, 0x9f,
    0x80, 0x0, 0xbf, 0xb2, 0x0, 0x1, 0xaf, 0xd0,
    0x0, 0x0, 0xaf, 0xfc, 0xbc, 0xff, 0xc1, 0x0,
    0x0, 0x0, 0x4a, 0xef, 0xeb, 0x50, 0x0, 0x0,

    /* U+00D6 "Ö" */
    0x0, 0x0, 0xb, 0x90, 0x6d, 0x0, 0x0, 0x0,
    0x0, 0x0, 0xda, 0x7, 0xe1, 0x0, 0x0, 0x0,
    0x0, 0x0, 0x0, 0x0, 0x0, 0x0, 0x0, 0x0,
    0x0, 0x0, 0x0, 0x0, 0x0, 0x0, 0x0, 0x0,
    0x4a, 0xdf, 0xeb, 0x50, 0x0, 0x0, 0x0, 0xaf,
    0xfc, 0xbc, 0xff, 0xc1, 0x0, 0x0, 0xbf, 0xb2,
    0x0, 0x1, 0xaf, 0xd0, 0x0, 0x6f, 0xb0, 0x0,
    0x0, 0x0, 0x9f, 0x80, 0xc, 0xf1, 0x0, 0x0,
    0x0, 0x0, 0xfe, 0x0, 0xfc, 0x0, 0x0, 0x0,
    0x0, 0xa, 0xf2, 0x1f, 0xa0, 0x0, 0x0, 0x0,
    0x0, 0x9f, 0x30, 0xfc, 0x0, 0x0, 0x0, 0x0,
    0xa, 0xf2, 0xc, 0xf1, 0x0, 0x0, 0x0, 0x0,
    0xfe, 0x0, 0x6f, 0xb0, 0x0, 0x0, 0x0, 0x9f,
    0x80, 0x0, 0xbf, 0xb2, 0x0, 0x1, 0xaf, 0xd0,
    0x0, 0x0, 0xaf, 0xfc, 0xbc, 0xff, 0xc1, 0x0,
    0x0, 0x0, 0x4a, 0xef, 0xeb, 0x50, 0x0, 0x0,

    /* U+00D7 "×" */
    0x0, 0x0, 0x0, 0x0, 0x9, 0x60, 0x1, 0xc2,
    0x9, 0xf5, 0x1d, 0xe2, 0x0, 0xaf, 0xdf, 0x30,
    0x0, 0xe, 0xf7, 0x0, 0x0, 0xbf, 0xcf, 0x40,
    0xa, 0xf4, 0xc, 0xf3, 0x8, 0x50, 0x0, 0xb1,

    /* U+00D8 "Ø" */
    0x0, 0x0, 0x0, 0x0, 0x0, 0x0, 0x64, 0x0,
    0x0, 0x0, 0x0, 0x0, 0x0, 0x6e, 0x10, 0x0,
    0x0, 0x4a, 0xdf, 0xeb, 0x7f, 0x40, 0x0, 0x0,
    0xaf, 0xfc, 0xbc, 0xff, 0xf1, 0x0, 0x0, 0xbf,
    0xb2, 0x0, 0x9, 0xff, 0xd0, 0x0, 0x6f, 0xb0,
    0x0, 0x3, 0xf3, 0x9f, 0x80, 0xc, 0xf1, 0x0,
    0x0, 0xd8, 0x0, 0xfe, 0x0, 0xfc, 0x0, 0x0,
    0x9c, 0x0, 0xa, 0xf2, 0x1f, 0xa0, 0x0, 0x4f,
    0x20, 0x0, 0x9f, 0x30, 0xfc, 0x0, 0x1e, 0x60,
    0x0, 0xa, 0xf2, 0xc, 0xf1, 0xb, 0xb0, 0x0,
    0x0, 0xfe, 0x0, 0x6f, 0xb6, 0xe1, 0x0, 0x0,
    0x9f, 0x80, 0x0, 0xbf, 0xf7, 0x0, 0x1, 0xaf,
    0xd0, 0x0, 0x1, 0xff, 0xfc, 0xbc, 0xff, 0xc1,
    0x0, 0x0, 0x7d, 0x5a, 0xef, 0xeb, 0x50, 0x0,
    0x0, 0x3f, 0x30, 0x0, 0x0, 0x0, 0x0, 0x0,

    /* U+00D9 "Ù" */
    0x0, 0x8, 0xf8, 0x0, 0x0, 0x0, 0x0, 0x0,
    0x6f, 0x80, 0x0, 0x0, 0x0, 0x0, 0x3, 0x71,
    0x0, 0x0, 0x0, 0x0, 0x0, 0x0, 0x0, 0x0,
    0x3f, 0x90, 0x0, 0x0, 0x5, 0xf7, 0x3f, 0x90,
    0x0, 0x0, 0x5, 0xf7, 0x3f, 0x90, 0x0, 0x0,
    0x5, 0xf7, 0x3f, 0x90, 0x0, 0x0, 0x5, 0xf7,
    0x3f, 0x90, 0x0, 0x0, 0x5, 0xf7, 0x3f, 0x90,
    0x0, 0x0, 0x5, 0xf7, 0x3f, 0x90, 0x0, 0x0,
    0x5, 0xf7, 0x3f, 0x90, 0x0, 0x0, 0x5, 0xf6,
    0x2f, 0xb0, 0x0, 0x0, 0x7, 0xf5, 0xe, 0xf0,
    0x0, 0x0, 0xb, 0xf2, 0x8, 0xfa, 0x0, 0x0,
    0x7f, 0xb0, 0x0, 0xcf, 0xfb, 0xbe, 0xfe, 0x20,
    0x0, 0x7, 0xcf, 0xfd, 0x81, 0x0,

    /* U+00DA "Ú" */
    0x0, 0x0, 0x0, 0x4f, 0xb1, 0x0, 0x0, 0x0,
    0x4, 0xf9, 0x0, 0x0, 0x0, 0x0, 0x7, 0x50,
    0x0, 0x0, 0x0, 0x0, 0x0, 0x0, 0x0, 0x0,
    0x3f, 0x90, 0x0, 0x0, 0x5, 0xf7, 0x3f, 0x90,
    0x0, 0x0, 0x5, 0xf7, 0x3f, 0x90, 0x0, 0x0,
    0x5, 0xf7, 0x3f, 0x90, 0x0, 0x0, 0x5, 0xf7,
    0x3f, 0x90, 0x0, 0x0, 0x5, 0xf7, 0x3f, 0x90,
    0x0, 0x0, 0x5, 0xf7, 0x3f, 0x90, 0x0, 0x0,
    0x5, 0xf7, 0x3f, 0x90, 0x0, 0x0, 0x5, 0xf6,
    0x2f, 0xb0, 0x0, 0x0, 0x7, 0xf5, 0xe, 0xf0,
    0x0, 0x0, 0xb, 0xf2, 0x8, 0xfa, 0x0, 0x0,
    0x7f, 0xb0, 0x0, 0xcf, 0xfb, 0xbe, 0xfe, 0x20,
    0x0, 0x7, 0xcf, 0xfd, 0x81, 0x0,

    /* U+00DB "Û" */
    0x0, 0x0, 0x3f, 0xf6, 0x0, 0x0, 0x0, 0x3,
    0xf9, 0x5f, 0x60, 0x0, 0x0, 0x6, 0x50, 0x3,
    0x70, 0x0, 0x0, 0x0, 0x0, 0x0, 0x0, 0x0,
    0x3f, 0x90, 0x0, 0x0, 0x5, 0xf7, 0x3f, 0x90,
    0x0, 0x0, 0x5, 0xf7, 0x3f, 0x90, 0x0, 0x0,
    0x5, 0xf7, 0x3f, 0x90, 0x0, 0x0, 0x5, 0xf7,
    0x3f, 0x90, 0x0, 0x0, 0x5, 0xf7, 0x3f, 0x90,
    0x0, 0x0, 0x5, 0xf7, 0x3f, 0x90, 0x0, 0x0,
    0x5, 0xf7, 0x3f, 0x90, 0x0, 0x0, 0x5, 0xf6,
    0x2f, 0xb0, 0x0, 0x0, 0x7, 0xf5, 0xe, 0xf0,
    0x0, 0x0, 0xb, 0xf2, 0x8, 0xfa, 0x0, 0x0,
    0x7f, 0xb0, 0x0, 0xcf, 0xfb, 0xbe, 0xfe, 0x20,
    0x0, 0x7, 0xcf, 0xfd, 0x81, 0x0,

    /* U+00DC "Ü" */
    0x0, 0x4, 0xd2, 0xc, 0x70, 0x0, 0x0, 0x4,
    0xf3, 0xe, 0x80, 0x0, 0x0, 0x0, 0x0, 0x0,
    0x0, 0x0, 0x0, 0x0, 0x0, 0x0, 0x0, 0x0,
    0x3f, 0x90, 0x0, 0x0, 0x5, 0xf7, 0x3f, 0x90,
    0x0, 0x0, 0x5, 0xf7, 0x3f, 0x90, 0x0, 0x0,
    0x5, 0xf7, 0x3f, 0x90, 0x0, 0x0, 0x5, 0xf7,
    0x3f, 0x90, 0x0, 0x0, 0x5, 0xf7, 0x3f, 0x90,
    0x0, 0x0, 0x5, 0xf7, 0x3f, 0x90, 0x0, 0x0,
    0x5, 0xf7, 0x3f, 0x90, 0x0, 0x0, 0x5, 0xf6,
    0x2f, 0xb0, 0x0, 0x0, 0x7, 0xf5, 0xe, 0xf0,
    0x0, 0x0, 0xb, 0xf2, 0x8, 0xfa, 0x0, 0x0,
    0x7f, 0xb0, 0x0, 0xcf, 0xfb, 0xbe, 0xfe, 0x20,
    0x0, 0x7, 0xcf, 0xfd, 0x81, 0x0,

    /* U+00DD "Ý" */
    0x0, 0x0, 0x0, 0x2, 0x86, 0x0, 0x0, 0x0,
    0x0, 0x2, 0xec, 0x10, 0x0, 0x0, 0x0, 0x2,
    0xea, 0x0, 0x0, 0x0, 0x0, 0x0, 0x0, 0x0,
    0x0, 0x0, 0xc, 0xf2, 0x0, 0x0, 0x0, 0x5f,
    0x60, 0x3f, 0xb0, 0x0, 0x0, 0xe, 0xd0, 0x0,
    0x9f, 0x50, 0x0, 0x8, 0xf3, 0x0, 0x1, 0xee,
    0x0, 0x2, 0xfa, 0x0, 0x0, 0x6, 0xf8, 0x0,
    0xbf, 0x10, 0x0, 0x0, 0xc, 0xf1, 0x4f, 0x70,
    0x0, 0x0, 0x0, 0x3f, 0xbd, 0xd0, 0x0, 0x0,
    0x0, 0x0, 0xaf, 0xf4, 0x0, 0x0, 0x0, 0x0,
    0x2, 0xfc, 0x0, 0x0, 0x0, 0x0, 0x0, 0x1f,
    0xb0, 0x0, 0x0, 0x0, 0x0, 0x1, 0xfb, 0x0,
    0x0, 0x0, 0x0, 0x0, 0x1f, 0xb0, 0x0, 0x0,
    0x0, 0x0, 0x1, 0xfb, 0x0, 0x0, 0x0,

    /* U+00DE "Þ" */
    0x1f, 0xb0, 0x0, 0x0, 0x0, 0x0, 0x1f, 0xea,
    0xa9, 0x96, 0x10, 0x0, 0x1f, 0xff, 0xff, 0xff,
    0xf7, 0x0, 0x1f, 0xb0, 0x0, 0x15, 0xdf, 0x50,
    0x1f, 0xb0, 0x0, 0x0, 0x2f, 0xd0, 0x1f, 0xb0,
    0x0, 0x0, 0xd, 0xf0, 0x1f, 0xb0, 0x0, 0x0,
    0xd, 0xf0, 0x1f, 0xb0, 0x0, 0x0, 0x2f, 0xd0,
    0x1f, 0xb0, 0x0, 0x15, 0xdf, 0x60, 0x1f, 0xff,
    0xff, 0xff, 0xf7, 0x0, 0x1f, 0xe9, 0x99, 0x96,
    0x10, 0x0, 0x1f, 0xb0, 0x0, 0x0, 0x0, 0x0,
    0x1f, 0xb0, 0x0, 0x0, 0x0, 0x0,

    /* U+00DF "ß" */
    0x0, 0x3b, 0xef, 0xd6, 0x0, 0x0, 0x4f, 0xfa,
    0x9d, 0xf9, 0x0, 0xe, 0xe2, 0x0, 0xb, 0xf2,
    0x3, 0xf8, 0x0, 0x0, 0x6f, 0x40, 0x5f, 0x60,
    0x0, 0x8, 0xf2, 0x5, 0xf5, 0x0, 0x17, 0xfa,
    0x0, 0x5f, 0x50, 0x3f, 0xff, 0x30, 0x5, 0xf5,
    0x1, 0x89, 0xef, 0x60, 0x5f, 0x50, 0x0, 0x0,
    0xdf, 0x15, 0xf5, 0x0, 0x0, 0x6, 0xf5, 0x5f,
    0x50, 0x0, 0x0, 0x6f, 0x55, 0xf5, 0x0, 0x0,
    0xd, 0xf1, 0x5f, 0x50, 0x99, 0xae, 0xf8, 0x5,
    0xf5, 0xc, 0xff, 0xc5, 0x0,

    /* U+00E0 "à" */
    0x0, 0x7f, 0x90, 0x0, 0x0, 0x0, 0x5, 0xf9,
    0x0, 0x0, 0x0, 0x0, 0x39, 0x20, 0x0, 0x0,
    0x0, 0x0, 0x0, 0x0, 0x1, 0x7c, 0xff, 0xd6,
    0x0, 0x9, 0xfc, 0x99, 0xef, 0x80, 0x1, 0x30,
    0x0, 0xd, 0xf0, 0x0, 0x0, 0x0, 0x9, 0xf2,
    0x1, 0x9e, 0xff, 0xff, 0xf3, 0xa, 0xf8, 0x43,
    0x3a, 0xf3, 0xf, 0xb0, 0x0, 0x8, 0xf3, 0xf,
    0xb0, 0x0, 0xe, 0xf3, 0x9, 0xf9, 0x46, 0xdf,
    0xf3, 0x0, 0x8d, 0xfe, 0x87, 0xf3,

    /* U+00E1 "á" */
    0x0, 0x0, 0x3, 0xfd, 0x10, 0x0, 0x0, 0x2e,
    0xb0, 0x0, 0x0, 0x0, 0x77, 0x0, 0x0, 0x0,
    0x0, 0x0, 0x0, 0x0, 0x1, 0x7c, 0xff, 0xd6,
    0x0, 0x9, 0xfc, 0x99, 0xef, 0x80, 0x1, 0x30,
    0x0, 0xd, 0xf0, 0x0, 0x0, 0x0, 0x9, 0xf2,
    0x1, 0x9e, 0xff, 0xff, 0xf3, 0xa, 0xf8, 0x43,
    0x3a, 0xf3, 0xf, 0xb0, 0x0, 0x8, 0xf3, 0xf,
    0xb0, 0x0, 0xe, 0xf3, 0x9, 0xf9, 0x46, 0xdf,
    0xf3, 0x0, 0x8d, 0xfe, 0x87, 0xf3,

    /* U+00E2 "â" */
    0x0, 0x2, 0xef, 0x80, 0x0, 0x0, 0x1e, 0xb5,
    0xf7, 0x0, 0x0, 0x67, 0x0, 0x39, 0x10, 0x0,
    0x0, 0x0, 0x0, 0x0, 0x1, 0x7c, 0xff, 0xd6,
    0x0, 0x9, 0xfc, 0x99, 0xef, 0x80, 0x1, 0x30,
    0x0, 0xd, 0xf0, 0x0, 0x0, 0x0, 0x9, 0xf2,
    0x1, 0x9e, 0xff, 0xff, 0xf3, 0xa, 0xf8, 0x43,
    0x3a, 0xf3, 0xf, 0xb0, 0x0, 0x8, 0xf3, 0xf,
    0xb0, 0x0, 0xe, 0xf3, 0x9, 0xf9, 0x46, 0xdf,
    0xf3, 0x0, 0x8d, 0xfe, 0x87, 0xf3,

    /* U+00E3 "ã" */
    0x0, 0x3e, 0xd5, 0xd, 0x20, 0x0, 0xa8, 0x4c,
    0xfa, 0x0, 0x0, 0x10, 0x0, 0x0, 0x0, 0x0,
    0x0, 0x0, 0x0, 0x0, 0x1, 0x7c, 0xff, 0xd6,
    0x0, 0x9, 0xfc, 0x99, 0xef, 0x80, 0x1, 0x30,
    0x0, 0xd, 0xf0, 0x0, 0x0, 0x0, 0x9, 0xf2,
    0x1, 0x9e, 0xff, 0xff, 0xf3, 0xa, 0xf8, 0x43,
    0x3a, 0xf3, 0xf, 0xb0, 0x0, 0x8, 0xf3, 0xf,
    0xb0, 0x0, 0xe, 0xf3, 0x9, 0xf9, 0x46, 0xdf,
    0xf3, 0x0, 0x8d, 0xfe, 0x87, 0xf3,

    /* U+00E4 "ä" */
    0x0, 0x3e, 0x40, 0xc9, 0x0, 0x0, 0x2d, 0x40,
    0xb9, 0x0, 0x0, 0x0, 0x0, 0x0, 0x0, 0x0,
    0x0, 0x0, 0x0, 0x0, 0x1, 0x7c, 0xff, 0xd6,
    0x0, 0x9, 0xfc, 0x99, 0xef, 0x80, 0x1, 0x30,
    0x0, 0xd, 0xf0, 0x0, 0x0, 0x0, 0x9, 0xf2,
    0x1, 0x9e, 0xff, 0xff, 0xf3, 0xa, 0xf8, 0x43,
    0x3a, 0xf3, 0xf, 0xb0, 0x0, 0x8, 0xf3, 0xf,
    0xb0, 0x0, 0xe, 0xf3, 0x9, 0xf9, 0x46, 0xdf,
    0xf3, 0x0, 0x8d, 0xfe, 0x87, 0xf3,

    /* U+00E5 "å" */
    0x0, 0x1, 0xbc, 0x60, 0x0, 0x0, 0xa, 0x30,
    0xc1, 0x0, 0x0, 0xa, 0x30, 0xc1, 0x0, 0x0,
    0x1, 0xbc, 0x60, 0x0, 0x0, 0x0, 0x0, 0x0,
    0x0, 0x1, 0x7c, 0xff, 0xd6, 0x0, 0x9, 0xfc,
    0x99, 0xef, 0x80, 0x1, 0x30, 0x0, 0xd, 0xf0,
    0x0, 0x0, 0x0, 0x9, 0xf2, 0x1, 0x9e, 0xff,
    0xff, 0xf3, 0xa, 0xf8, 0x43, 0x3a, 0xf3, 0xf,
    0xb0, 0x0, 0x8, 0xf3, 0xf, 0xb0, 0x0, 0xe,
    0xf3, 0x9, 0xf9, 0x46, 0xdf, 0xf3, 0x0, 0x8d,
    0xfe, 0x87, 0xf3,

    /* U+00E6 "æ" */
    0x1, 0x7c, 0xff, 0xd6, 0x2, 0xae, 0xfd, 0x70,
    0x0, 0x9, 0xfc, 0x99, 0xef, 0x9f, 0xfa, 0x9c,
    0xfc, 0x0, 0x1, 0x20, 0x0, 0xd, 0xfd, 0x10,
    0x0, 0x6f, 0x80, 0x0, 0x0, 0x0, 0x9, 0xf6,
    0x0, 0x0, 0xd, 0xe0, 0x1, 0x9e, 0xff, 0xff,
    0xff, 0xff, 0xff, 0xff, 0xf0, 0xb, 0xf7, 0x43,
    0x3a, 0xf7, 0x33, 0x33, 0x33, 0x30, 0xf, 0xa0,
    0x0, 0xa, 0xf9, 0x0, 0x0, 0x0, 0x0, 0xf,
    0xd0, 0x0, 0x2f, 0xff, 0x50, 0x0, 0x29, 0x0,
    0x9, 0xfd, 0x9a, 0xfe, 0x4e, 0xfc, 0x9a, 0xff,
    0x20, 0x0, 0x7d, 0xfe, 0xa1, 0x1, 0x9e, 0xfe,
    0xa2, 0x0,

    /* U+00E7 "ç" */
    0x0, 0x7, 0xdf, 0xeb, 0x30, 0x0, 0xcf, 0xd9,
    0xaf, 0xf4, 0x9, 0xf7, 0x0, 0x2, 0xc3, 0xf,
    0xd0, 0x0, 0x0, 0x0, 0x3f, 0x80, 0x0, 0x0,
    0x0, 0x3f, 0x80, 0x0, 0x0, 0x0, 0xf, 0xc0,
    0x0, 0x0, 0x0, 0x9, 0xf7, 0x0, 0x2, 0xc3,
    0x0, 0xcf, 0xd9, 0xaf, 0xf3, 0x0, 0x7, 0xdf,
    0xeb, 0x30, 0x0, 0x0, 0x4c, 0x0, 0x0, 0x0,
    0x0, 0x4b, 0xd0, 0x0, 0x0, 0x1, 0x14, 0xf2,
    0x0, 0x0, 0x6, 0xfe, 0x80, 0x0,

    /* U+00E8 "è" */
    0x0, 0x4e, 0xd1, 0x0, 0x0, 0x0, 0x0, 0x2d,
    0xc0, 0x0, 0x0, 0x0, 0x0, 0x18, 0x50, 0x0,
    0x0, 0x0, 0x0, 0x0, 0x0, 0x0, 0x0, 0x8,
    0xdf, 0xe9, 0x10, 0x0, 0x1d, 0xfb, 0x8a, 0xfe,
    0x20, 0xa, 0xf3, 0x0, 0x3, 0xfb, 0x0, 0xfa,
    0x0, 0x0, 0x9, 0xf1, 0x3f, 0xff, 0xff, 0xff,
    0xff, 0x33, 0xfa, 0x33, 0x33, 0x33, 0x30, 0xf,
    0xd0, 0x0, 0x0, 0x0, 0x0, 0x9f, 0x90, 0x0,
    0x9, 0x10, 0x0, 0xdf, 0xda, 0xae, 0xf6, 0x0,
    0x0, 0x7d, 0xff, 0xc5, 0x0,

    /* U+00E9 "é" */
    0x0, 0x0, 0x0, 0xcf, 0x40, 0x0, 0x0, 0x0,
    0xce, 0x20, 0x0, 0x0, 0x0, 0x58, 0x10, 0x0,
    0x0, 0x0, 0x0, 0x0, 0x0, 0x0, 0x0, 0x8,
    0xdf, 0xe9, 0x10, 0x0, 0x1d, 0xfb, 0x8a, 0xfe,
    0x20, 0xa, 0xf3, 0x0, 0x3, 0xfb, 0x0, 0xfa,
    0x0, 0x0, 0x9, 0xf1, 0x3f, 0xff, 0xff, 0xff,
    0xff, 0x33, 0xfa, 0x33, 0x33, 0x33, 0x30, 0xf,
    0xd0, 0x0, 0x0, 0x0, 0x0, 0x9f, 0x90, 0x0,
    0x9, 0x10, 0x0, 0xdf, 0xda, 0xae, 0xf6, 0x0,
    0x0, 0x7d, 0xff, 0xc5, 0x0,

    /* U+00EA "ê" */
    0x0, 0x0, 0xbf, 0xc0, 0x0, 0x0, 0x0, 0xae,
    0x4d, 0xb0, 0x0, 0x0, 0x49, 0x10, 0x18, 0x40,
    0x0, 0x0, 0x0, 0x0, 0x0, 0x0, 0x0, 0x8,
    0xdf, 0xe9, 0x10, 0x0, 0x1d, 0xfb, 0x8a, 0xfe,
    0x20, 0xa, 0xf3, 0x0, 0x3, 0xfb, 0x0, 0xfa,
    0x0, 0x0, 0x9, 0xf1, 0x3f, 0xff, 0xff, 0xff,
    0xff, 0x33, 0xfa, 0x33, 0x33, 0x33, 0x30, 0xf,
    0xd0, 0x0, 0x0, 0x0, 0x0, 0x9f, 0x90, 0x0,
    0x9, 0x10, 0x0, 0xdf, 0xda, 0xae, 0xf6, 0x0,
    0x0, 0x7d, 0xff, 0xc5, 0x0,

    /* U+00EB "ë" */
    0x0, 0xd, 0x90, 0x8d, 0x0, 0x0, 0x0, 0xc8,
    0x7, 0xc0, 0x0, 0x0, 0x0, 0x0, 0x0, 0x0,
    0x0, 0x0, 0x0, 0x0, 0x0, 0x0, 0x0, 0x8,
    0xdf, 0xe9, 0x10, 0x0, 0x1d, 0xfb, 0x8a, 0xfe,
    0x20, 0xa, 0xf3, 0x0, 0x3, 0xfb, 0x0, 0xfa,
    0x0, 0x0, 0x9, 0xf1, 0x3f, 0xff, 0xff, 0xff,
    0xff, 0x33, 0xfa, 0x33, 0x33, 0x33, 0x30, 0xf,
    0xd0, 0x0, 0x0, 0x0, 0x0, 0x9f, 0x90, 0x0,
    0x9, 0x10, 0x0, 0xdf, 0xda, 0xae, 0xf6, 0x0,
    0x0, 0x7d, 0xff, 0xc5, 0x0,

    /* U+00EC "ì" */
    0x4e, 0xd1, 0x0, 0x2d, 0xc1, 0x0, 0x17, 0x50,
    0x0, 0x0, 0x0, 0x5f, 0x50, 0x5, 0xf5, 0x0,
    0x5f, 0x50, 0x5, 0xf5, 0x0, 0x5f, 0x50, 0x5,
    0xf5, 0x0, 0x5f, 0x50, 0x5, 0xf5, 0x0, 0x5f,
    0x50, 0x5, 0xf5,

    /* U+00ED "í" */
    0x1, 0xde, 0x40, 0xcd, 0x20, 0x47, 0x10, 0x0,
    0x0, 0x0, 0x5f, 0x50, 0x5, 0xf5, 0x0, 0x5f,
    0x50, 0x5, 0xf5, 0x0, 0x5f, 0x50, 0x5, 0xf5,
    0x0, 0x5f, 0x50, 0x5, 0xf5, 0x0, 0x5f, 0x50,
    0x5, 0xf5, 0x0,

    /* U+00EE "î" */
    0x0, 0xbf, 0xb0, 0x0, 0x7f, 0x5f, 0x70, 0x8,
    0x30, 0x38, 0x0, 0x0, 0x0, 0x0, 0x0, 0x5f,
    0x50, 0x0, 0x5, 0xf5, 0x0, 0x0, 0x5f, 0x50,
    0x0, 0x5, 0xf5, 0x0, 0x0, 0x5f, 0x50, 0x0,
    0x5, 0xf5, 0x0, 0x0, 0x5f, 0x50, 0x0, 0x5,
    0xf5, 0x0, 0x0, 0x5f, 0x50, 0x0, 0x5, 0xf5,
    0x0,

    /* U+00EF "ï" */
    0x7d, 0xd, 0x76, 0xc0, 0xc6, 0x0, 0x0, 0x0,
    0x0, 0x0, 0x5, 0xf5, 0x0, 0x5f, 0x50, 0x5,
    0xf5, 0x0, 0x5f, 0x50, 0x5, 0xf5, 0x0, 0x5f,
    0x50, 0x5, 0xf5, 0x0, 0x5f, 0x50, 0x5, 0xf5,
    0x0, 0x5f, 0x50,

    /* U+00F0 "ð" */
    0x3, 0xce, 0xfe, 0xb4, 0x27, 0x0, 0x2c, 0x98,
    0xaf, 0xff, 0xc0, 0x0, 0x1, 0x7e, 0xfc, 0xf8,
    0x0, 0x6, 0xfe, 0x81, 0xc, 0xf1, 0x0, 0x36,
    0x0, 0x0, 0x5f, 0x60, 0x0, 0x26, 0x75, 0x1,
    0xf9, 0x0, 0xaf, 0xff, 0xfe, 0x3f, 0xb0, 0x9f,
    0xa2, 0x2, 0xae, 0xfb, 0x1f, 0xc0, 0x0, 0x0,
    0xcf, 0xa3, 0xf8, 0x0, 0x0, 0x8, 0xf8, 0x2f,
    0xa0, 0x0, 0x0, 0xaf, 0x30, 0xdf, 0x30, 0x0,
    0x3f, 0xb0, 0x4, 0xff, 0xa8, 0xbf, 0xd2, 0x0,
    0x2, 0xae, 0xfd, 0x81, 0x0,

    /* U+00F1 "ñ" */
    0x0, 0x3e, 0xd4, 0xe, 0x10, 0x0, 0xb7, 0x4d,
    0xf9, 0x0, 0x0, 0x10, 0x0, 0x0, 0x0, 0x0,
    0x0, 0x0, 0x0, 0x0, 0x5f, 0x57, 0xdf, 0xea,
    0x10, 0x5f, 0xef, 0xa8, 0xcf, 0xd0, 0x5f, 0xf3,
    0x0, 0x9, 0xf6, 0x5f, 0x90, 0x0, 0x2, 0xf9,
    0x5f, 0x60, 0x0, 0x0, 0xfa, 0x5f, 0x50, 0x0,
    0x0, 0xfb, 0x5f, 0x50, 0x0, 0x0, 0xfb, 0x5f,
    0x50, 0x0, 0x0, 0xfb, 0x5f, 0x50, 0x0, 0x0,
    0xfb, 0x5f, 0x50, 0x0, 0x0, 0xfb,

    /* U+00F2 "ò" */
    0x0, 0x2d, 0xe2, 0x0, 0x0, 0x0, 0x0, 0x1c,
    0xe2, 0x0, 0x0, 0x0, 0x0, 0x7, 0x70, 0x0,
    0x0, 0x0, 0x0, 0x0, 0x0, 0x0, 0x0, 0x7,
    0xdf, 0xea, 0x30, 0x0, 0xd, 0xfd, 0x9a, 0xff,
    0x50, 0x9, 0xf7, 0x0, 0x2, 0xef, 0x10, 0xfd,
    0x0, 0x0, 0x6, 0xf7, 0x3f, 0x80, 0x0, 0x0,
    0x2f, 0x93, 0xf8, 0x0, 0x0, 0x2, 0xf9, 0xf,
    0xd0, 0x0, 0x0, 0x6f, 0x60, 0x9f, 0x80, 0x0,
    0x2e, 0xf1, 0x0, 0xcf, 0xd9, 0xaf, 0xf4, 0x0,
    0x0, 0x7d, 0xfe, 0xa3, 0x0,

    /* U+00F3 "ó" */
    0x0, 0x0, 0x0, 0xaf, 0x60, 0x0, 0x0, 0x0,
    0x9f, 0x40, 0x0, 0x0, 0x0, 0x39, 0x20, 0x0,
    0x0, 0x0, 0x0, 0x0, 0x0, 0x0, 0x0, 0x7,
    0xdf, 0xea, 0x30, 0x0, 0xd, 0xfd, 0x9a, 0xff,
    0x50, 0x9, 0xf7, 0x0, 0x2, 0xef, 0x10, 0xfd,
    0x0, 0x0, 0x6, 0xf7, 0x3f, 0x80, 0x0, 0x0,
    0x2f, 0x93, 0xf8, 0x0, 0x0, 0x2, 0xf9, 0xf,
    0xd0, 0x0, 0x0, 0x6f, 0x60, 0x9f, 0x80, 0x0,
    0x2e, 0xf1, 0x0, 0xcf, 0xd9, 0xaf, 0xf4, 0x0,
    0x0, 0x7d, 0xfe, 0xa3, 0x0,

    /* U+00F4 "ô" */
    0x0, 0x0, 0x9f, 0xe1, 0x0, 0x0, 0x0, 0x8f,
    0x5c, 0xd1, 0x0, 0x0, 0x29, 0x30, 0x8, 0x60,
    0x0, 0x0, 0x0, 0x0, 0x0, 0x0, 0x0, 0x7,
    0xdf, 0xea, 0x30, 0x0, 0xd, 0xfd, 0x9a, 0xff,
    0x50, 0x9, 0xf7, 0x0, 0x2, 0xef, 0x10, 0xfd,
    0x0, 0x0, 0x6, 0xf7, 0x3f, 0x80, 0x0, 0x0,
    0x2f, 0x93, 0xf8, 0x0, 0x0, 0x2, 0xf9, 0xf,
    0xd0, 0x0, 0x0, 0x6f, 0x60, 0x9f, 0x80, 0x0,
    0x2e, 0xf1, 0x0, 0xcf, 0xd9, 0xaf, 0xf4, 0x0,
    0x0, 0x7d, 0xfe, 0xa3, 0x0,

    /* U+00F5 "õ" */
    0x0, 0xa, 0xfa, 0x16, 0xa0, 0x0, 0x3, 0xe3,
    0x8f, 0xe3, 0x0, 0x0, 0x1, 0x0, 0x0, 0x0,
    0x0, 0x0, 0x0, 0x0, 0x0, 0x0, 0x0, 0x7,
    0xdf, 0xea, 0x30, 0x0, 0xd, 0xfd, 0x9a, 0xff,
    0x50, 0x9, 0xf7, 0x0, 0x2, 0xef, 0x10, 0xfd,
    0x0, 0x0, 0x6, 0xf7, 0x3f, 0x80, 0x0, 0x0,
    0x2f, 0x93, 0xf8, 0x0, 0x0, 0x2, 0xf9, 0xf,
    0xd0, 0x0, 0x0, 0x6f, 0x60, 0x9f, 0x80, 0x0,
    0x2e, 0xf1, 0x0, 0xcf, 0xd9, 0xaf, 0xf4, 0x0,
    0x0, 0x7d, 0xfe, 0xa3, 0x0,

    /* U+00F6 "ö" */
    0x0, 0xa, 0xb0, 0x5e, 0x20, 0x0, 0x0, 0x9a,
    0x4, 0xd2, 0x0, 0x0, 0x0, 0x0, 0x0, 0x0,
    0x0, 0x0, 0x0, 0x0, 0x0, 0x0, 0x0, 0x7,
    0xdf, 0xea, 0x30, 0x0, 0xd, 0xfd, 0x9a, 0xff,
    0x50, 0x9, 0xf7, 0x0, 0x2, 0xef, 0x10, 0xfd,
    0x0, 0x0, 0x6, 0xf7, 0x3f, 0x80, 0x0, 0x0,
    0x2f, 0x93, 0xf8, 0x0, 0x0, 0x2, 0xf9, 0xf,
    0xd0, 0x0, 0x0, 0x6f, 0x60, 0x9f, 0x80, 0x0,
    0x2e, 0xf1, 0x0, 0xcf, 0xd9, 0xaf, 0xf4, 0x0,
    0x0, 0x7d, 0xfe, 0xa3, 0x0,

    /* U+00F7 "÷" */
    0x0, 0x0, 0x20, 0x0, 0x0, 0x0, 0xaf, 0x20,
    0x0, 0x0, 0x8, 0xe1, 0x0, 0x0, 0x0, 0x0,
    0x0, 0x0, 0x12, 0x22, 0x22, 0x22, 0xc, 0xff,
    0xff, 0xff, 0xf4, 0x45, 0x55, 0x55, 0x55, 0x10,
    0x0, 0x2, 0x0, 0x0, 0x0, 0xa, 0xf2, 0x0,
    0x0, 0x0, 0x8e, 0x10, 0x0,

    /* U+00F8 "ø" */
    0x0, 0x0, 0x0, 0x0, 0x7, 0x0, 0x0, 0x0,
    0x0, 0x7, 0x90, 0x0, 0x7, 0xdf, 0xed, 0xf0,
    0x0, 0xd, 0xfd, 0x9b, 0xff, 0x50, 0x9, 0xf7,
    0x0, 0x6d, 0xef, 0x10, 0xfd, 0x0, 0x1d, 0x16,
    0xf7, 0x3f, 0x80, 0xa, 0x60, 0x2f, 0x93, 0xf8,
    0x4, 0xc0, 0x2, 0xf9, 0xf, 0xd0, 0xd2, 0x0,
    0x6f, 0x60, 0x9f, 0xf7, 0x0, 0x2e, 0xf1, 0x0,
    0xff, 0xd9, 0xaf, 0xf4, 0x0, 0xd, 0xbd, 0xfe,
    0xa3, 0x0, 0x7, 0x90, 0x0, 0x0, 0x0, 0x0,

    /* U+00F9 "ù" */
    0x0, 0x9f, 0x70, 0x0, 0x0, 0x0, 0x7, 0xf6,
    0x0, 0x0, 0x0, 0x0, 0x48, 0x10, 0x0, 0x0,
    0x0, 0x0, 0x0, 0x0, 0x7f, 0x40, 0x0, 0x3,
    0xf8, 0x7f, 0x40, 0x0, 0x3, 0xf8, 0x7f, 0x40,
    0x0, 0x3, 0xf8, 0x7f, 0x40, 0x0, 0x3, 0xf8,
    0x7f, 0x40, 0x0, 0x3, 0xf8, 0x7f, 0x40, 0x0,
    0x4, 0xf8, 0x6f, 0x60, 0x0, 0x6, 0xf8, 0x2f,
    0xc0, 0x0, 0x1e, 0xf8, 0xa, 0xfd, 0x89, 0xee,
    0xf8, 0x0, 0x8d, 0xfe, 0x92, 0xf8,

    /* U+00FA "ú" */
    0x0, 0x0, 0x5, 0xfb, 0x0, 0x0, 0x0, 0x5f,
    0x80, 0x0, 0x0, 0x0, 0x75, 0x0, 0x0, 0x0,
    0x0, 0x0, 0x0, 0x0, 0x7f, 0x40, 0x0, 0x3,
    0xf8, 0x7f, 0x40, 0x0, 0x3, 0xf8, 0x7f, 0x40,
    0x0, 0x3, 0xf8, 0x7f, 0x40, 0x0, 0x3, 0xf8,
    0x7f, 0x40, 0x0, 0x3, 0xf8, 0x7f, 0x40, 0x0,
    0x4, 0xf8, 0x6f, 0x60, 0x0, 0x6, 0xf8, 0x2f,
    0xc0, 0x0, 0x1e, 0xf8, 0xa, 0xfd, 0x89, 0xee,
    0xf8, 0x0, 0x8d, 0xfe, 0x92, 0xf8,

    /* U+00FB "û" */
    0x0, 0x4, 0xff, 0x50, 0x0, 0x0, 0x3f, 0x87,
    0xf5, 0x0, 0x0, 0x75, 0x0, 0x47, 0x0, 0x0,
    0x0, 0x0, 0x0, 0x0, 0x7f, 0x40, 0x0, 0x3,
    0xf8, 0x7f, 0x40, 0x0, 0x3, 0xf8, 0x7f, 0x40,
    0x0, 0x3, 0xf8, 0x7f, 0x40, 0x0, 0x3, 0xf8,
    0x7f, 0x40, 0x0, 0x3, 0xf8, 0x7f, 0x40, 0x0,
    0x4, 0xf8, 0x6f, 0x60, 0x0, 0x6, 0xf8, 0x2f,
    0xc0, 0x0, 0x1e, 0xf8, 0xa, 0xfd, 0x89, 0xee,
    0xf8, 0x0, 0x8d, 0xfe, 0x92, 0xf8,

    /* U+00FC "ü" */
    0x0, 0x5e, 0x21, 0xe7, 0x0, 0x0, 0x5d, 0x21,
    0xd6, 0x0, 0x0, 0x0, 0x0, 0x0, 0x0, 0x0,
    0x0, 0x0, 0x0, 0x0, 0x7f, 0x40, 0x0, 0x3,
    0xf8, 0x7f, 0x40, 0x0, 0x3, 0xf8, 0x7f, 0x40,
    0x0, 0x3, 0xf8, 0x7f, 0x40, 0x0, 0x3, 0xf8,
    0x7f, 0x40, 0x0, 0x3, 0xf8, 0x7f, 0x40, 0x0,
    0x4, 0xf8, 0x6f, 0x60, 0x0, 0x6, 0xf8, 0x2f,
    0xc0, 0x0, 0x1e, 0xf8, 0xa, 0xfd, 0x89, 0xee,
    0xf8, 0x0, 0x8d, 0xfe, 0x92, 0xf8,

    /* U+00FD "ý" */
    0x0, 0x0, 0x0, 0x9f, 0x70, 0x0, 0x0, 0x0,
    0x9, 0xf5, 0x0, 0x0, 0x0, 0x0, 0x28, 0x30,
    0x0, 0x0, 0x0, 0x0, 0x0, 0x0, 0x0, 0x0,
    0xd, 0xe0, 0x0, 0x0, 0xd, 0xd0, 0x6, 0xf6,
    0x0, 0x0, 0x3f, 0x70, 0x0, 0xfc, 0x0, 0x0,
    0x9f, 0x10, 0x0, 0x9f, 0x30, 0x1, 0xfa, 0x0,
    0x0, 0x2f, 0x90, 0x6, 0xf3, 0x0, 0x0, 0xc,
    0xf0, 0xd, 0xc0, 0x0, 0x0, 0x5, 0xf6, 0x3f,
    0x60, 0x0, 0x0, 0x0, 0xed, 0xae, 0x0, 0x0,
    0x0, 0x0, 0x8f, 0xf8, 0x0, 0x0, 0x0, 0x0,
    0x1f, 0xf2, 0x0, 0x0, 0x0, 0x0, 0xf, 0xb0,
    0x0, 0x0, 0x1, 0x0, 0x7f, 0x40, 0x0, 0x0,
    0x1f, 0xaa, 0xfb, 0x0, 0x0, 0x0, 0x19, 0xee,
    0xa1, 0x0, 0x0, 0x0,

    /* U+00FE "þ" */
    0x5f, 0x50, 0x0, 0x0, 0x0, 0x5, 0xf5, 0x0,
    0x0, 0x0, 0x0, 0x5f, 0x50, 0x0, 0x0, 0x0,
    0x5, 0xf5, 0x0, 0x0, 0x0, 0x0, 0x5f, 0x56,
    0xdf, 0xea, 0x20, 0x5, 0xfd, 0xfc, 0x9b, 0xff,
    0x30, 0x5f, 0xf5, 0x0, 0x4, 0xfe, 0x5, 0xfa,
    0x0, 0x0, 0x8, 0xf4, 0x5f, 0x60, 0x0, 0x0,
    0x4f, 0x75, 0xf6, 0x0, 0x0, 0x4, 0xf7, 0x5f,
    0xa0, 0x0, 0x0, 0x8f, 0x45, 0xff, 0x50, 0x0,
    0x4f, 0xe0, 0x5f, 0xdf, 0xc9, 0xbf, 0xf3, 0x5,
    0xf5, 0x6d, 0xfe, 0xa2, 0x0, 0x5f, 0x50, 0x0,
    0x0, 0x0, 0x5, 0xf5, 0x0, 0x0, 0x0, 0x0,
    0x5f, 0x50, 0x0, 0x0, 0x0, 0x5, 0xf5, 0x0,
    0x0, 0x0, 0x0,

    /* U+00FF "ÿ" */
    0x0, 0x9, 0xd0, 0x4f, 0x30, 0x0, 0x0, 0x8,
    0xb0, 0x3d, 0x20, 0x0, 0x0, 0x0, 0x0, 0x0,
    0x0, 0x0, 0x0, 0x0, 0x0, 0x0, 0x0, 0x0,
    0xd, 0xe0, 0x0, 0x0, 0xd, 0xd0, 0x6, 0xf6,
    0x0, 0x0, 0x3f, 0x70, 0x0, 0xfc, 0x0, 0x0,
    0x9f, 0x10, 0x0, 0x9f, 0x30, 0x1, 0xfa, 0x0,
    0x0, 0x2f, 0x90, 0x6, 0xf3, 0x0, 0x0, 0xc,
    0xf0, 0xd, 0xc0, 0x0, 0x0, 0x5, 0xf6, 0x3f,
    0x60, 0x0, 0x0, 0x0, 0xed, 0xae, 0x0, 0x0,
    0x0, 0x0, 0x8f, 0xf8, 0x0, 0x0, 0x0, 0x0,
    0x1f, 0xf2, 0x0, 0x0, 0x0, 0x0, 0xf, 0xb0,
    0x0, 0x0, 0x1, 0x0, 0x7f, 0x40, 0x0, 0x0,
    0x1f, 0xaa, 0xfb, 0x0, 0x0, 0x0, 0x19, 0xee,
    0xa1, 0x0, 0x0, 0x0,

    /* U+0400 "Ѐ" */
    0x0, 0x48, 0x40, 0x0, 0x0, 0x0, 0x0, 0xaf,
    0x50, 0x0, 0x0, 0x0, 0x0, 0x7f, 0x40, 0x0,
    0x0, 0x0, 0x0, 0x0, 0x0, 0x0, 0xf, 0xff,
    0xff, 0xff, 0xfd, 0x0, 0xfe, 0xaa, 0xaa, 0xaa,
    0x80, 0xf, 0xc0, 0x0, 0x0, 0x0, 0x0, 0xfc,
    0x0, 0x0, 0x0, 0x0, 0xf, 0xc0, 0x0, 0x0,
    0x0, 0x0, 0xfe, 0x99, 0x99, 0x99, 0x0, 0xf,
    0xff, 0xff, 0xff, 0xf1, 0x0, 0xfc, 0x0, 0x0,
    0x0, 0x0, 0xf, 0xc0, 0x0, 0x0, 0x0, 0x0,
    0xfc, 0x0, 0x0, 0x0, 0x0, 0xf, 0xc0, 0x0,
    0x0, 0x0, 0x0, 0xfe, 0xaa, 0xaa, 0xaa, 0xa1,
    0xf, 0xff, 0xff, 0xff, 0xff, 0x10,

    /* U+0401 "Ё" */
    0x0, 0x1e, 0x70, 0x9c, 0x0, 0x0, 0x0, 0xd6,
    0x9, 0xc0, 0x0, 0x0, 0x0, 0x0, 0x0, 0x0,
    0x0, 0xff, 0xff, 0xff, 0xff, 0xd0, 0xf, 0xea,
    0xaa, 0xaa, 0xa8, 0x0, 0xfc, 0x0, 0x0, 0x0,
    0x0, 0xf, 0xc0, 0x0, 0x0, 0x0, 0x0, 0xfc,
    0x0, 0x0, 0x0, 0x0, 0xf, 0xe9, 0x99, 0x99,
    0x90, 0x0, 0xff, 0xff, 0xff, 0xff, 0x10, 0xf,
    0xc0, 0x0, 0x0, 0x0, 0x0, 0xfc, 0x0, 0x0,
    0x0, 0x0, 0xf, 0xc0, 0x0, 0x0, 0x0, 0x0,
    0xfc, 0x0, 0x0, 0x0, 0x0, 0xf, 0xea, 0xaa,
    0xaa, 0xaa, 0x10, 0xff, 0xff, 0xff, 0xff, 0xf1,

    /* U+0402 "Ђ" */
    0xcf, 0xff, 0xff, 0xff, 0xff, 0xf1, 0x0, 0x7,
    0xaa, 0xac, 0xfc, 0xaa, 0xaa, 0x0, 0x0, 0x0,
    0x0, 0x6f, 0x50, 0x0, 0x0, 0x0, 0x0, 0x0,
    0x6, 0xf5, 0x0, 0x0, 0x0, 0x0, 0x0, 0x0,
    0x6f, 0x50, 0x0, 0x0, 0x0, 0x0, 0x0, 0x6,
    0xf9, 0xad, 0xff, 0xc6, 0x0, 0x0, 0x0, 0x6f,
    0xfe, 0xb9, 0xbf, 0xf8, 0x0, 0x0, 0x6, 0xf8,
    0x0, 0x0, 0x2e, 0xf1, 0x0, 0x0, 0x6f, 0x50,
    0x0, 0x0, 0x9f, 0x40, 0x0, 0x6, 0xf5, 0x0,
    0x0, 0x8, 0xf4, 0x0, 0x0, 0x6f, 0x50, 0x0,
    0x1, 0xef, 0x10, 0x0, 0x6, 0xf5, 0x2, 0xaa,
    0xff, 0x80, 0x0, 0x0, 0x6f, 0x50, 0x4e, 0xfc,
    0x50, 0x0,

    /* U+0403 "Ѓ" */
    0x0, 0x0, 0x1, 0x77, 0x0, 0x0, 0x0, 0x1d,
    0xd2, 0x0, 0x0, 0x1, 0xdb, 0x10, 0x0, 0x0,
    0x0, 0x0, 0x0, 0x0, 0xf, 0xff, 0xff, 0xff,
    0xf3, 0xf, 0xea, 0xaa, 0xaa, 0xa2, 0xf, 0xb0,
    0x0, 0x0, 0x0, 0xf, 0xb0, 0x0, 0x0, 0x0,
    0xf, 0xb0, 0x0, 0x0, 0x0, 0xf, 0xb0, 0x0,
    0x0, 0x0, 0xf, 0xb0, 0x0, 0x0, 0x0, 0xf,
    0xb0, 0x0, 0x0, 0x0, 0xf, 0xb0, 0x0, 0x0,
    0x0, 0xf, 0xb0, 0x0, 0x0, 0x0, 0xf, 0xb0,
    0x0, 0x0, 0x0, 0xf, 0xb0, 0x0, 0x0, 0x0,
    0xf, 0xb0, 0x0, 0x0, 0x0,

    /* U+0404 "Є" */
    0x0, 0x0, 0x5b, 0xef, 0xea, 0x40, 0x0, 0x1,
    0xbf, 0xfc, 0xbc, 0xff, 0xa0, 0x0, 0xbf, 0x91,
    0x0, 0x1, 0x9a, 0x0, 0x5f, 0x90, 0x0, 0x0,
    0x0, 0x0, 0xb, 0xf1, 0x0, 0x0, 0x0, 0x0,
    0x0, 0xef, 0x88, 0x88, 0x87, 0x0, 0x0, 0xf,
    0xff, 0xff, 0xff, 0xe0, 0x0, 0x0, 0xee, 0x0,
    0x0, 0x0, 0x0, 0x0, 0xb, 0xf4, 0x0, 0x0,
    0x0, 0x0, 0x0, 0x5f, 0xc0, 0x0, 0x0, 0x0,
    0x0, 0x0, 0xbf, 0xc2, 0x0, 0x2, 0xcc, 0x0,
    0x1, 0xbf, 0xfc, 0xbd, 0xff, 0x90, 0x0, 0x0,
    0x5b, 0xef, 0xea, 0x30, 0x0,

    /* U+0405 "Ѕ" */
    0x0, 0x18, 0xdf, 0xfd, 0x92, 0x0, 0x1e, 0xfd,
    0xa9, 0xcf, 0xe0, 0x9, 0xf7, 0x0, 0x0, 0x24,
    0x0, 0xcf, 0x0, 0x0, 0x0, 0x0, 0xa, 0xf5,
    0x0, 0x0, 0x0, 0x0, 0x3f, 0xfb, 0x62, 0x0,
    0x0, 0x0, 0x2a, 0xff, 0xfd, 0x80, 0x0, 0x0,
    0x0, 0x48, 0xdf, 0xd0, 0x0, 0x0, 0x0, 0x0,
    0x9f, 0x60, 0x0, 0x0, 0x0, 0x3, 0xf8, 0xa,
    0x60, 0x0, 0x0, 0xaf, 0x50, 0xcf, 0xfb, 0x9a,
    0xef, 0xb0, 0x0, 0x5b, 0xef, 0xec, 0x60, 0x0,

    /* U+0406 "І" */
    0xf, 0xc0, 0xfc, 0xf, 0xc0, 0xfc, 0xf, 0xc0,
    0xfc, 0xf, 0xc0, 0xfc, 0xf, 0xc0, 0xfc, 0xf,
    0xc0, 0xfc, 0xf, 0xc0,

    /* U+0407 "Ї" */
    0x9d, 0x4, 0xe3, 0x8c, 0x4, 0xe3, 0x0, 0x0,
    0x0, 0x1, 0xfb, 0x0, 0x1, 0xfb, 0x0, 0x1,
    0xfb, 0x0, 0x1, 0xfb, 0x0, 0x1, 0xfb, 0x0,
    0x1, 0xfb, 0x0, 0x1, 0xfb, 0x0, 0x1, 0xfb,
    0x0, 0x1, 0xfb, 0x0, 0x1, 0xfb, 0x0, 0x1,
    0xfb, 0x0, 0x1, 0xfb, 0x0, 0x1, 0xfb, 0x0,

    /* U+0408 "Ј" */
    0x6, 0xff, 0xff, 0xff, 0x3, 0xaa, 0xaa, 0xff,
    0x0, 0x0, 0x0, 0xdf, 0x0, 0x0, 0x0, 0xdf,
    0x0, 0x0, 0x0, 0xdf, 0x0, 0x0, 0x0, 0xdf,
    0x0, 0x0, 0x0, 0xdf, 0x0, 0x0, 0x0, 0xdf,
    0x0, 0x0, 0x0, 0xde, 0x0, 0x0, 0x0, 0xee,
    0x3c, 0x10, 0x4, 0xfb, 0x5f, 0xfa, 0xbf, 0xf3,
    0x3, 0xbf, 0xfc, 0x40,

    /* U+0409 "Љ" */
    0x0, 0xa, 0xff, 0xff, 0xff, 0xff, 0x80, 0x0,
    0x0, 0x0, 0x0, 0x0, 0xaf, 0xaa, 0xaa, 0xaf,
    0xf8, 0x0, 0x0, 0x0, 0x0, 0x0, 0xb, 0xe0,
    0x0, 0x0, 0xff, 0x80, 0x0, 0x0, 0x0, 0x0,
    0x0, 0xbd, 0x0, 0x0, 0xf, 0xf8, 0x0, 0x0,
    0x0, 0x0, 0x0, 0xc, 0xc0, 0x0, 0x0, 0xff,
    0xa2, 0x22, 0x10, 0x0, 0x0, 0x0, 0xdc, 0x0,
    0x0, 0xf, 0xff, 0xff, 0xff, 0xfa, 0x20, 0x0,
    0xe, 0xb0, 0x0, 0x0, 0xff, 0xc5, 0x55, 0x6b,
    0xfe, 0x10, 0x0, 0xfa, 0x0, 0x0, 0xf, 0xf8,
    0x0, 0x0, 0x8, 0xf7, 0x0, 0x1f, 0x80, 0x0,
    0x0, 0xff, 0x80, 0x0, 0x0, 0x3f, 0xa0, 0x4,
    0xf6, 0x0, 0x0, 0xf, 0xf8, 0x0, 0x0, 0x4,
    0xf9, 0x0, 0xbf, 0x10, 0x0, 0x0, 0xff, 0x80,
    0x0, 0x1, 0xcf, 0x56, 0xcf, 0xb0, 0x0, 0x0,
    0xf, 0xff, 0x99, 0x9b, 0xff, 0xb0, 0xbf, 0xb1,
    0x0, 0x0, 0x0, 0xff, 0xff, 0xff, 0xfc, 0x70,
    0x0,

    /* U+040A "Њ" */
    0xf, 0xc0, 0x0, 0x0, 0x4, 0xf8, 0x0, 0x0,
    0x0, 0x0, 0xf, 0xc0, 0x0, 0x0, 0x4, 0xf8,
    0x0, 0x0, 0x0, 0x0, 0xf, 0xc0, 0x0, 0x0,
    0x4, 0xf8, 0x0, 0x0, 0x0, 0x0, 0xf, 0xc0,
    0x0, 0x0, 0x4, 0xf8, 0x0, 0x0, 0x0, 0x0,
    0xf, 0xc0, 0x0, 0x0, 0x4, 0xf8, 0x0, 0x0,
    0x0, 0x0, 0xf, 0xff, 0xff, 0xff, 0xff, 0xff,
    0xff, 0xff, 0xd8, 0x10, 0xf, 0xe9, 0x99, 0x99,
    0x9b, 0xfc, 0x99, 0x9b, 0xef, 0xd0, 0xf, 0xc0,
    0x0, 0x0, 0x4, 0xf8, 0x0, 0x0, 0xc, 0xf5,
    0xf, 0xc0, 0x0, 0x0, 0x4, 0xf8, 0x0, 0x0,
    0x5, 0xf8, 0xf, 0xc0, 0x0, 0x0, 0x4, 0xf8,
    0x0, 0x0, 0x4, 0xf8, 0xf, 0xc0, 0x0, 0x0,
    0x4, 0xf8, 0x0, 0x0, 0xb, 0xf4, 0xf, 0xc0,
    0x0, 0x0, 0x4, 0xfc, 0x77, 0x79, 0xdf, 0xb0,
    0xf, 0xc0, 0x0, 0x0, 0x4, 0xff, 0xff, 0xff,
    0xd7, 0x0,

    /* U+040B "Ћ" */
    0xcf, 0xff, 0xff, 0xff, 0xff, 0xf0, 0x0, 0x7,
    0xaa, 0xac, 0xfb, 0xaa, 0xa9, 0x0, 0x0, 0x0,
    0x0, 0x7f, 0x40, 0x0, 0x0, 0x0, 0x0, 0x0,
    0x7, 0xf4, 0x0, 0x0, 0x0, 0x0, 0x0, 0x0,
    0x7f, 0x40, 0x0, 0x0, 0x0, 0x0, 0x0, 0x7,
    0xf8, 0x9d, 0xff, 0xc4, 0x0, 0x0, 0x0, 0x7f,
    0xff, 0xcb, 0xdf, 0xf6, 0x0, 0x0, 0x7, 0xf8,
    0x10, 0x0, 0x5f, 0xe0, 0x0, 0x0, 0x7f, 0x40,
    0x0, 0x0, 0xbf, 0x30, 0x0, 0x7, 0xf4, 0x0,
    0x0, 0x8, 0xf4, 0x0, 0x0, 0x7f, 0x40, 0x0,
    0x0, 0x7f, 0x40, 0x0, 0x7, 0xf4, 0x0, 0x0,
    0x7, 0xf4, 0x0, 0x0, 0x7f, 0x40, 0x0, 0x0,
    0x7f, 0x40,

    /* U+040C "Ќ" */
    0x0, 0x0, 0x0, 0x58, 0x30, 0x0, 0x0, 0x0,
    0x6, 0xf8, 0x0, 0x0, 0x0, 0x0, 0x6f, 0x50,
    0x0, 0x0, 0x0, 0x0, 0x0, 0x0, 0x0, 0x0,
    0xf, 0xb0, 0x0, 0x0, 0x1e, 0xd0, 0xf, 0xb0,
    0x0, 0x0, 0xcf, 0x30, 0xf, 0xb0, 0x0, 0x8,
    0xf6, 0x0, 0xf, 0xb0, 0x0, 0x3f, 0xa0, 0x0,
    0xf, 0xb0, 0x1, 0xed, 0x0, 0x0, 0xf, 0xea,
    0xad, 0xf3, 0x0, 0x0, 0xf, 0xff, 0xff, 0xf2,
    0x0, 0x0, 0xf, 0xb0, 0x4, 0xfc, 0x0, 0x0,
    0xf, 0xb0, 0x0, 0xaf, 0x70, 0x0, 0xf, 0xb0,
    0x0, 0xe, 0xf2, 0x0, 0xf, 0xb0, 0x0, 0x4,
    0xfc, 0x0, 0xf, 0xb0, 0x0, 0x0, 0x9f, 0x70,
    0xf, 0xb0, 0x0, 0x0, 0xd, 0xf2,

    /* U+040D "Ѝ" */
    0x0, 0x4, 0x84, 0x0, 0x0, 0x0, 0x0, 0x0,
    0xaf, 0x40, 0x0, 0x0, 0x0, 0x0, 0x7, 0xf4,
    0x0, 0x0, 0x0, 0x0, 0x0, 0x0, 0x0, 0x0,
    0xf, 0xc0, 0x0, 0x0, 0x3, 0xfd, 0xf, 0xc0,
    0x0, 0x0, 0xd, 0xfd, 0xf, 0xc0, 0x0, 0x0,
    0xaf, 0xfd, 0xf, 0xc0, 0x0, 0x6, 0xfb, 0xed,
    0xf, 0xc0, 0x0, 0x2f, 0xe1, 0xed, 0xf, 0xc0,
    0x0, 0xdf, 0x30, 0xed, 0xf, 0xc0, 0xa, 0xf7,
    0x0, 0xed, 0xf, 0xc0, 0x5f, 0xb0, 0x0, 0xed,
    0xf, 0xc2, 0xfe, 0x10, 0x0, 0xed, 0xf, 0xcd,
    0xf3, 0x0, 0x0, 0xed, 0xf, 0xff, 0x70, 0x0,
    0x0, 0xed, 0xf, 0xfb, 0x0, 0x0, 0x0, 0xed,
    0xf, 0xe1, 0x0, 0x0, 0x0, 0xed,

    /* U+040E "Ў" */
    0x0, 0xe, 0x60, 0x2, 0xf1, 0x0, 0x0, 0x0,
    0xac, 0x10, 0xad, 0x0, 0x0, 0x0, 0x1, 0xbf,
    0xfc, 0x20, 0x0, 0x0, 0x0, 0x0, 0x0, 0x0,
    0x0, 0x0, 0x7f, 0x70, 0x0, 0x0, 0x0, 0xcf,
    0x10, 0xee, 0x0, 0x0, 0x0, 0x4f, 0x70, 0x6,
    0xf7, 0x0, 0x0, 0xc, 0xe0, 0x0, 0xd, 0xe0,
    0x0, 0x5, 0xf6, 0x0, 0x0, 0x5f, 0x70, 0x0,
    0xdd, 0x0, 0x0, 0x0, 0xcf, 0x10, 0x6f, 0x50,
    0x0, 0x0, 0x4, 0xf8, 0xd, 0xc0, 0x0, 0x0,
    0x0, 0xc, 0xf7, 0xf4, 0x0, 0x0, 0x0, 0x0,
    0x3f, 0xfb, 0x0, 0x0, 0x0, 0x0, 0x0, 0xcf,
    0x30, 0x0, 0x0, 0x0, 0x0, 0x4f, 0xa0, 0x0,
    0x0, 0x0, 0x3c, 0xbf, 0xe1, 0x0, 0x0, 0x0,
    0x5, 0xef, 0xa1, 0x0, 0x0, 0x0, 0x0,

    /* U+040F "Џ" */
    0xf, 0xc0, 0x0, 0x0, 0x3, 0xf8, 0xf, 0xc0,
    0x0, 0x0, 0x3, 0xf8, 0xf, 0xc0, 0x0, 0x0,
    0x3, 0xf8, 0xf, 0xc0, 0x0, 0x0, 0x3, 0xf8,
    0xf, 0xc0, 0x0, 0x0, 0x3, 0xf8, 0xf, 0xc0,
    0x0, 0x0, 0x3, 0xf8, 0xf, 0xc0, 0x0, 0x0,
    0x3, 0xf8, 0xf, 0xc0, 0x0, 0x0, 0x3, 0xf8,
    0xf, 0xc0, 0x0, 0x0, 0x3, 0xf8, 0xf, 0xc0,
    0x0, 0x0, 0x3, 0xf8, 0xf, 0xc0, 0x0, 0x0,
    0x3, 0xf8, 0xf, 0xea, 0xaa, 0xaa, 0xab, 0xf8,
    0xf, 0xff, 0xff, 0xff, 0xff, 0xf8, 0x0, 0x0,
    0x9, 0xf1, 0x0, 0x0, 0x0, 0x0, 0x9, 0xf1,
    0x0, 0x0, 0x0, 0x0, 0x9, 0xf1, 0x0, 0x0,

    /* U+0410 "А" */
    0x0, 0x0, 0x4, 0xfe, 0x0, 0x0, 0x0, 0x0,
    0x0, 0xb, 0xff, 0x50, 0x0, 0x0, 0x0, 0x0,
    0x2f, 0x8e, 0xc0, 0x0, 0x0, 0x0, 0x0, 0x9f,
    0x17, 0xf3, 0x0, 0x0, 0x0, 0x1, 0xfa, 0x1,
    0xfa, 0x0, 0x0, 0x0, 0x7, 0xf3, 0x0, 0x9f,
    0x20, 0x0, 0x0, 0xe, 0xc0, 0x0, 0x2f, 0x80,
    0x0, 0x0, 0x5f, 0x50, 0x0, 0xb, 0xf0, 0x0,
    0x0, 0xcf, 0xff, 0xff, 0xff, 0xf7, 0x0, 0x3,
    0xfa, 0x88, 0x88, 0x88, 0xdd, 0x0, 0xb, 0xf1,
    0x0, 0x0, 0x0, 0x7f, 0x50, 0x2f, 0xa0, 0x0,
    0x0, 0x0, 0x1f, 0xc0, 0x9f, 0x40, 0x0, 0x0,
    0x0, 0xa, 0xf3,

    /* U+0411 "Б" */
    0xf, 0xff, 0xff, 0xff, 0xff, 0x70, 0xf, 0xe9,
    0x99, 0x99, 0x99, 0x40, 0xf, 0xc0, 0x0, 0x0,
    0x0, 0x0, 0xf, 0xc0, 0x0, 0x0, 0x0, 0x0,
    0xf, 0xc2, 0x22, 0x21, 0x0, 0x0, 0xf, 0xff,
    0xff, 0xff, 0xe7, 0x0, 0xf, 0xd5, 0x55, 0x57,
    0xdf, 0x90, 0xf, 0xc0, 0x0, 0x0, 0x1e, 0xf1,
    0xf, 0xc0, 0x0, 0x0, 0x9, 0xf3, 0xf, 0xc0,
    0x0, 0x0, 0xa, 0xf3, 0xf, 0xc0, 0x0, 0x0,
    0x2f, 0xe0, 0xf, 0xd7, 0x77, 0x8a, 0xff, 0x50,
    0xf, 0xff, 0xff, 0xfe, 0xb3, 0x0,

    /* U+0412 "В" */
    0xf, 0xff, 0xff, 0xfd, 0xa2, 0x0, 0xf, 0xd7,
    0x77, 0x8b, 0xff, 0x30, 0xf, 0xc0, 0x0, 0x0,
    0x6f, 0xa0, 0xf, 0xc0, 0x0, 0x0, 0x1f, 0xb0,
    0xf, 0xc0, 0x0, 0x0, 0x3f, 0x90, 0xf, 0xc1,
    0x11, 0x25, 0xde, 0x10, 0xf, 0xff, 0xff, 0xff,
    0xf6, 0x0, 0xf, 0xd4, 0x44, 0x46, 0xaf, 0xa0,
    0xf, 0xc0, 0x0, 0x0, 0xa, 0xf3, 0xf, 0xc0,
    0x0, 0x0, 0x7, 0xf5, 0xf, 0xc0, 0x0, 0x0,
    0xc, 0xf4, 0xf, 0xd7, 0x77, 0x79, 0xdf, 0xb0,
    0xf, 0xff, 0xff, 0xff, 0xc7, 0x0,

    /* U+0413 "Г" */
    0xf, 0xff, 0xff, 0xff, 0xf3, 0xf, 0xea, 0xaa,
    0xaa, 0xa2, 0xf, 0xb0, 0x0, 0x0, 0x0, 0xf,
    0xb0, 0x0, 0x0, 0x0, 0xf, 0xb0, 0x0, 0x0,
    0x0, 0xf, 0xb0, 0x0, 0x0, 0x0, 0xf, 0xb0,
    0x0, 0x0, 0x0, 0xf, 0xb0, 0x0, 0x0, 0x0,
    0xf, 0xb0, 0x0, 0x0, 0x0, 0xf, 0xb0, 0x0,
    0x0, 0x0, 0xf, 0xb0, 0x0, 0x0, 0x0, 0xf,
    0xb0, 0x0, 0x0, 0x0, 0xf, 0xb0, 0x0, 0x0,
    0x0,

    /* U+0414 "Д" */
    0x0, 0xc, 0xff, 0xff, 0xff, 0xff, 0x10, 0x0,
    0xc, 0xea, 0xaa, 0xaa, 0xef, 0x10, 0x0, 0xd,
    0xc0, 0x0, 0x0, 0xaf, 0x10, 0x0, 0xd, 0xb0,
    0x0, 0x0, 0xaf, 0x10, 0x0, 0xe, 0xb0, 0x0,
    0x0, 0xaf, 0x10, 0x0, 0xe, 0xa0, 0x0, 0x0,
    0xaf, 0x10, 0x0, 0xf, 0x90, 0x0, 0x0, 0xaf,
    0x10, 0x0, 0x1f, 0x70, 0x0, 0x0, 0xaf, 0x10,
    0x0, 0x4f, 0x50, 0x0, 0x0, 0xaf, 0x10, 0x0,
    0x7f, 0x20, 0x0, 0x0, 0xaf, 0x10, 0x0, 0xdc,
    0x0, 0x0, 0x0, 0xaf, 0x10, 0x8d, 0xfc, 0xaa,
    0xaa, 0xaa, 0xef, 0xba, 0xcf, 0xff, 0xff, 0xff,
    0xff, 0xff, 0xff, 0xce, 0x0, 0x0, 0x0, 0x0,
    0x0, 0xbf, 0xce, 0x0, 0x0, 0x0, 0x0, 0x0,
    0xbf, 0xce, 0x0, 0x0, 0x0, 0x0, 0x0, 0xbf,

    /* U+0415 "Е" */
    0xf, 0xff, 0xff, 0xff, 0xfd, 0x0, 0xfe, 0xaa,
    0xaa, 0xaa, 0x80, 0xf, 0xc0, 0x0, 0x0, 0x0,
    0x0, 0xfc, 0x0, 0x0, 0x0, 0x0, 0xf, 0xc0,
    0x0, 0x0, 0x0, 0x0, 0xfe, 0x99, 0x99, 0x99,
    0x0, 0xf, 0xff, 0xff, 0xff, 0xf1, 0x0, 0xfc,
    0x0, 0x0, 0x0, 0x0, 0xf, 0xc0, 0x0, 0x0,
    0x0, 0x0, 0xfc, 0x0, 0x0, 0x0, 0x0, 0xf,
    0xc0, 0x0, 0x0, 0x0, 0x0, 0xfe, 0xaa, 0xaa,
    0xaa, 0xa1, 0xf, 0xff, 0xff, 0xff, 0xff, 0x10,

    /* U+0416 "Ж" */
    0x1e, 0xd0, 0x0, 0x0, 0x9f, 0x20, 0x0, 0x5,
    0xf8, 0x0, 0x6f, 0x80, 0x0, 0x9, 0xf2, 0x0,
    0x1, 0xed, 0x0, 0x0, 0xbf, 0x20, 0x0, 0x9f,
    0x20, 0x0, 0xaf, 0x40, 0x0, 0x2, 0xfc, 0x0,
    0x9, 0xf2, 0x0, 0x4f, 0x90, 0x0, 0x0, 0x7,
    0xf6, 0x0, 0x9f, 0x20, 0xd, 0xe1, 0x0, 0x0,
    0x0, 0xc, 0xea, 0xad, 0xfb, 0xac, 0xf5, 0x0,
    0x0, 0x0, 0x0, 0xcf, 0xff, 0xff, 0xff, 0xff,
    0x40, 0x0, 0x0, 0x0, 0x6f, 0xa0, 0x9, 0xf2,
    0x2, 0xfd, 0x0, 0x0, 0x0, 0x1e, 0xf1, 0x0,
    0x9f, 0x20, 0x9, 0xf8, 0x0, 0x0, 0x9, 0xf8,
    0x0, 0x9, 0xf2, 0x0, 0x1e, 0xf2, 0x0, 0x3,
    0xfe, 0x0, 0x0, 0x9f, 0x20, 0x0, 0x6f, 0xb0,
    0x0, 0xcf, 0x50, 0x0, 0x9, 0xf2, 0x0, 0x0,
    0xcf, 0x40, 0x5f, 0xb0, 0x0, 0x0, 0x9f, 0x20,
    0x0, 0x3, 0xfd, 0x0,

    /* U+0417 "З" */
    0x2, 0x8d, 0xff, 0xd9, 0x20, 0x0, 0xdf, 0xdb,
    0xad, 0xff, 0x30, 0x4, 0x20, 0x0, 0x6, 0xfc,
    0x0, 0x0, 0x0, 0x0, 0xe, 0xf0, 0x0, 0x0,
    0x0, 0x2, 0xfb, 0x0, 0x0, 0x88, 0x8a, 0xed,
    0x20, 0x0, 0x1f, 0xff, 0xff, 0xa1, 0x0, 0x0,
    0x0, 0x1, 0x5e, 0xd0, 0x0, 0x0, 0x0, 0x0,
    0x6f, 0x60, 0x0, 0x0, 0x0, 0x6, 0xf7, 0xa,
    0x20, 0x0, 0x3, 0xef, 0x33, 0xef, 0xda, 0xac,
    0xff, 0x80, 0x1, 0x7c, 0xef, 0xea, 0x30, 0x0,

    /* U+0418 "И" */
    0xf, 0xc0, 0x0, 0x0, 0x3, 0xfd, 0xf, 0xc0,
    0x0, 0x0, 0xd, 0xfd, 0xf, 0xc0, 0x0, 0x0,
    0xaf, 0xfd, 0xf, 0xc0, 0x0, 0x6, 0xfb, 0xed,
    0xf, 0xc0, 0x0, 0x2f, 0xe1, 0xed, 0xf, 0xc0,
    0x0, 0xdf, 0x30, 0xed, 0xf, 0xc0, 0xa, 0xf7,
    0x0, 0xed, 0xf, 0xc0, 0x5f, 0xb0, 0x0, 0xed,
    0xf, 0xc2, 0xfe, 0x10, 0x0, 0xed, 0xf, 0xcd,
    0xf3, 0x0, 0x0, 0xed, 0xf, 0xff, 0x70, 0x0,
    0x0, 0xed, 0xf, 0xfb, 0x0, 0x0, 0x0, 0xed,
    0xf, 0xe1, 0x0, 0x0, 0x0, 0xed,

    /* U+0419 "Й" */
    0x0, 0x5, 0x40, 0x0, 0x63, 0x0, 0x0, 0x7,
    0xe2, 0x4, 0xf3, 0x0, 0x0, 0x0, 0xaf, 0xfe,
    0x70, 0x0, 0x0, 0x0, 0x0, 0x10, 0x0, 0x0,
    0xf, 0xc0, 0x0, 0x0, 0x3, 0xfd, 0xf, 0xc0,
    0x0, 0x0, 0xd, 0xfd, 0xf, 0xc0, 0x0, 0x0,
    0xaf, 0xfd, 0xf, 0xc0, 0x0, 0x6, 0xfb, 0xed,
    0xf, 0xc0, 0x0, 0x2f, 0xe1, 0xed, 0xf, 0xc0,
    0x0, 0xdf, 0x30, 0xed, 0xf, 0xc0, 0xa, 0xf7,
    0x0, 0xed, 0xf, 0xc0, 0x5f, 0xb0, 0x0, 0xed,
    0xf, 0xc2, 0xfe, 0x10, 0x0, 0xed, 0xf, 0xcd,
    0xf3, 0x0, 0x0, 0xed, 0xf, 0xff, 0x70, 0x0,
    0x0, 0xed, 0xf, 0xfb, 0x0, 0x0, 0x0, 0xed,
    0xf, 0xe1, 0x0, 0x0, 0x0, 0xed,

    /* U+041A "К" */
    0xf, 0xb0, 0x0, 0x0, 0x1e, 0xd0, 0xf, 0xb0,
    0x0, 0x0, 0xcf, 0x30, 0xf, 0xb0, 0x0, 0x8,
    0xf6, 0x0, 0xf, 0xb0, 0x0, 0x3f, 0xa0, 0x0,
    0xf, 0xb0, 0x1, 0xed, 0x0, 0x0, 0xf, 0xea,
    0xad, 0xf3, 0x0, 0x0, 0xf, 0xff, 0xff, 0xf2,
    0x0, 0x0, 0xf, 0xb0, 0x4, 0xfc, 0x0, 0x0,
    0xf, 0xb0, 0x0, 0xaf, 0x70, 0x0, 0xf, 0xb0,
    0x0, 0xe, 0xf2, 0x0, 0xf, 0xb0, 0x0, 0x4,
    0xfc, 0x0, 0xf, 0xb0, 0x0, 0x0, 0x9f, 0x70,
    0xf, 0xb0, 0x0, 0x0, 0xd, 0xf2,

    /* U+041B "Л" */
    0x0, 0xa, 0xff, 0xff, 0xff, 0xff, 0x40, 0x0,
    0xaf, 0xaa, 0xaa, 0xad, 0xf4, 0x0, 0xb, 0xe0,
    0x0, 0x0, 0x8f, 0x40, 0x0, 0xbd, 0x0, 0x0,
    0x8, 0xf4, 0x0, 0xc, 0xc0, 0x0, 0x0, 0x8f,
    0x40, 0x0, 0xdc, 0x0, 0x0, 0x8, 0xf4, 0x0,
    0xe, 0xb0, 0x0, 0x0, 0x8f, 0x40, 0x0, 0xfa,
    0x0, 0x0, 0x8, 0xf4, 0x0, 0x1f, 0x80, 0x0,
    0x0, 0x8f, 0x40, 0x4, 0xf6, 0x0, 0x0, 0x8,
    0xf4, 0x0, 0xbf, 0x10, 0x0, 0x0, 0x8f, 0x46,
    0xcf, 0xb0, 0x0, 0x0, 0x8, 0xf4, 0xbf, 0xb1,
    0x0, 0x0, 0x0, 0x8f, 0x40,

    /* U+041C "М" */
    0xf, 0xb0, 0x0, 0x0, 0x0, 0x0, 0x6f, 0x50,
    0xff, 0x40, 0x0, 0x0, 0x0, 0xe, 0xf5, 0xf,
    0xfd, 0x0, 0x0, 0x0, 0x8, 0xff, 0x50, 0xff,
    0xf7, 0x0, 0x0, 0x2, 0xfe, 0xf5, 0xf, 0xbc,
    0xf1, 0x0, 0x0, 0xaf, 0x7f, 0x50, 0xfb, 0x3f,
    0x90, 0x0, 0x3f, 0x75, 0xf5, 0xf, 0xb0, 0x9f,
    0x20, 0xc, 0xe0, 0x5f, 0x50, 0xfb, 0x1, 0xfb,
    0x6, 0xf5, 0x5, 0xf5, 0xf, 0xb0, 0x7, 0xf5,
    0xec, 0x0, 0x5f, 0x50, 0xfb, 0x0, 0xd, 0xff,
    0x30, 0x5, 0xf5, 0xf, 0xb0, 0x0, 0x4f, 0x90,
    0x0, 0x5f, 0x50, 0xfb, 0x0, 0x0, 0x51, 0x0,
    0x5, 0xf5, 0xf, 0xb0, 0x0, 0x0, 0x0, 0x0,
    0x5f, 0x50,

    /* U+041D "Н" */
    0xf, 0xc0, 0x0, 0x0, 0x0, 0xfc, 0xf, 0xc0,
    0x0, 0x0, 0x0, 0xfc, 0xf, 0xc0, 0x0, 0x0,
    0x0, 0xfc, 0xf, 0xc0, 0x0, 0x0, 0x0, 0xfc,
    0xf, 0xc0, 0x0, 0x0, 0x0, 0xfc, 0xf, 0xea,
    0xaa, 0xaa, 0xaa, 0xfc, 0xf, 0xff, 0xff, 0xff,
    0xff, 0xfc, 0xf, 0xc0, 0x0, 0x0, 0x0, 0xfc,
    0xf, 0xc0, 0x0, 0x0, 0x0, 0xfc, 0xf, 0xc0,
    0x0, 0x0, 0x0, 0xfc, 0xf, 0xc0, 0x0, 0x0,
    0x0, 0xfc, 0xf, 0xc0, 0x0, 0x0, 0x0, 0xfc,
    0xf, 0xc0, 0x0, 0x0, 0x0, 0xfc,

    /* U+041E "О" */
    0x0, 0x0, 0x4a, 0xdf, 0xeb, 0x50, 0x0, 0x0,
    0x0, 0xaf, 0xfc, 0xbc, 0xff, 0xc2, 0x0, 0x0,
    0xaf, 0xb2, 0x0, 0x1, 0x9f, 0xd0, 0x0, 0x5f,
    0xc0, 0x0, 0x0, 0x0, 0x8f, 0x90, 0xc, 0xf2,
    0x0, 0x0, 0x0, 0x0, 0xef, 0x0, 0xfd, 0x0,
    0x0, 0x0, 0x0, 0x9, 0xf3, 0xf, 0xb0, 0x0,
    0x0, 0x0, 0x0, 0x8f, 0x40, 0xfd, 0x0, 0x0,
    0x0, 0x0, 0x9, 0xf3, 0xc, 0xf2, 0x0, 0x0,
    0x0, 0x0, 0xef, 0x0, 0x5f, 0xc0, 0x0, 0x0,
    0x0, 0x8f, 0x90, 0x0, 0xaf, 0xc2, 0x0, 0x1,
    0x9f, 0xd0, 0x0, 0x0, 0xaf, 0xfd, 0xbc, 0xff,
    0xc2, 0x0, 0x0, 0x0, 0x4a, 0xdf, 0xeb, 0x50,
    0x0, 0x0,

    /* U+041F "П" */
    0xf, 0xff, 0xff, 0xff, 0xff, 0xfd, 0xf, 0xea,
    0xaa, 0xaa, 0xaa, 0xfd, 0xf, 0xc0, 0x0, 0x0,
    0x0, 0xfd, 0xf, 0xc0, 0x0, 0x0, 0x0, 0xfd,
    0xf, 0xc0, 0x0, 0x0, 0x0, 0xfd, 0xf, 0xc0,
    0x0, 0x0, 0x0, 0xfd, 0xf, 0xc0, 0x0, 0x0,
    0x0, 0xfd, 0xf, 0xc0, 0x0, 0x0, 0x0, 0xfd,
    0xf, 0xc0, 0x0, 0x0, 0x0, 0xfd, 0xf, 0xc0,
    0x0, 0x0, 0x0, 0xfd, 0xf, 0xc0, 0x0, 0x0,
    0x0, 0xfd, 0xf, 0xc0, 0x0, 0x0, 0x0, 0xfd,
    0xf, 0xc0, 0x0, 0x0, 0x0, 0xfd,

    /* U+0420 "Р" */
    0xf, 0xff, 0xff, 0xfd, 0x80, 0x0, 0xf, 0xea,
    0xaa, 0xbe, 0xfd, 0x10, 0xf, 0xc0, 0x0, 0x0,
    0x8f, 0xa0, 0xf, 0xc0, 0x0, 0x0, 0xd, 0xf0,
    0xf, 0xc0, 0x0, 0x0, 0xb, 0xf1, 0xf, 0xc0,
    0x0, 0x0, 0xd, 0xf0, 0xf, 0xc0, 0x0, 0x0,
    0x8f, 0xa0, 0xf, 0xea, 0xaa, 0xbe, 0xfe, 0x10,
    0xf, 0xff, 0xff, 0xfd, 0x81, 0x0, 0xf, 0xc0,
    0x0, 0x0, 0x0, 0x0, 0xf, 0xc0, 0x0, 0x0,
    0x0, 0x0, 0xf, 0xc0, 0x0, 0x0, 0x0, 0x0,
    0xf, 0xc0, 0x0, 0x0, 0x0, 0x0,

    /* U+0421 "С" */
    0x0, 0x0, 0x4a, 0xdf, 0xeb, 0x60, 0x0, 0x0,
    0xaf, 0xfd, 0xbb, 0xff, 0xc1, 0x0, 0xaf, 0xc2,
    0x0, 0x0, 0x8d, 0x10, 0x5f, 0xc0, 0x0, 0x0,
    0x0, 0x0, 0xb, 0xf2, 0x0, 0x0, 0x0, 0x0,
    0x0, 0xfd, 0x0, 0x0, 0x0, 0x0, 0x0, 0xf,
    0xc0, 0x0, 0x0, 0x0, 0x0, 0x0, 0xfd, 0x0,
    0x0, 0x0, 0x0, 0x0, 0xb, 0xf2, 0x0, 0x0,
    0x0, 0x0, 0x0, 0x5f, 0xc0, 0x0, 0x0, 0x0,
    0x0, 0x0, 0xaf, 0xc2, 0x0, 0x0, 0x9d, 0x10,
    0x0, 0xaf, 0xfd, 0xbc, 0xff, 0xb0, 0x0, 0x0,
    0x4a, 0xef, 0xeb, 0x50, 0x0,

    /* U+0422 "Т" */
    0xcf, 0xff, 0xff, 0xff, 0xff, 0xa7, 0xaa, 0xac,
    0xfb, 0xaa, 0xa6, 0x0, 0x0, 0x7f, 0x40, 0x0,
    0x0, 0x0, 0x7, 0xf4, 0x0, 0x0, 0x0, 0x0,
    0x7f, 0x40, 0x0, 0x0, 0x0, 0x7, 0xf4, 0x0,
    0x0, 0x0, 0x0, 0x7f, 0x40, 0x0, 0x0, 0x0,
    0x7, 0xf4, 0x0, 0x0, 0x0, 0x0, 0x7f, 0x40,
    0x0, 0x0, 0x0, 0x7, 0xf4, 0x0, 0x0, 0x0,
    0x0, 0x7f, 0x40, 0x0, 0x0, 0x0, 0x7, 0xf4,
    0x0, 0x0, 0x0, 0x0, 0x7f, 0x40, 0x0, 0x0,

    /* U+0423 "У" */
    0x7f, 0x70, 0x0, 0x0, 0x0, 0xcf, 0x10, 0xee,
    0x0, 0x0, 0x0, 0x4f, 0x70, 0x6, 0xf7, 0x0,
    0x0, 0xc, 0xe0, 0x0, 0xd, 0xe0, 0x0, 0x5,
    0xf6, 0x0, 0x0, 0x5f, 0x70, 0x0, 0xdd, 0x0,
    0x0, 0x0, 0xcf, 0x10, 0x6f, 0x50, 0x0, 0x0,
    0x4, 0xf8, 0xd, 0xc0, 0x0, 0x0, 0x0, 0xc,
    0xf7, 0xf4, 0x0, 0x0, 0x0, 0x0, 0x3f, 0xfb,
    0x0, 0x0, 0x0, 0x0, 0x0, 0xcf, 0x30, 0x0,
    0x0, 0x0, 0x0, 0x4f, 0xa0, 0x0, 0x0, 0x0,
    0x3c, 0xbf, 0xe1, 0x0, 0x0, 0x0, 0x5, 0xef,
    0xa1, 0x0, 0x0, 0x0, 0x0,

    /* U+0424 "Ф" */
    0x0, 0x0, 0x0, 0x0, 0x10, 0x0, 0x0, 0x0,
    0x0, 0x0, 0x0, 0x18, 0xf4, 0x0, 0x0, 0x0,
    0x0, 0x3, 0xae, 0xff, 0xff, 0xfd, 0x81, 0x0,
    0x0, 0x8f, 0xe9, 0x6a, 0xf7, 0x7b, 0xfe, 0x30,
    0x5, 0xfc, 0x10, 0x8, 0xf3, 0x0, 0x3f, 0xe1,
    0xd, 0xf1, 0x0, 0x8, 0xf3, 0x0, 0x5, 0xf7,
    0x1f, 0xb0, 0x0, 0x8, 0xf3, 0x0, 0x0, 0xfb,
    0x2f, 0x90, 0x0, 0x8, 0xf3, 0x0, 0x0, 0xed,
    0x1f, 0xa0, 0x0, 0x8, 0xf3, 0x0, 0x0, 0xfc,
    0xe, 0xe0, 0x0, 0x8, 0xf3, 0x0, 0x4, 0xf9,
    0x7, 0xfa, 0x0, 0x8, 0xf3, 0x0, 0x1d, 0xf2,
    0x0, 0xbf, 0xd6, 0x39, 0xf5, 0x48, 0xef, 0x60,
    0x0, 0x6, 0xdf, 0xff, 0xff, 0xff, 0xb3, 0x0,
    0x0, 0x0, 0x2, 0x4a, 0xf6, 0x31, 0x0, 0x0,
    0x0, 0x0, 0x0, 0x8, 0xf3, 0x0, 0x0, 0x0,

    /* U+0425 "Х" */
    0x1f, 0xe1, 0x0, 0x0, 0x2f, 0xe1, 0x6, 0xfb,
    0x0, 0x0, 0xcf, 0x50, 0x0, 0xbf, 0x60, 0x7,
    0xfa, 0x0, 0x0, 0x1e, 0xf2, 0x3f, 0xe1, 0x0,
    0x0, 0x5, 0xfc, 0xdf, 0x40, 0x0, 0x0, 0x0,
    0xaf, 0xf9, 0x0, 0x0, 0x0, 0x0, 0x4f, 0xf5,
    0x0, 0x0, 0x0, 0x0, 0xdf, 0xfe, 0x10, 0x0,
    0x0, 0x9, 0xf7, 0x8f, 0xa0, 0x0, 0x0, 0x4f,
    0xc0, 0xd, 0xf5, 0x0, 0x1, 0xef, 0x20, 0x2,
    0xfe, 0x10, 0xa, 0xf6, 0x0, 0x0, 0x7f, 0xb0,
    0x5f, 0xb0, 0x0, 0x0, 0xb, 0xf6,

    /* U+0426 "Ц" */
    0xf, 0xc0, 0x0, 0x0, 0x3, 0xf8, 0x0, 0xf,
    0xc0, 0x0, 0x0, 0x3, 0xf8, 0x0, 0xf, 0xc0,
    0x0, 0x0, 0x3, 0xf8, 0x0, 0xf, 0xc0, 0x0,
    0x0, 0x3, 0xf8, 0x0, 0xf, 0xc0, 0x0, 0x0,
    0x3, 0xf8, 0x0, 0xf, 0xc0, 0x0, 0x0, 0x3,
    0xf8, 0x0, 0xf, 0xc0, 0x0, 0x0, 0x3, 0xf8,
    0x0, 0xf, 0xc0, 0x0, 0x0, 0x3, 0xf8, 0x0,
    0xf, 0xc0, 0x0, 0x0, 0x3, 0xf8, 0x0, 0xf,
    0xc0, 0x0, 0x0, 0x3, 0xf8, 0x0, 0xf, 0xc0,
    0x0, 0x0, 0x3, 0xf8, 0x0, 0xf, 0xea, 0xaa,
    0xaa, 0xab, 0xfd, 0xa4, 0xf, 0xff, 0xff, 0xff,
    0xff, 0xff, 0xf7, 0x0, 0x0, 0x0, 0x0, 0x0,
    0x3, 0xf7, 0x0, 0x0, 0x0, 0x0, 0x0, 0x3,
    0xf7, 0x0, 0x0, 0x0, 0x0, 0x0, 0x3, 0xf7,

    /* U+0427 "Ч" */
    0xf, 0xb0, 0x0, 0x0, 0x8, 0xf4, 0xf, 0xb0,
    0x0, 0x0, 0x8, 0xf4, 0xf, 0xb0, 0x0, 0x0,
    0x8, 0xf4, 0xf, 0xb0, 0x0, 0x0, 0x8, 0xf4,
    0xf, 0xd0, 0x0, 0x0, 0x8, 0xf4, 0xd, 0xf2,
    0x0, 0x0, 0x8, 0xf4, 0x8, 0xfd, 0x41, 0x2,
    0x7d, 0xf4, 0x0, 0xaf, 0xff, 0xff, 0xff, 0xf4,
    0x0, 0x3, 0x89, 0x96, 0x28, 0xf4, 0x0, 0x0,
    0x0, 0x0, 0x8, 0xf4, 0x0, 0x0, 0x0, 0x0,
    0x8, 0xf4, 0x0, 0x0, 0x0, 0x0, 0x8, 0xf4,
    0x0, 0x0, 0x0, 0x0, 0x8, 0xf4,

    /* U+0428 "Ш" */
    0xf, 0xc0, 0x0, 0x0, 0xfc, 0x0, 0x0, 0xf,
    0xc0, 0xfc, 0x0, 0x0, 0xf, 0xc0, 0x0, 0x0,
    0xfc, 0xf, 0xc0, 0x0, 0x0, 0xfc, 0x0, 0x0,
    0xf, 0xc0, 0xfc, 0x0, 0x0, 0xf, 0xc0, 0x0,
    0x0, 0xfc, 0xf, 0xc0, 0x0, 0x0, 0xfc, 0x0,
    0x0, 0xf, 0xc0, 0xfc, 0x0, 0x0, 0xf, 0xc0,
    0x0, 0x0, 0xfc, 0xf, 0xc0, 0x0, 0x0, 0xfc,
    0x0, 0x0, 0xf, 0xc0, 0xfc, 0x0, 0x0, 0xf,
    0xc0, 0x0, 0x0, 0xfc, 0xf, 0xc0, 0x0, 0x0,
    0xfc, 0x0, 0x0, 0xf, 0xc0, 0xfc, 0x0, 0x0,
    0xf, 0xc0, 0x0, 0x0, 0xfc, 0xf, 0xc0, 0x0,
    0x0, 0xfc, 0x0, 0x0, 0xf, 0xc0, 0xfe, 0xaa,
    0xaa, 0xaf, 0xea, 0xaa, 0xaa, 0xfc, 0xf, 0xff,
    0xff, 0xff, 0xff, 0xff, 0xff, 0xff, 0xc0,

    /* U+0429 "Щ" */
    0xf, 0xc0, 0x0, 0x0, 0xfc, 0x0, 0x0, 0xf,
    0xc0, 0x0, 0xfc, 0x0, 0x0, 0xf, 0xc0, 0x0,
    0x0, 0xfc, 0x0, 0xf, 0xc0, 0x0, 0x0, 0xfc,
    0x0, 0x0, 0xf, 0xc0, 0x0, 0xfc, 0x0, 0x0,
    0xf, 0xc0, 0x0, 0x0, 0xfc, 0x0, 0xf, 0xc0,
    0x0, 0x0, 0xfc, 0x0, 0x0, 0xf, 0xc0, 0x0,
    0xfc, 0x0, 0x0, 0xf, 0xc0, 0x0, 0x0, 0xfc,
    0x0, 0xf, 0xc0, 0x0, 0x0, 0xfc, 0x0, 0x0,
    0xf, 0xc0, 0x0, 0xfc, 0x0, 0x0, 0xf, 0xc0,
    0x0, 0x0, 0xfc, 0x0, 0xf, 0xc0, 0x0, 0x0,
    0xfc, 0x0, 0x0, 0xf, 0xc0, 0x0, 0xfc, 0x0,
    0x0, 0xf, 0xc0, 0x0, 0x0, 0xfc, 0x0, 0xf,
    0xc0, 0x0, 0x0, 0xfc, 0x0, 0x0, 0xf, 0xc0,
    0x0, 0xfe, 0xaa, 0xaa, 0xaf, 0xea, 0xaa, 0xaa,
    0xff, 0xa6, 0xf, 0xff, 0xff, 0xff, 0xff, 0xff,
    0xff, 0xff, 0xff, 0xa0, 0x0, 0x0, 0x0, 0x0,
    0x0, 0x0, 0x0, 0x0, 0xfa, 0x0, 0x0, 0x0,
    0x0, 0x0, 0x0, 0x0, 0x0, 0xf, 0xa0, 0x0,
    0x0, 0x0, 0x0, 0x0, 0x0, 0x0, 0x0, 0xfa,

    /* U+042A "Ъ" */
    0xcf, 0xff, 0xfd, 0x0, 0x0, 0x0, 0x0, 0x7,
    0xaa, 0xaf, 0xd0, 0x0, 0x0, 0x0, 0x0, 0x0,
    0x0, 0xfd, 0x0, 0x0, 0x0, 0x0, 0x0, 0x0,
    0xf, 0xd0, 0x0, 0x0, 0x0, 0x0, 0x0, 0x0,
    0xfd, 0x22, 0x22, 0x10, 0x0, 0x0, 0x0, 0xf,
    0xff, 0xff, 0xff, 0xe7, 0x0, 0x0, 0x0, 0xfd,
    0x55, 0x55, 0x8e, 0xf8, 0x0, 0x0, 0xf, 0xd0,
    0x0, 0x0, 0x1e, 0xf0, 0x0, 0x0, 0xfd, 0x0,
    0x0, 0x0, 0xaf, 0x20, 0x0, 0xf, 0xd0, 0x0,
    0x0, 0xb, 0xf1, 0x0, 0x0, 0xfd, 0x0, 0x0,
    0x3, 0xfd, 0x0, 0x0, 0xf, 0xe7, 0x77, 0x8a,
    0xff, 0x40, 0x0, 0x0, 0xff, 0xff, 0xff, 0xea,
    0x30, 0x0,

    /* U+042B "Ы" */
    0xf, 0xc0, 0x0, 0x0, 0x0, 0x0, 0xe, 0xe0,
    0xfc, 0x0, 0x0, 0x0, 0x0, 0x0, 0xee, 0xf,
    0xc0, 0x0, 0x0, 0x0, 0x0, 0xe, 0xe0, 0xfc,
    0x0, 0x0, 0x0, 0x0, 0x0, 0xee, 0xf, 0xc2,
    0x22, 0x21, 0x0, 0x0, 0xe, 0xe0, 0xff, 0xff,
    0xff, 0xfd, 0x60, 0x0, 0xee, 0xf, 0xd5, 0x55,
    0x58, 0xef, 0x70, 0xe, 0xe0, 0xfc, 0x0, 0x0,
    0x2, 0xfe, 0x0, 0xee, 0xf, 0xc0, 0x0, 0x0,
    0xb, 0xf1, 0xe, 0xe0, 0xfc, 0x0, 0x0, 0x0,
    0xcf, 0x0, 0xee, 0xf, 0xc0, 0x0, 0x0, 0x4f,
    0xd0, 0xe, 0xe0, 0xfd, 0x77, 0x78, 0xbf, 0xf4,
    0x0, 0xee, 0xf, 0xff, 0xff, 0xfe, 0xa2, 0x0,
    0xe, 0xe0,

    /* U+042C "Ь" */
    0xf, 0xc0, 0x0, 0x0, 0x0, 0x0, 0xf, 0xc0,
    0x0, 0x0, 0x0, 0x0, 0xf, 0xc0, 0x0, 0x0,
    0x0, 0x0, 0xf, 0xc0, 0x0, 0x0, 0x0, 0x0,
    0xf, 0xc2, 0x22, 0x21, 0x0, 0x0, 0xf, 0xff,
    0xff, 0xff, 0xd6, 0x0, 0xf, 0xd5, 0x55, 0x58,
    0xef, 0x70, 0xf, 0xc0, 0x0, 0x0, 0x2f, 0xe0,
    0xf, 0xc0, 0x0, 0x0, 0xb, 0xf1, 0xf, 0xc0,
    0x0, 0x0, 0xc, 0xf0, 0xf, 0xc0, 0x0, 0x0,
    0x4f, 0xd0, 0xf, 0xd7, 0x77, 0x8b, 0xff, 0x40,
    0xf, 0xff, 0xff, 0xfe, 0xa2, 0x0,

    /* U+042D "Э" */
    0x0, 0x6b, 0xef, 0xda, 0x30, 0x0, 0x1c, 0xff,
    0xcb, 0xdf, 0xf8, 0x0, 0x1d, 0x70, 0x0, 0x3,
    0xdf, 0x70, 0x0, 0x0, 0x0, 0x0, 0x1e, 0xf1,
    0x0, 0x0, 0x0, 0x0, 0x6, 0xf7, 0x0, 0x1,
    0x88, 0x88, 0x89, 0xfa, 0x0, 0x3, 0xff, 0xff,
    0xff, 0xfb, 0x0, 0x0, 0x0, 0x0, 0x3, 0xfa,
    0x0, 0x0, 0x0, 0x0, 0x7, 0xf7, 0x0, 0x0,
    0x0, 0x0, 0x2e, 0xf1, 0x2e, 0x80, 0x0, 0x4,
    0xef, 0x60, 0x1c, 0xff, 0xcb, 0xdf, 0xf8, 0x0,
    0x0, 0x6b, 0xef, 0xda, 0x30, 0x0,

    /* U+042E "Ю" */
    0xf, 0xc0, 0x0, 0x0, 0x5b, 0xef, 0xda, 0x30,
    0x0, 0xf, 0xc0, 0x0, 0xb, 0xff, 0xa9, 0xbf,
    0xf8, 0x0, 0xf, 0xc0, 0x0, 0xbf, 0xa0, 0x0,
    0x1, 0xcf, 0x70, 0xf, 0xc0, 0x5, 0xfb, 0x0,
    0x0, 0x0, 0xd, 0xf1, 0xf, 0xc0, 0xb, 0xf3,
    0x0, 0x0, 0x0, 0x5, 0xf7, 0xf, 0xeb, 0xbf,
    0xe0, 0x0, 0x0, 0x0, 0x1, 0xfb, 0xf, 0xff,
    0xff, 0xd0, 0x0, 0x0, 0x0, 0x0, 0xfc, 0xf,
    0xc0, 0xd, 0xf0, 0x0, 0x0, 0x0, 0x1, 0xfb,
    0xf, 0xc0, 0xa, 0xf4, 0x0, 0x0, 0x0, 0x6,
    0xf7, 0xf, 0xc0, 0x3, 0xfc, 0x0, 0x0, 0x0,
    0x1e, 0xf1, 0xf, 0xc0, 0x0, 0x9f, 0xc2, 0x0,
    0x3, 0xdf, 0x70, 0xf, 0xc0, 0x0, 0x9, 0xff,
    0xcb, 0xdf, 0xf8, 0x0, 0xf, 0xc0, 0x0, 0x0,
    0x4a, 0xef, 0xda, 0x30, 0x0,

    /* U+042F "Я" */
    0x0, 0x7c, 0xff, 0xff, 0xff, 0x30, 0xcf, 0xeb,
    0xaa, 0xad, 0xf3, 0x8f, 0xa0, 0x0, 0x0, 0x9f,
    0x3d, 0xf1, 0x0, 0x0, 0x9, 0xf3, 0xee, 0x0,
    0x0, 0x0, 0x9f, 0x3d, 0xf0, 0x0, 0x0, 0x9,
    0xf3, 0x8f, 0x90, 0x0, 0x0, 0x9f, 0x31, 0xdf,
    0xda, 0x99, 0x9d, 0xf3, 0x0, 0x9f, 0xff, 0xff,
    0xff, 0x30, 0xb, 0xf2, 0x0, 0x9, 0xf3, 0x5,
    0xf8, 0x0, 0x0, 0x9f, 0x31, 0xed, 0x0, 0x0,
    0x9, 0xf3, 0xaf, 0x40, 0x0, 0x0, 0x9f, 0x30,

    /* U+0430 "а" */
    0x1, 0x8c, 0xff, 0xd6, 0x0, 0xa, 0xfb, 0x99,
    0xef, 0x70, 0x2, 0x20, 0x0, 0xe, 0xe0, 0x0,
    0x0, 0x0, 0x9, 0xf1, 0x1, 0xae, 0xff, 0xff,
    0xf2, 0xb, 0xf7, 0x43, 0x3a, 0xf2, 0xf, 0xa0,
    0x0, 0x9, 0xf2, 0xf, 0xb0, 0x0, 0x1e, 0xf2,
    0xa, 0xf8, 0x46, 0xdf, 0xf2, 0x0, 0x8d, 0xfe,
    0x87, 0xf2,

    /* U+0431 "б" */
    0x0, 0x0, 0x0, 0x48, 0xb6, 0x0, 0x0, 0x6c,
    0xff, 0xfe, 0x70, 0x1, 0xcf, 0xfa, 0x62, 0x0,
    0x0, 0xbf, 0x80, 0x0, 0x0, 0x0, 0x3f, 0x80,
    0x0, 0x0, 0x0, 0x9, 0xf1, 0x8d, 0xfd, 0x80,
    0x0, 0xce, 0xcf, 0xba, 0xef, 0xd0, 0xd, 0xfe,
    0x30, 0x0, 0xaf, 0x80, 0xdf, 0x60, 0x0, 0x0,
    0xee, 0xd, 0xf2, 0x0, 0x0, 0xb, 0xf1, 0xaf,
    0x20, 0x0, 0x0, 0xbf, 0x16, 0xf5, 0x0, 0x0,
    0xe, 0xe0, 0x1e, 0xe1, 0x0, 0x8, 0xf8, 0x0,
    0x5f, 0xf9, 0x8c, 0xfc, 0x0, 0x0, 0x3b, 0xef,
    0xd7, 0x0, 0x0,

    /* U+0432 "в" */
    0x5f, 0xff, 0xff, 0xd7, 0x0, 0x5f, 0x96, 0x66,
    0xcf, 0x70, 0x5f, 0x50, 0x0, 0x1f, 0xa0, 0x5f,
    0x60, 0x1, 0x8f, 0x50, 0x5f, 0xff, 0xff, 0xfa,
    0x0, 0x5f, 0x83, 0x34, 0x8f, 0x90, 0x5f, 0x50,
    0x0, 0xc, 0xf0, 0x5f, 0x50, 0x0, 0xd, 0xf0,
    0x5f, 0x96, 0x66, 0xbf, 0x90, 0x5f, 0xff, 0xff,
    0xd8, 0x0,

    /* U+0433 "г" */
    0x5f, 0xff, 0xff, 0xfb, 0x5f, 0xb9, 0x99, 0x96,
    0x5f, 0x60, 0x0, 0x0, 0x5f, 0x60, 0x0, 0x0,
    0x5f, 0x60, 0x0, 0x0, 0x5f, 0x60, 0x0, 0x0,
    0x5f, 0x60, 0x0, 0x0, 0x5f, 0x60, 0x0, 0x0,
    0x5f, 0x60, 0x0, 0x0, 0x5f, 0x60, 0x0, 0x0,

    /* U+0434 "д" */
    0x0, 0x8f, 0xff, 0xff, 0xfe, 0x0, 0x0, 0x8f,
    0x99, 0x99, 0xee, 0x0, 0x0, 0x9f, 0x0, 0x0,
    0xde, 0x0, 0x0, 0xaf, 0x0, 0x0, 0xde, 0x0,
    0x0, 0xbe, 0x0, 0x0, 0xde, 0x0, 0x0, 0xcc,
    0x0, 0x0, 0xde, 0x0, 0x0, 0xfa, 0x0, 0x0,
    0xde, 0x0, 0x4, 0xf6, 0x0, 0x0, 0xde, 0x0,
    0x8e, 0xf9, 0x99, 0x99, 0xef, 0x93, 0xdf, 0xff,
    0xff, 0xff, 0xff, 0xf6, 0xdc, 0x0, 0x0, 0x0,
    0x4, 0xf6, 0xdc, 0x0, 0x0, 0x0, 0x4, 0xf6,
    0x43, 0x0, 0x0, 0x0, 0x1, 0x41,

    /* U+0435 "е" */
    0x0, 0x8, 0xdf, 0xe9, 0x10, 0x0, 0xd, 0xfb,
    0x8a, 0xfe, 0x20, 0x9, 0xf4, 0x0, 0x2, 0xec,
    0x0, 0xfa, 0x0, 0x0, 0x8, 0xf2, 0x2f, 0xff,
    0xff, 0xff, 0xff, 0x42, 0xfb, 0x33, 0x33, 0x33,
    0x31, 0xf, 0xe0, 0x0, 0x0, 0x0, 0x0, 0x9f,
    0xa0, 0x0, 0x9, 0x10, 0x0, 0xcf, 0xea, 0x9e,
    0xf6, 0x0, 0x0, 0x7d, 0xff, 0xc5, 0x0,

    /* U+0436 "ж" */
    0x3f, 0x90, 0x0, 0x3f, 0x80, 0x0, 0x5f, 0x70,
    0x9, 0xf3, 0x0, 0x3f, 0x80, 0x0, 0xed, 0x0,
    0x1, 0xec, 0x0, 0x3f, 0x80, 0x7, 0xf4, 0x0,
    0x0, 0x6f, 0x50, 0x3f, 0x80, 0x1f, 0xb0, 0x0,
    0x0, 0xc, 0xe8, 0xaf, 0xc8, 0xcf, 0x20, 0x0,
    0x0, 0xc, 0xff, 0xff, 0xff, 0xff, 0x10, 0x0,
    0x0, 0x7f, 0x90, 0x3f, 0x80, 0x5f, 0xb0, 0x0,
    0x2, 0xfd, 0x0, 0x3f, 0x80, 0xa, 0xf6, 0x0,
    0xc, 0xf4, 0x0, 0x3f, 0x80, 0x1, 0xee, 0x10,
    0x6f, 0x90, 0x0, 0x3f, 0x80, 0x0, 0x5f, 0xb0,

    /* U+0437 "з" */
    0x5, 0xbd, 0xfe, 0xb3, 0x0, 0xed, 0xa8, 0xaf,
    0xf3, 0x1, 0x0, 0x0, 0x5f, 0x80, 0x0, 0x0,
    0x2a, 0xf3, 0x0, 0xe, 0xff, 0xf6, 0x0, 0x0,
    0x33, 0x5b, 0xf5, 0x0, 0x0, 0x0, 0xf, 0xc0,
    0x40, 0x0, 0x3, 0xfb, 0x5f, 0xd9, 0x8a, 0xff,
    0x30, 0x5b, 0xef, 0xea, 0x20,

    /* U+0438 "и" */
    0x5f, 0x60, 0x0, 0x3, 0xfd, 0x5f, 0x60, 0x0,
    0x1e, 0xfd, 0x5f, 0x60, 0x0, 0xbf, 0xfd, 0x5f,
    0x60, 0x8, 0xf7, 0xed, 0x5f, 0x60, 0x5f, 0xa0,
    0xed, 0x5f, 0x63, 0xfd, 0x0, 0xed, 0x5f, 0x7e,
    0xe2, 0x0, 0xed, 0x5f, 0xff, 0x40, 0x0, 0xed,
    0x5f, 0xf7, 0x0, 0x0, 0xed, 0x5f, 0xa0, 0x0,
    0x0, 0xed,

    /* U+0439 "й" */
    0x0, 0x98, 0x0, 0x4e, 0x0, 0x0, 0x5e, 0x10,
    0xba, 0x0, 0x0, 0x9, 0xff, 0xc1, 0x0, 0x0,
    0x0, 0x0, 0x0, 0x0, 0x5f, 0x60, 0x0, 0x3,
    0xfd, 0x5f, 0x60, 0x0, 0x1e, 0xfd, 0x5f, 0x60,
    0x0, 0xbf, 0xfd, 0x5f, 0x60, 0x8, 0xf7, 0xed,
    0x5f, 0x60, 0x5f, 0xa0, 0xed, 0x5f, 0x63, 0xfd,
    0x0, 0xed, 0x5f, 0x7e, 0xe2, 0x0, 0xed, 0x5f,
    0xff, 0x40, 0x0, 0xed, 0x5f, 0xf7, 0x0, 0x0,
    0xed, 0x5f, 0xa0, 0x0, 0x0, 0xed,

    /* U+043A "к" */
    0x5f, 0x60, 0x0, 0xc, 0xe1, 0x5f, 0x60, 0x0,
    0x8f, 0x40, 0x5f, 0x60, 0x3, 0xf9, 0x0, 0x5f,
    0x60, 0xd, 0xd0, 0x0, 0x5f, 0xb8, 0xbf, 0x20,
    0x0, 0x5f, 0xff, 0xff, 0x20, 0x0, 0x5f, 0x60,
    0x3f, 0xd0, 0x0, 0x5f, 0x60, 0x6, 0xfa, 0x0,
    0x5f, 0x60, 0x0, 0x9f, 0x70, 0x5f, 0x60, 0x0,
    0xc, 0xf3,

    /* U+043B "л" */
    0x0, 0x7f, 0xff, 0xff, 0xfd, 0x0, 0x8f, 0x99,
    0x99, 0xfd, 0x0, 0x9f, 0x0, 0x0, 0xdd, 0x0,
    0x9e, 0x0, 0x0, 0xdd, 0x0, 0xad, 0x0, 0x0,
    0xdd, 0x0, 0xcc, 0x0, 0x0, 0xdd, 0x0, 0xea,
    0x0, 0x0, 0xdd, 0x3, 0xf7, 0x0, 0x0, 0xdd,
    0x6d, 0xf2, 0x0, 0x0, 0xdd, 0xde, 0x60, 0x0,
    0x0, 0xdd,

    /* U+043C "м" */
    0x5f, 0xb0, 0x0, 0x0, 0x3, 0xfa, 0x5f, 0xf4,
    0x0, 0x0, 0xc, 0xfa, 0x5f, 0xfd, 0x0, 0x0,
    0x6f, 0xfa, 0x5f, 0x8f, 0x60, 0x0, 0xea, 0xea,
    0x5f, 0x4b, 0xe0, 0x8, 0xf1, 0xea, 0x5f, 0x42,
    0xf8, 0x1f, 0x70, 0xea, 0x5f, 0x40, 0x8f, 0xbe,
    0x0, 0xea, 0x5f, 0x40, 0x1e, 0xf5, 0x0, 0xea,
    0x5f, 0x40, 0x6, 0xa0, 0x0, 0xea, 0x5f, 0x40,
    0x0, 0x0, 0x0, 0xea,

    /* U+043D "н" */
    0x5f, 0x60, 0x0, 0x2, 0xf9, 0x5f, 0x60, 0x0,
    0x2, 0xf9, 0x5f, 0x60, 0x0, 0x2, 0xf9, 0x5f,
    0x60, 0x0, 0x2, 0xf9, 0x5f, 0xb8, 0x88, 0x89,
    0xf9, 0x5f, 0xff, 0xff, 0xff, 0xf9, 0x5f, 0x60,
    0x0, 0x2, 0xf9, 0x5f, 0x60, 0x0, 0x2, 0xf9,
    0x5f, 0x60, 0x0, 0x2, 0xf9, 0x5f, 0x60, 0x0,
    0x2, 0xf9,

    /* U+043E "о" */
    0x0, 0x7, 0xdf, 0xea, 0x30, 0x0, 0xc, 0xfd,
    0x9a, 0xff, 0x50, 0x9, 0xf8, 0x0, 0x2, 0xef,
    0x10, 0xfd, 0x0, 0x0, 0x5, 0xf7, 0x2f, 0x90,
    0x0, 0x0, 0x1f, 0xa2, 0xf9, 0x0, 0x0, 0x1,
    0xfa, 0xf, 0xd0, 0x0, 0x0, 0x5f, 0x70, 0x9f,
    0x80, 0x0, 0x2e, 0xf1, 0x0, 0xcf, 0xd9, 0xaf,
    0xf5, 0x0, 0x0, 0x7d, 0xfe, 0xa3, 0x0,

    /* U+043F "п" */
    0x5f, 0xff, 0xff, 0xff, 0xf8, 0x5f, 0xb9, 0x99,
    0x9a, 0xf8, 0x5f, 0x60, 0x0, 0x3, 0xf8, 0x5f,
    0x60, 0x0, 0x3, 0xf8, 0x5f, 0x60, 0x0, 0x3,
    0xf8, 0x5f, 0x60, 0x0, 0x3, 0xf8, 0x5f, 0x60,
    0x0, 0x3, 0xf8, 0x5f, 0x60, 0x0, 0x3, 0xf8,
    0x5f, 0x60, 0x0, 0x3, 0xf8, 0x5f, 0x60, 0x0,
    0x3, 0xf8,

    /* U+0440 "р" */
    0x5f, 0x56, 0xdf, 0xea, 0x20, 0x5, 0xfd, 0xfa,
    0x8a, 0xff, 0x40, 0x5f, 0xf5, 0x0, 0x2, 0xee,
    0x5, 0xfa, 0x0, 0x0, 0x7, 0xf5, 0x5f, 0x70,
    0x0, 0x0, 0x3f, 0x85, 0xf7, 0x0, 0x0, 0x3,
    0xf8, 0x5f, 0xb0, 0x0, 0x0, 0x8f, 0x55, 0xff,
    0x60, 0x0, 0x3f, 0xe0, 0x5f, 0xdf, 0xc9, 0xbf,
    0xf4, 0x5, 0xf6, 0x6d, 0xfe, 0xa2, 0x0, 0x5f,
    0x60, 0x0, 0x0, 0x0, 0x5, 0xf6, 0x0, 0x0,
    0x0, 0x0, 0x5f, 0x60, 0x0, 0x0, 0x0, 0x5,
    0xf6, 0x0, 0x0, 0x0, 0x0,

    /* U+0441 "с" */
    0x0, 0x7, 0xdf, 0xeb, 0x30, 0x0, 0xcf, 0xd9,
    0xaf, 0xf4, 0x9, 0xf8, 0x0, 0x2, 0xc3, 0xf,
    0xd0, 0x0, 0x0, 0x0, 0x2f, 0x90, 0x0, 0x0,
    0x0, 0x2f, 0x90, 0x0, 0x0, 0x0, 0xf, 0xd0,
    0x0, 0x0, 0x0, 0x8, 0xf8, 0x0, 0x2, 0xc3,
    0x0, 0xcf, 0xd9, 0xaf, 0xf4, 0x0, 0x7, 0xdf,
    0xeb, 0x30,

    /* U+0442 "т" */
    0xef, 0xff, 0xff, 0xff, 0xc8, 0x99, 0xcf, 0xb9,
    0x97, 0x0, 0x7, 0xf4, 0x0, 0x0, 0x0, 0x7f,
    0x40, 0x0, 0x0, 0x7, 0xf4, 0x0, 0x0, 0x0,
    0x7f, 0x40, 0x0, 0x0, 0x7, 0xf4, 0x0, 0x0,
    0x0, 0x7f, 0x40, 0x0, 0x0, 0x7, 0xf4, 0x0,
    0x0, 0x0, 0x7f, 0x40, 0x0,

    /* U+0443 "у" */
    0xb, 0xf1, 0x0, 0x0, 0xb, 0xf0, 0x4, 0xf7,
    0x0, 0x0, 0x1f, 0x90, 0x0, 0xee, 0x0, 0x0,
    0x8f, 0x20, 0x0, 0x7f, 0x40, 0x0, 0xeb, 0x0,
    0x0, 0x1f, 0xb0, 0x5, 0xf5, 0x0, 0x0, 0xa,
    0xf2, 0xb, 0xe0, 0x0, 0x0, 0x3, 0xf8, 0x2f,
    0x70, 0x0, 0x0, 0x0, 0xde, 0x8f, 0x10, 0x0,
    0x0, 0x0, 0x6f, 0xfa, 0x0, 0x0, 0x0, 0x0,
    0xf, 0xf4, 0x0, 0x0, 0x0, 0x0, 0xd, 0xd0,
    0x0, 0x0, 0x1, 0x0, 0x5f, 0x60, 0x0, 0x0,
    0xe, 0xa9, 0xfd, 0x0, 0x0, 0x0, 0x9, 0xef,
    0xb1, 0x0, 0x0, 0x0,

    /* U+0444 "ф" */
    0x0, 0x0, 0x0, 0x48, 0x0, 0x0, 0x0, 0x0,
    0x0, 0x0, 0x9f, 0x10, 0x0, 0x0, 0x0, 0x0,
    0x0, 0x9f, 0x10, 0x0, 0x0, 0x0, 0x0, 0x0,
    0x9f, 0x10, 0x0, 0x0, 0x0, 0x7, 0xcf, 0xff,
    0xfd, 0xa2, 0x0, 0x1, 0xdf, 0xeb, 0xdf, 0xac,
    0xff, 0x60, 0xa, 0xf8, 0x0, 0x9f, 0x10, 0x3e,
    0xf2, 0xf, 0xc0, 0x0, 0x9f, 0x10, 0x5, 0xf8,
    0x2f, 0x90, 0x0, 0x9f, 0x10, 0x1, 0xfa, 0x2f,
    0x90, 0x0, 0x9f, 0x10, 0x1, 0xfa, 0xf, 0xd0,
    0x0, 0x9f, 0x10, 0x5, 0xf8, 0x9, 0xf8, 0x0,
    0x9f, 0x10, 0x4e, 0xf2, 0x1, 0xcf, 0xeb, 0xdf,
    0x9c, 0xff, 0x50, 0x0, 0x7, 0xcf, 0xff, 0xfd,
    0xa2, 0x0, 0x0, 0x0, 0x0, 0x9f, 0x10, 0x0,
    0x0, 0x0, 0x0, 0x0, 0x9f, 0x10, 0x0, 0x0,
    0x0, 0x0, 0x0, 0x9f, 0x10, 0x0, 0x0, 0x0,
    0x0, 0x0, 0x9f, 0x10, 0x0, 0x0,

    /* U+0445 "х" */
    0x4f, 0xa0, 0x0, 0xd, 0xe1, 0x8, 0xf5, 0x0,
    0x9f, 0x40, 0x0, 0xcf, 0x24, 0xf8, 0x0, 0x0,
    0x2f, 0xce, 0xc0, 0x0, 0x0, 0x5, 0xff, 0x20,
    0x0, 0x0, 0x8, 0xff, 0x40, 0x0, 0x0, 0x4f,
    0xad, 0xe1, 0x0, 0x1, 0xed, 0x3, 0xfb, 0x0,
    0xb, 0xf3, 0x0, 0x7f, 0x70, 0x7f, 0x70, 0x0,
    0xb, 0xf3,

    /* U+0446 "ц" */
    0x5f, 0x60, 0x0, 0x6, 0xf5, 0x5, 0xf6, 0x0,
    0x0, 0x6f, 0x50, 0x5f, 0x60, 0x0, 0x6, 0xf5,
    0x5, 0xf6, 0x0, 0x0, 0x6f, 0x50, 0x5f, 0x60,
    0x0, 0x6, 0xf5, 0x5, 0xf6, 0x0, 0x0, 0x6f,
    0x50, 0x5f, 0x60, 0x0, 0x6, 0xf5, 0x5, 0xf6,
    0x0, 0x0, 0x6f, 0x50, 0x5f, 0xb9, 0x99, 0x9b,
    0xfb, 0x75, 0xff, 0xff, 0xff, 0xff, 0xfd, 0x0,
    0x0, 0x0, 0x0, 0xc, 0xd0, 0x0, 0x0, 0x0,
    0x0, 0xcd, 0x0, 0x0, 0x0, 0x0, 0x4, 0x50,

    /* U+0447 "ч" */
    0x4f, 0x70, 0x0, 0x7, 0xf4, 0x4f, 0x70, 0x0,
    0x7, 0xf4, 0x4f, 0x70, 0x0, 0x7, 0xf4, 0x2f,
    0x90, 0x0, 0x7, 0xf4, 0xe, 0xf6, 0x23, 0x6c,
    0xf4, 0x4, 0xef, 0xff, 0xed, 0xf4, 0x0, 0x3,
    0x43, 0x7, 0xf4, 0x0, 0x0, 0x0, 0x7, 0xf4,
    0x0, 0x0, 0x0, 0x7, 0xf4, 0x0, 0x0, 0x0,
    0x7, 0xf4,

    /* U+0448 "ш" */
    0x5f, 0x60, 0x0, 0x6f, 0x50, 0x0, 0x7f, 0x45,
    0xf6, 0x0, 0x6, 0xf5, 0x0, 0x7, 0xf4, 0x5f,
    0x60, 0x0, 0x6f, 0x50, 0x0, 0x7f, 0x45, 0xf6,
    0x0, 0x6, 0xf5, 0x0, 0x7, 0xf4, 0x5f, 0x60,
    0x0, 0x6f, 0x50, 0x0, 0x7f, 0x45, 0xf6, 0x0,
    0x6, 0xf5, 0x0, 0x7, 0xf4, 0x5f, 0x60, 0x0,
    0x6f, 0x50, 0x0, 0x7f, 0x45, 0xf6, 0x0, 0x6,
    0xf5, 0x0, 0x7, 0xf4, 0x5f, 0xb9, 0x99, 0xbf,
    0xb9, 0x99, 0xcf, 0x45, 0xff, 0xff, 0xff, 0xff,
    0xff, 0xff, 0xf4,

    /* U+0449 "щ" */
    0x5f, 0x60, 0x0, 0x6f, 0x50, 0x0, 0x7f, 0x40,
    0x5f, 0x60, 0x0, 0x6f, 0x50, 0x0, 0x7f, 0x40,
    0x5f, 0x60, 0x0, 0x6f, 0x50, 0x0, 0x7f, 0x40,
    0x5f, 0x60, 0x0, 0x6f, 0x50, 0x0, 0x7f, 0x40,
    0x5f, 0x60, 0x0, 0x6f, 0x50, 0x0, 0x7f, 0x40,
    0x5f, 0x60, 0x0, 0x6f, 0x50, 0x0, 0x7f, 0x40,
    0x5f, 0x60, 0x0, 0x6f, 0x50, 0x0, 0x7f, 0x40,
    0x5f, 0x60, 0x0, 0x6f, 0x50, 0x0, 0x7f, 0x40,
    0x5f, 0xb9, 0x99, 0xbf, 0xb9, 0x99, 0xff, 0xd6,
    0x5f, 0xff, 0xff, 0xff, 0xff, 0xff, 0xff, 0xfb,
    0x0, 0x0, 0x0, 0x0, 0x0, 0x0, 0x0, 0xfb,
    0x0, 0x0, 0x0, 0x0, 0x0, 0x0, 0x0, 0xfb,

    /* U+044A "ъ" */
    0xef, 0xff, 0xb0, 0x0, 0x0, 0x8, 0x99, 0xfb,
    0x0, 0x0, 0x0, 0x0, 0xf, 0xb0, 0x0, 0x0,
    0x0, 0x0, 0xfb, 0x11, 0x0, 0x0, 0x0, 0xf,
    0xff, 0xff, 0xe8, 0x0, 0x0, 0xfc, 0x44, 0x4a,
    0xf9, 0x0, 0xf, 0xb0, 0x0, 0xd, 0xe0, 0x0,
    0xfb, 0x0, 0x0, 0xee, 0x0, 0xf, 0xd5, 0x56,
    0xcf, 0x80, 0x0, 0xff, 0xff, 0xfc, 0x60,

    /* U+044B "ы" */
    0x5f, 0x60, 0x0, 0x0, 0x0, 0xed, 0x5f, 0x60,
    0x0, 0x0, 0x0, 0xed, 0x5f, 0x60, 0x0, 0x0,
    0x0, 0xed, 0x5f, 0x71, 0x0, 0x0, 0x0, 0xed,
    0x5f, 0xff, 0xff, 0xd5, 0x0, 0xed, 0x5f, 0x84,
    0x45, 0xcf, 0x40, 0xed, 0x5f, 0x60, 0x0, 0x2f,
    0x90, 0xed, 0x5f, 0x60, 0x0, 0x3f, 0x90, 0xed,
    0x5f, 0x95, 0x57, 0xef, 0x30, 0xed, 0x5f, 0xff,
    0xfe, 0xb4, 0x0, 0xed,

    /* U+044C "ь" */
    0x5f, 0x60, 0x0, 0x0, 0x5, 0xf6, 0x0, 0x0,
    0x0, 0x5f, 0x60, 0x0, 0x0, 0x5, 0xf7, 0x11,
    0x0, 0x0, 0x5f, 0xff, 0xff, 0xd7, 0x5, 0xf8,
    0x44, 0x5c, 0xf6, 0x5f, 0x60, 0x0, 0xf, 0xb5,
    0xf6, 0x0, 0x1, 0xfb, 0x5f, 0x95, 0x57, 0xdf,
    0x55, 0xff, 0xff, 0xec, 0x50,

    /* U+044D "э" */
    0x3, 0xae, 0xfd, 0x91, 0x0, 0x4f, 0xd8, 0x8a,
    0xfe, 0x30, 0x4, 0x0, 0x0, 0x1d, 0xd0, 0x0,
    0x0, 0x11, 0x15, 0xf5, 0x0, 0xd, 0xff, 0xff,
    0xf8, 0x0, 0x3, 0x44, 0x46, 0xf8, 0x0, 0x0,
    0x0, 0x7, 0xf5, 0x7, 0x0, 0x0, 0x3f, 0xe0,
    0x4f, 0xe9, 0x8b, 0xfe, 0x30, 0x3, 0xbe, 0xfd,
    0x91, 0x0,

    /* U+044E "ю" */
    0x5f, 0x60, 0x0, 0x4b, 0xef, 0xc5, 0x0, 0x5f,
    0x60, 0x6, 0xfe, 0x88, 0xdf, 0x90, 0x5f, 0x60,
    0x2f, 0xc1, 0x0, 0xa, 0xf5, 0x5f, 0x60, 0x8f,
    0x40, 0x0, 0x1, 0xfb, 0x5f, 0xff, 0xff, 0x0,
    0x0, 0x0, 0xce, 0x5f, 0xca, 0xef, 0x0, 0x0,
    0x0, 0xce, 0x5f, 0x60, 0x7f, 0x40, 0x0, 0x1,
    0xfb, 0x5f, 0x60, 0x1f, 0xd1, 0x0, 0xb, 0xf5,
    0x5f, 0x60, 0x5, 0xff, 0xa9, 0xef, 0x90, 0x5f,
    0x60, 0x0, 0x3b, 0xef, 0xc5, 0x0,

    /* U+044F "я" */
    0x0, 0x4b, 0xef, 0xff, 0xf5, 0x6, 0xff, 0xa9,
    0x9a, 0xf5, 0xd, 0xf2, 0x0, 0x3, 0xf5, 0xf,
    0xc0, 0x0, 0x3, 0xf5, 0xf, 0xd0, 0x0, 0x3,
    0xf5, 0x9, 0xf8, 0x20, 0x4, 0xf5, 0x0, 0xaf,
    0xff, 0xff, 0xf5, 0x0, 0x3f, 0xa3, 0x36, 0xf5,
    0x1, 0xed, 0x0, 0x3, 0xf5, 0xb, 0xf2, 0x0,
    0x3, 0xf5,

    /* U+0450 "ѐ" */
    0x0, 0x3e, 0xd1, 0x0, 0x0, 0x0, 0x0, 0x1c,
    0xd1, 0x0, 0x0, 0x0, 0x0, 0x7, 0x50, 0x0,
    0x0, 0x0, 0x0, 0x0, 0x0, 0x0, 0x0, 0x8,
    0xdf, 0xe9, 0x10, 0x0, 0xd, 0xfb, 0x8a, 0xfe,
    0x20, 0x9, 0xf4, 0x0, 0x2, 0xec, 0x0, 0xfa,
    0x0, 0x0, 0x8, 0xf2, 0x2f, 0xff, 0xff, 0xff,
    0xff, 0x42, 0xfb, 0x33, 0x33, 0x33, 0x31, 0xf,
    0xe0, 0x0, 0x0, 0x0, 0x0, 0x9f, 0xa0, 0x0,
    0x9, 0x10, 0x0, 0xcf, 0xea, 0x9e, 0xf6, 0x0,
    0x0, 0x7d, 0xff, 0xc5, 0x0,

    /* U+0451 "ё" */
    0x0, 0xd, 0x90, 0x7e, 0x0, 0x0, 0x0, 0xc8,
    0x7, 0xc0, 0x0, 0x0, 0x0, 0x0, 0x0, 0x0,
    0x0, 0x0, 0x8d, 0xfe, 0x91, 0x0, 0x0, 0xdf,
    0xb8, 0xaf, 0xe2, 0x0, 0x9f, 0x40, 0x0, 0x2e,
    0xc0, 0xf, 0xa0, 0x0, 0x0, 0x8f, 0x22, 0xff,
    0xff, 0xff, 0xff, 0xf4, 0x2f, 0xb3, 0x33, 0x33,
    0x33, 0x10, 0xfe, 0x0, 0x0, 0x0, 0x0, 0x9,
    0xfa, 0x0, 0x0, 0x91, 0x0, 0xc, 0xfe, 0xa9,
    0xef, 0x60, 0x0, 0x7, 0xdf, 0xfc, 0x50, 0x0,

    /* U+0452 "ђ" */
    0x0, 0x28, 0x20, 0x0, 0x0, 0x0, 0x0, 0x5f,
    0x50, 0x0, 0x0, 0x0, 0x3f, 0xff, 0xff, 0xff,
    0xa0, 0x0, 0x3, 0x7f, 0x73, 0x33, 0x20, 0x0,
    0x0, 0x5f, 0x56, 0xdf, 0xea, 0x10, 0x0, 0x5f,
    0xdf, 0xca, 0xdf, 0xe1, 0x0, 0x5f, 0xf4, 0x0,
    0xa, 0xf7, 0x0, 0x5f, 0xa0, 0x0, 0x2, 0xfa,
    0x0, 0x5f, 0x70, 0x0, 0x0, 0xfb, 0x0, 0x5f,
    0x60, 0x0, 0x0, 0xfc, 0x0, 0x5f, 0x60, 0x0,
    0x0, 0xfc, 0x0, 0x5f, 0x60, 0x0, 0x0, 0xfc,
    0x0, 0x5f, 0x60, 0x0, 0x0, 0xfc, 0x0, 0x5f,
    0x60, 0x0, 0x0, 0xfc, 0x0, 0x0, 0x0, 0x0,
    0x0, 0xfb, 0x0, 0x0, 0x0, 0x0, 0x2, 0xfa,
    0x0, 0x0, 0x0, 0x1c, 0x8d, 0xf4, 0x0, 0x0,
    0x0, 0x2c, 0xfd, 0x60,

    /* U+0453 "ѓ" */
    0x0, 0x0, 0x3f, 0xc1, 0x0, 0x3, 0xea, 0x0,
    0x0, 0x6, 0x60, 0x0, 0x0, 0x0, 0x0, 0x0,
    0x5f, 0xff, 0xff, 0xfb, 0x5f, 0xb9, 0x99, 0x96,
    0x5f, 0x60, 0x0, 0x0, 0x5f, 0x60, 0x0, 0x0,
    0x5f, 0x60, 0x0, 0x0, 0x5f, 0x60, 0x0, 0x0,
    0x5f, 0x60, 0x0, 0x0, 0x5f, 0x60, 0x0, 0x0,
    0x5f, 0x60, 0x0, 0x0, 0x5f, 0x60, 0x0, 0x0,

    /* U+0454 "є" */
    0x0, 0x6, 0xcf, 0xfc, 0x60, 0x0, 0xbf, 0xc8,
    0x8b, 0xfa, 0x8, 0xf4, 0x0, 0x0, 0x31, 0xf,
    0xa1, 0x11, 0x10, 0x0, 0x2f, 0xff, 0xff, 0xf3,
    0x0, 0x2f, 0xb4, 0x44, 0x40, 0x0, 0xf, 0xd0,
    0x0, 0x0, 0x0, 0x8, 0xf9, 0x0, 0x0, 0x63,
    0x0, 0xbf, 0xd8, 0x8c, 0xfa, 0x0, 0x6, 0xcf,
    0xfc, 0x60,

    /* U+0455 "ѕ" */
    0x0, 0x5c, 0xef, 0xc9, 0x20, 0x7f, 0xd9, 0x9c,
    0xf3, 0xd, 0xe0, 0x0, 0x1, 0x0, 0xdf, 0x20,
    0x0, 0x0, 0x6, 0xff, 0xd9, 0x61, 0x0, 0x2,
    0x8b, 0xef, 0xf3, 0x0, 0x0, 0x0, 0x4f, 0xb0,
    0x40, 0x0, 0x0, 0xfc, 0xf, 0xfb, 0x99, 0xdf,
    0x60, 0x4a, 0xef, 0xeb, 0x40,

    /* U+0456 "і" */
    0x5f, 0x68, 0xf9, 0x4, 0x0, 0x0, 0x5f, 0x65,
    0xf6, 0x5f, 0x65, 0xf6, 0x5f, 0x65, 0xf6, 0x5f,
    0x65, 0xf6, 0x5f, 0x65, 0xf6,

    /* U+0457 "ї" */
    0x7d, 0xd, 0x76, 0xc0, 0xc6, 0x0, 0x0, 0x0,
    0x5f, 0x50, 0x5, 0xf5, 0x0, 0x5f, 0x50, 0x5,
    0xf5, 0x0, 0x5f, 0x50, 0x5, 0xf5, 0x0, 0x5f,
    0x50, 0x5, 0xf5, 0x0, 0x5f, 0x50, 0x5, 0xf5,
    0x0,

    /* U+0458 "ј" */
    0x0, 0x5, 0xf7, 0x0, 0x8, 0xf9, 0x0, 0x0,
    0x40, 0x0, 0x0, 0x0, 0x0, 0x5, 0xf6, 0x0,
    0x5, 0xf6, 0x0, 0x5, 0xf6, 0x0, 0x5, 0xf6,
    0x0, 0x5, 0xf6, 0x0, 0x5, 0xf6, 0x0, 0x5,
    0xf6, 0x0, 0x5, 0xf6, 0x0, 0x5, 0xf6, 0x0,
    0x5, 0xf6, 0x0, 0x5, 0xf6, 0x0, 0x7, 0xf4,
    0x5a, 0x9f, 0xe0, 0x5e, 0xfc, 0x30,

    /* U+0459 "љ" */
    0x0, 0x7f, 0xff, 0xff, 0xff, 0x0, 0x0, 0x0,
    0x0, 0x8, 0xf9, 0x99, 0x9f, 0xf0, 0x0, 0x0,
    0x0, 0x0, 0x9f, 0x0, 0x0, 0xff, 0x0, 0x0,
    0x0, 0x0, 0x9, 0xe0, 0x0, 0xf, 0xf1, 0x10,
    0x0, 0x0, 0x0, 0xad, 0x0, 0x0, 0xff, 0xff,
    0xff, 0xa2, 0x0, 0xc, 0xc0, 0x0, 0xf, 0xf4,
    0x44, 0x7f, 0xd0, 0x0, 0xea, 0x0, 0x0, 0xff,
    0x0, 0x0, 0x9f, 0x20, 0x3f, 0x70, 0x0, 0xf,
    0xf0, 0x0, 0xb, 0xf3, 0x6d, 0xf2, 0x0, 0x0,
    0xff, 0x77, 0x8b, 0xfc, 0xd, 0xe6, 0x0, 0x0,
    0xf, 0xff, 0xff, 0xd8, 0x10,

    /* U+045A "њ" */
    0x5f, 0x60, 0x0, 0x5, 0xf6, 0x0, 0x0, 0x0,
    0x5f, 0x60, 0x0, 0x5, 0xf6, 0x0, 0x0, 0x0,
    0x5f, 0x60, 0x0, 0x5, 0xf6, 0x0, 0x0, 0x0,
    0x5f, 0x60, 0x0, 0x5, 0xf6, 0x0, 0x0, 0x0,
    0x5f, 0xff, 0xff, 0xff, 0xff, 0xff, 0xfc, 0x50,
    0x5f, 0xb9, 0x99, 0x9b, 0xfb, 0x99, 0xaf, 0xf4,
    0x5f, 0x60, 0x0, 0x5, 0xf6, 0x0, 0x4, 0xf9,
    0x5f, 0x60, 0x0, 0x5, 0xf6, 0x0, 0x3, 0xf9,
    0x5f, 0x60, 0x0, 0x5, 0xf9, 0x55, 0x6d, 0xf3,
    0x5f, 0x60, 0x0, 0x5, 0xff, 0xff, 0xeb, 0x30,

    /* U+045B "ћ" */
    0x0, 0x4e, 0x50, 0x0, 0x0, 0x0, 0x0, 0x5f,
    0x60, 0x0, 0x0, 0x0, 0x9f, 0xff, 0xff, 0xff,
    0xa0, 0x0, 0x12, 0x6f, 0x72, 0x22, 0x10, 0x0,
    0x0, 0x5f, 0x66, 0xdf, 0xea, 0x10, 0x0, 0x5f,
    0xef, 0xca, 0xdf, 0xe1, 0x0, 0x5f, 0xf4, 0x0,
    0x9, 0xf7, 0x0, 0x5f, 0xa0, 0x0, 0x2, 0xfa,
    0x0, 0x5f, 0x70, 0x0, 0x0, 0xfb, 0x0, 0x5f,
    0x60, 0x0, 0x0, 0xfc, 0x0, 0x5f, 0x60, 0x0,
    0x0, 0xfc, 0x0, 0x5f, 0x60, 0x0, 0x0, 0xfc,
    0x0, 0x5f, 0x60, 0x0, 0x0, 0xfc, 0x0, 0x5f,
    0x60, 0x0, 0x0, 0xfc,

    /* U+045C "ќ" */
    0x0, 0x0, 0xc, 0xf4, 0x0, 0x0, 0x0, 0xcd,
    0x20, 0x0, 0x0, 0x4, 0x71, 0x0, 0x0, 0x0,
    0x0, 0x0, 0x0, 0x0, 0x5f, 0x60, 0x0, 0xc,
    0xe1, 0x5f, 0x60, 0x0, 0x8f, 0x40, 0x5f, 0x60,
    0x3, 0xf9, 0x0, 0x5f, 0x60, 0xd, 0xd0, 0x0,
    0x5f, 0xb8, 0xbf, 0x20, 0x0, 0x5f, 0xff, 0xff,
    0x20, 0x0, 0x5f, 0x60, 0x3f, 0xd0, 0x0, 0x5f,
    0x60, 0x6, 0xfa, 0x0, 0x5f, 0x60, 0x0, 0x9f,
    0x70, 0x5f, 0x60, 0x0, 0xc, 0xf3,

    /* U+045D "ѝ" */
    0x0, 0x8f, 0x80, 0x0, 0x0, 0x0, 0x5, 0xf8,
    0x0, 0x0, 0x0, 0x0, 0x37, 0x10, 0x0, 0x0,
    0x0, 0x0, 0x0, 0x0, 0x5f, 0x60, 0x0, 0x3,
    0xfd, 0x5f, 0x60, 0x0, 0x1e, 0xfd, 0x5f, 0x60,
    0x0, 0xbf, 0xfd, 0x5f, 0x60, 0x8, 0xf7, 0xed,
    0x5f, 0x60, 0x5f, 0xa0, 0xed, 0x5f, 0x63, 0xfd,
    0x0, 0xed, 0x5f, 0x7e, 0xe2, 0x0, 0xed, 0x5f,
    0xff, 0x40, 0x0, 0xed, 0x5f, 0xf7, 0x0, 0x0,
    0xed, 0x5f, 0xa0, 0x0, 0x0, 0xed,

    /* U+045E "ў" */
    0x0, 0x7, 0x20, 0x4, 0x50, 0x0, 0x0, 0xb,
    0xa0, 0x1d, 0x80, 0x0, 0x0, 0x2, 0xcf, 0xfb,
    0x0, 0x0, 0x0, 0x0, 0x0, 0x0, 0x0, 0x0,
    0xb, 0xf1, 0x0, 0x0, 0xb, 0xf0, 0x4, 0xf7,
    0x0, 0x0, 0x1f, 0x90, 0x0, 0xee, 0x0, 0x0,
    0x8f, 0x20, 0x0, 0x7f, 0x40, 0x0, 0xeb, 0x0,
    0x0, 0x1f, 0xb0, 0x5, 0xf5, 0x0, 0x0, 0xa,
    0xf2, 0xb, 0xe0, 0x0, 0x0, 0x3, 0xf8, 0x2f,
    0x70, 0x0, 0x0, 0x0, 0xde, 0x8f, 0x10, 0x0,
    0x0, 0x0, 0x6f, 0xfa, 0x0, 0x0, 0x0, 0x0,
    0xf, 0xf4, 0x0, 0x0, 0x0, 0x0, 0xd, 0xd0,
    0x0, 0x0, 0x1, 0x0, 0x5f, 0x60, 0x0, 0x0,
    0xe, 0xa9, 0xfd, 0x0, 0x0, 0x0, 0x9, 0xef,
    0xb1, 0x0, 0x0, 0x0,

    /* U+045F "џ" */
    0x5f, 0x60, 0x0, 0xc, 0xf5, 0xf6, 0x0, 0x0,
    0xcf, 0x5f, 0x60, 0x0, 0xc, 0xf5, 0xf6, 0x0,
    0x0, 0xcf, 0x5f, 0x60, 0x0, 0xc, 0xf5, 0xf6,
    0x0, 0x0, 0xcf, 0x5f, 0x60, 0x0, 0xc, 0xf5,
    0xf6, 0x0, 0x0, 0xcf, 0x5f, 0xb9, 0x99, 0x9e,
    0xf5, 0xff, 0xff, 0xff, 0xff, 0x0, 0x0, 0xfa,
    0x0, 0x0, 0x0, 0xf, 0xa0, 0x0, 0x0, 0x0,
    0x85, 0x0, 0x0,

    /* U+0462 "Ѣ" */
    0x0, 0x4, 0xf7, 0x0, 0x0, 0x0, 0x0, 0x1,
    0x15, 0xf8, 0x11, 0x10, 0x0, 0x0, 0xaf, 0xff,
    0xff, 0xff, 0xf5, 0x0, 0x0, 0x24, 0x47, 0xf9,
    0x44, 0x41, 0x0, 0x0, 0x0, 0x4, 0xf7, 0x0,
    0x0, 0x0, 0x0, 0x0, 0x4, 0xf8, 0x22, 0x21,
    0x0, 0x0, 0x0, 0x4, 0xff, 0xff, 0xff, 0xfc,
    0x40, 0x0, 0x4, 0xfa, 0x55, 0x56, 0x9f, 0xf3,
    0x0, 0x4, 0xf7, 0x0, 0x0, 0x5, 0xfa, 0x0,
    0x4, 0xf7, 0x0, 0x0, 0x0, 0xfd, 0x0, 0x4,
    0xf7, 0x0, 0x0, 0x0, 0xfc, 0x0, 0x4, 0xf7,
    0x0, 0x0, 0x7, 0xf9, 0x0, 0x4, 0xfb, 0x77,
    0x78, 0xcf, 0xe1, 0x0, 0x4, 0xff, 0xff, 0xff,
    0xd8, 0x10,

    /* U+0463 "ѣ" */
    0x0, 0xaf, 0x10, 0x0, 0x0, 0x0, 0xa, 0xf1,
    0x0, 0x0, 0x0, 0x0, 0xaf, 0x10, 0x0, 0x0,
    0x0, 0xa, 0xf1, 0x0, 0x0, 0x0, 0xff, 0xff,
    0xff, 0xf9, 0x0, 0x5, 0x5c, 0xf6, 0x55, 0x30,
    0x0, 0x0, 0xaf, 0x10, 0x0, 0x0, 0x0, 0xa,
    0xf2, 0x10, 0x0, 0x0, 0x0, 0xaf, 0xff, 0xff,
    0xc4, 0x0, 0xa, 0xf5, 0x44, 0x6e, 0xf2, 0x0,
    0xaf, 0x10, 0x0, 0x5f, 0x60, 0xa, 0xf1, 0x0,
    0x6, 0xf6, 0x0, 0xaf, 0x65, 0x68, 0xff, 0x10,
    0xa, 0xff, 0xff, 0xea, 0x20,

    /* U+046A "Ѫ" */
    0x3, 0xff, 0xff, 0xff, 0xff, 0xff, 0xff, 0x60,
    0x1, 0xdf, 0x87, 0x77, 0x77, 0x77, 0xee, 0x20,
    0x0, 0x1e, 0xc0, 0x0, 0x0, 0x9, 0xf3, 0x0,
    0x0, 0x2, 0xeb, 0x0, 0x0, 0x8f, 0x40, 0x0,
    0x0, 0x0, 0x2e, 0xa0, 0x7, 0xf4, 0x0, 0x0,
    0x0, 0x0, 0x3, 0xf8, 0x5f, 0x60, 0x0, 0x0,
    0x0, 0x1, 0xaf, 0xff, 0xff, 0xfc, 0x30, 0x0,
    0x0, 0x1e, 0xf8, 0x5d, 0xf4, 0x7e, 0xf4, 0x0,
    0x0, 0xbf, 0x40, 0xc, 0xf0, 0x2, 0xee, 0x0,
    0x3, 0xf9, 0x0, 0xc, 0xf0, 0x0, 0x6f, 0x70,
    0xa, 0xf2, 0x0, 0xc, 0xf0, 0x0, 0xe, 0xd0,
    0x1f, 0xc0, 0x0, 0xc, 0xf0, 0x0, 0x9, 0xf4,
    0x7f, 0x50, 0x0, 0xc, 0xf0, 0x0, 0x2, 0xfa,

    /* U+046B "ѫ" */
    0x9, 0xff, 0xff, 0xff, 0xff, 0xf3, 0x0, 0x4f,
    0xa4, 0x44, 0x44, 0xed, 0x0, 0x0, 0x7f, 0x40,
    0x0, 0xae, 0x20, 0x0, 0x0, 0xae, 0x20, 0x7f,
    0x40, 0x0, 0x0, 0x0, 0xcd, 0x6f, 0x60, 0x0,
    0x0, 0x3, 0xcf, 0xff, 0xff, 0xa0, 0x0, 0x2,
    0xed, 0x58, 0xf4, 0x7f, 0xb0, 0x0, 0x9f, 0x10,
    0x7f, 0x10, 0x6f, 0x40, 0x1f, 0x90, 0x7, 0xf1,
    0x0, 0xec, 0x8, 0xf2, 0x0, 0x7f, 0x10, 0x8,
    0xf3,

    /* U+0472 "Ѳ" */
    0x0, 0x0, 0x4a, 0xdf, 0xeb, 0x50, 0x0, 0x0,
    0x0, 0xaf, 0xfc, 0xbc, 0xff, 0xc2, 0x0, 0x0,
    0xaf, 0xb2, 0x0, 0x1, 0x9f, 0xd0, 0x0, 0x5f,
    0xc0, 0x0, 0x0, 0x0, 0x8f, 0x90, 0xc, 0xf2,
    0x0, 0x0, 0x0, 0x0, 0xef, 0x0, 0xff, 0x22,
    0x22, 0x22, 0x22, 0x2c, 0xf3, 0xf, 0xff, 0xff,
    0xff, 0xff, 0xff, 0xff, 0x40, 0xff, 0x55, 0x55,
    0x55, 0x55, 0x5f, 0xf3, 0xc, 0xf2, 0x0, 0x0,
    0x0, 0x0, 0xef, 0x0, 0x5f, 0xc0, 0x0, 0x0,
    0x0, 0x8f, 0x90, 0x0, 0xaf, 0xc2, 0x0, 0x1,
    0x9f, 0xd0, 0x0, 0x0, 0xaf, 0xfd, 0xbc, 0xff,
    0xc2, 0x0, 0x0, 0x0, 0x4a, 0xdf, 0xeb, 0x50,
    0x0, 0x0,

    /* U+0473 "ѳ" */
    0x0, 0x7, 0xcf, 0xeb, 0x40, 0x0, 0xc, 0xfa,
    0x78, 0xcf, 0x80, 0x8, 0xf4, 0x0, 0x0, 0x8f,
    0x40, 0xfa, 0x0, 0x0, 0x1, 0xea, 0x2f, 0xff,
    0xff, 0xff, 0xff, 0xd2, 0xfa, 0x33, 0x33, 0x33,
    0xed, 0xf, 0xd0, 0x0, 0x0, 0x2f, 0xa0, 0x8f,
    0x80, 0x0, 0xc, 0xf3, 0x0, 0xcf, 0xc8, 0x8e,
    0xf7, 0x0, 0x0, 0x7c, 0xfe, 0xb4, 0x0,

    /* U+0474 "Ѵ" */
    0x0, 0x0, 0x0, 0x0, 0x0, 0x0, 0x0, 0x8f,
    0x60, 0x0, 0x0, 0x0, 0x6e, 0xf6, 0x2f, 0xd0,
    0x0, 0x0, 0x5, 0xff, 0xb3, 0xc, 0xf3, 0x0,
    0x0, 0xd, 0xf2, 0x0, 0x5, 0xf9, 0x0, 0x0,
    0x3f, 0x90, 0x0, 0x0, 0xef, 0x0, 0x0, 0x9f,
    0x30, 0x0, 0x0, 0x8f, 0x60, 0x0, 0xed, 0x0,
    0x0, 0x0, 0x2f, 0xd0, 0x4, 0xf7, 0x0, 0x0,
    0x0, 0xc, 0xf3, 0xa, 0xf2, 0x0, 0x0, 0x0,
    0x5, 0xf9, 0xf, 0xc0, 0x0, 0x0, 0x0, 0x0,
    0xef, 0x6f, 0x60, 0x0, 0x0, 0x0, 0x0, 0x9f,
    0xff, 0x10, 0x0, 0x0, 0x0, 0x0, 0x2f, 0xfb,
    0x0, 0x0, 0x0, 0x0, 0x0, 0xc, 0xf6, 0x0,
    0x0, 0x0,

    /* U+0475 "ѵ" */
    0xbf, 0x30, 0x0, 0x0, 0xbf, 0x84, 0xf9, 0x0,
    0x0, 0x8f, 0xe7, 0xd, 0xf0, 0x0, 0xf, 0xe0,
    0x0, 0x7f, 0x60, 0x5, 0xf7, 0x0, 0x1, 0xfd,
    0x0, 0xbf, 0x10, 0x0, 0x9, 0xf3, 0x1f, 0xb0,
    0x0, 0x0, 0x3f, 0xa6, 0xf5, 0x0, 0x0, 0x0,
    0xcf, 0xde, 0x0, 0x0, 0x0, 0x5, 0xff, 0x90,
    0x0, 0x0, 0x0, 0xe, 0xf3, 0x0, 0x0,

    /* U+048A "Ҋ" */
    0x0, 0x5, 0x40, 0x0, 0x63, 0x0, 0x0, 0x0,
    0x7, 0xe2, 0x4, 0xf3, 0x0, 0x0, 0x0, 0x0,
    0xaf, 0xfe, 0x70, 0x0, 0x0, 0x0, 0x0, 0x0,
    0x10, 0x0, 0x0, 0x0, 0xf, 0xc0, 0x0, 0x0,
    0x3, 0xfd, 0x0, 0xf, 0xc0, 0x0, 0x0, 0xd,
    0xfd, 0x0, 0xf, 0xc0, 0x0, 0x0, 0xaf, 0xfd,
    0x0, 0xf, 0xc0, 0x0, 0x5, 0xfb, 0xed, 0x0,
    0xf, 0xc0, 0x0, 0x2f, 0xe1, 0xed, 0x0, 0xf,
    0xc0, 0x0, 0xcf, 0x40, 0xed, 0x0, 0xf, 0xc0,
    0x9, 0xf7, 0x0, 0xed, 0x0, 0xf, 0xc0, 0x4f,
    0xb0, 0x0, 0xed, 0x0, 0xf, 0xc1, 0xee, 0x10,
    0x0, 0xed, 0x0, 0xf, 0xcc, 0xf4, 0x0, 0x0,
    0xed, 0x0, 0xf, 0xff, 0x70, 0x0, 0x0, 0xed,
    0x0, 0xf, 0xfb, 0x0, 0x0, 0x0, 0xee, 0x74,
    0xf, 0xe1, 0x0, 0x0, 0x0, 0xef, 0xf6, 0x0,
    0x0, 0x0, 0x0, 0x0, 0x7, 0xf1, 0x0, 0x0,
    0x0, 0x0, 0x0, 0xb, 0xd0, 0x0, 0x0, 0x0,
    0x0, 0x0, 0xe, 0x80,

    /* U+048B "ҋ" */
    0x0, 0xb7, 0x0, 0x3f, 0x0, 0x0, 0x0, 0x6d,
    0x10, 0xba, 0x0, 0x0, 0x0, 0x8, 0xff, 0xb1,
    0x0, 0x0, 0x0, 0x0, 0x0, 0x0, 0x0, 0x0,
    0x5f, 0x60, 0x0, 0x3, 0xfd, 0x0, 0x5f, 0x60,
    0x0, 0x1e, 0xfd, 0x0, 0x5f, 0x60, 0x0, 0xcf,
    0xfd, 0x0, 0x5f, 0x60, 0x9, 0xf7, 0xed, 0x0,
    0x5f, 0x60, 0x6f, 0xa0, 0xed, 0x0, 0x5f, 0x63,
    0xfd, 0x0, 0xed, 0x0, 0x5f, 0x8e, 0xe2, 0x0,
    0xed, 0x0, 0x5f, 0xff, 0x40, 0x0, 0xed, 0x0,
    0x5f, 0xf7, 0x0, 0x0, 0xef, 0xb2, 0x5f, 0xa0,
    0x0, 0x0, 0xef, 0xf0, 0x0, 0x0, 0x0, 0x0,
    0xb, 0xb0, 0x0, 0x0, 0x0, 0x0, 0xf, 0x60,

    /* U+048C "Ҍ" */
    0x0, 0x9f, 0x30, 0x0, 0x0, 0x0, 0x0, 0x1a,
    0xf4, 0x11, 0x10, 0x0, 0x0, 0x7f, 0xff, 0xff,
    0xff, 0x0, 0x0, 0x1, 0x4b, 0xf6, 0x44, 0x40,
    0x0, 0x0, 0x0, 0x9f, 0x30, 0x0, 0x0, 0x0,
    0x0, 0x9, 0xf4, 0x22, 0x21, 0x0, 0x0, 0x0,
    0x9f, 0xff, 0xff, 0xff, 0xa1, 0x0, 0x9, 0xf7,
    0x55, 0x56, 0xbf, 0xd0, 0x0, 0x9f, 0x30, 0x0,
    0x0, 0xaf, 0x60, 0x9, 0xf3, 0x0, 0x0, 0x4,
    0xf8, 0x0, 0x9f, 0x30, 0x0, 0x0, 0x5f, 0x80,
    0x9, 0xf3, 0x0, 0x0, 0xc, 0xf4, 0x0, 0x9f,
    0x97, 0x77, 0x9e, 0xfa, 0x0, 0x9, 0xff, 0xff,
    0xff, 0xc6, 0x0,

    /* U+048D "ҍ" */
    0x1, 0xcf, 0x11, 0x10, 0x0, 0x9, 0xff, 0xff,
    0xff, 0x80, 0x0, 0x24, 0xdf, 0x44, 0x42, 0x0,
    0x0, 0xc, 0xf0, 0x0, 0x0, 0x0, 0x0, 0xcf,
    0xff, 0xff, 0xb3, 0x0, 0xc, 0xf3, 0x34, 0x6e,
    0xe1, 0x0, 0xcf, 0x0, 0x0, 0x7f, 0x50, 0xc,
    0xf0, 0x0, 0x8, 0xf5, 0x0, 0xcf, 0x55, 0x59,
    0xfe, 0x0, 0xc, 0xff, 0xff, 0xd9, 0x10,

    /* U+048E "Ҏ" */
    0xf, 0xff, 0xff, 0xfd, 0x81, 0x0, 0xf, 0xea,
    0xaa, 0xbe, 0xfe, 0x10, 0xf, 0xc0, 0x0, 0x0,
    0x8f, 0xb0, 0xf, 0xc0, 0x0, 0x0, 0xd, 0xf0,
    0xf, 0xc0, 0x5, 0x60, 0xb, 0xf1, 0xf, 0xc0,
    0x6, 0xf3, 0xd, 0xf0, 0xf, 0xc0, 0x0, 0x9e,
    0x8f, 0xa0, 0xf, 0xe9, 0x99, 0xbf, 0xfd, 0x10,
    0xf, 0xff, 0xff, 0xfd, 0xf8, 0x0, 0xf, 0xc0,
    0x0, 0x0, 0x6f, 0x30, 0xf, 0xc0, 0x0, 0x0,
    0xb, 0xa0, 0xf, 0xc0, 0x0, 0x0, 0x1, 0x0,
    0xf, 0xc0, 0x0, 0x0, 0x0, 0x0,

    /* U+048F "ҏ" */
    0x5f, 0x54, 0xcf, 0xeb, 0x30, 0x5, 0xf9, 0xfb,
    0x89, 0xff, 0x50, 0x5f, 0xf5, 0x0, 0x2, 0xef,
    0x5, 0xfb, 0x0, 0x0, 0x6, 0xf6, 0x5f, 0x70,
    0x0, 0x0, 0x2f, 0x85, 0xf7, 0x0, 0x2, 0x3,
    0xf8, 0x5f, 0xb0, 0x0, 0xe8, 0x7f, 0x65, 0xff,
    0x60, 0x5, 0xff, 0xf1, 0x5f, 0xaf, 0xc9, 0xbf,
    0xf6, 0x5, 0xf6, 0x3b, 0xff, 0xbc, 0xc0, 0x5f,
    0x60, 0x0, 0x0, 0x2e, 0x25, 0xf6, 0x0, 0x0,
    0x0, 0x0, 0x5f, 0x60, 0x0, 0x0, 0x0, 0x5,
    0xf6, 0x0, 0x0, 0x0, 0x0,

    /* U+0490 "Ґ" */
    0x0, 0x0, 0x0, 0x7, 0xf3, 0x0, 0x0, 0x0,
    0x7, 0xf3, 0x0, 0x0, 0x0, 0x7, 0xf3, 0xf,
    0xff, 0xff, 0xff, 0xf3, 0xf, 0xea, 0xaa, 0xaa,
    0xa2, 0xf, 0xc0, 0x0, 0x0, 0x0, 0xf, 0xc0,
    0x0, 0x0, 0x0, 0xf, 0xc0, 0x0, 0x0, 0x0,
    0xf, 0xc0, 0x0, 0x0, 0x0, 0xf, 0xc0, 0x0,
    0x0, 0x0, 0xf, 0xc0, 0x0, 0x0, 0x0, 0xf,
    0xc0, 0x0, 0x0, 0x0, 0xf, 0xc0, 0x0, 0x0,
    0x0, 0xf, 0xc0, 0x0, 0x0, 0x0, 0xf, 0xc0,
    0x0, 0x0, 0x0, 0xf, 0xc0, 0x0, 0x0, 0x0,

    /* U+0491 "ґ" */
    0x0, 0x0, 0x5, 0xf4, 0x0, 0x0, 0x5, 0xf4,
    0x5f, 0xff, 0xff, 0xf4, 0x5f, 0xb9, 0x99, 0x92,
    0x5f, 0x60, 0x0, 0x0, 0x5f, 0x60, 0x0, 0x0,
    0x5f, 0x60, 0x0, 0x0, 0x5f, 0x60, 0x0, 0x0,
    0x5f, 0x60, 0x0, 0x0, 0x5f, 0x60, 0x0, 0x0,
    0x5f, 0x60, 0x0, 0x0, 0x5f, 0x60, 0x0, 0x0,

    /* U+0492 "Ғ" */
    0x0, 0x8f, 0xff, 0xff, 0xff, 0xb0, 0x8, 0xfb,
    0xaa, 0xaa, 0xa6, 0x0, 0x8f, 0x30, 0x0, 0x0,
    0x0, 0x8, 0xf3, 0x0, 0x0, 0x0, 0x0, 0x8f,
    0x30, 0x0, 0x0, 0x0, 0x19, 0xf4, 0x11, 0x11,
    0x0, 0x7f, 0xff, 0xff, 0xff, 0xf7, 0x2, 0x4a,
    0xf7, 0x44, 0x44, 0x20, 0x0, 0x8f, 0x30, 0x0,
    0x0, 0x0, 0x8, 0xf3, 0x0, 0x0, 0x0, 0x0,
    0x8f, 0x30, 0x0, 0x0, 0x0, 0x8, 0xf3, 0x0,
    0x0, 0x0, 0x0, 0x8f, 0x30, 0x0, 0x0, 0x0,

    /* U+0493 "ғ" */
    0x0, 0xff, 0xff, 0xff, 0xf0, 0xf, 0xd9, 0x99,
    0x98, 0x0, 0xfb, 0x0, 0x0, 0x0, 0xf, 0xb0,
    0x0, 0x0, 0x1, 0xfb, 0x0, 0x0, 0x3, 0xff,
    0xff, 0xff, 0xc0, 0x4, 0xfc, 0x33, 0x32, 0x0,
    0xf, 0xb0, 0x0, 0x0, 0x0, 0xfb, 0x0, 0x0,
    0x0, 0xf, 0xb0, 0x0, 0x0,

    /* U+0494 "Ҕ" */
    0xf, 0xff, 0xff, 0xff, 0xf9, 0x0, 0xfe, 0xaa,
    0xaa, 0xaa, 0x50, 0xf, 0xc0, 0x0, 0x0, 0x0,
    0x0, 0xfc, 0x0, 0x0, 0x0, 0x0, 0xf, 0xc0,
    0x0, 0x0, 0x0, 0x0, 0xfc, 0x4, 0x67, 0x40,
    0x0, 0xf, 0xee, 0xff, 0xff, 0xd3, 0x0, 0xff,
    0x93, 0x2, 0x8f, 0xe1, 0xf, 0xc0, 0x0, 0x0,
    0x8f, 0x70, 0xfc, 0x0, 0x0, 0x1, 0xfb, 0xf,
    0xc0, 0x0, 0x0, 0xf, 0xc0, 0xfc, 0x0, 0x0,
    0x2, 0xfa, 0xf, 0xc0, 0x0, 0x0, 0x8f, 0x50,
    0x0, 0x0, 0x1, 0x8f, 0xd0, 0x0, 0x0, 0xf,
    0xff, 0xc1, 0x0, 0x0, 0x1, 0x88, 0x40, 0x0,

    /* U+0495 "ҕ" */
    0x5f, 0xff, 0xff, 0xf8, 0x0, 0x5f, 0xb9, 0x99,
    0x94, 0x0, 0x5f, 0x60, 0x0, 0x0, 0x0, 0x5f,
    0x60, 0x0, 0x0, 0x0, 0x5f, 0x60, 0x0, 0x0,
    0x0, 0x5f, 0xab, 0xef, 0xc5, 0x0, 0x5f, 0xfb,
    0x9a, 0xff, 0x70, 0x5f, 0x70, 0x0, 0x1e, 0xf1,
    0x5f, 0x60, 0x0, 0x8, 0xf4, 0x5f, 0x60, 0x0,
    0x6, 0xf5, 0x0, 0x0, 0x0, 0x9, 0xf4, 0x0,
    0x0, 0x0, 0x3f, 0xe0, 0x0, 0x3, 0xab, 0xff,
    0x40, 0x0, 0x6, 0xfe, 0xb3, 0x0,

    /* U+0496 "Җ" */
    0x1e, 0xd0, 0x0, 0x0, 0x9f, 0x20, 0x0, 0x5,
    0xf8, 0x0, 0x6f, 0x80, 0x0, 0x9, 0xf2, 0x0,
    0x1, 0xed, 0x0, 0x0, 0xbf, 0x20, 0x0, 0x9f,
    0x20, 0x0, 0xaf, 0x40, 0x0, 0x2, 0xfc, 0x0,
    0x9, 0xf2, 0x0, 0x4f, 0x90, 0x0, 0x0, 0x7,
    0xf6, 0x0, 0x9f, 0x20, 0xd, 0xe1, 0x0, 0x0,
    0x0, 0xc, 0xea, 0xad, 0xfb, 0xac, 0xf5, 0x0,
    0x0, 0x0, 0x0, 0xcf, 0xff, 0xff, 0xff, 0xff,
    0x40, 0x0, 0x0, 0x0, 0x6f, 0xa0, 0x9, 0xf2,
    0x2, 0xfd, 0x0, 0x0, 0x0, 0x1e, 0xf1, 0x0,
    0x9f, 0x20, 0x9, 0xf8, 0x0, 0x0, 0x9, 0xf8,
    0x0, 0x9, 0xf2, 0x0, 0x1e, 0xf2, 0x0, 0x3,
    0xfe, 0x0, 0x0, 0x9f, 0x20, 0x0, 0x6f, 0xb0,
    0x0, 0xcf, 0x50, 0x0, 0x9, 0xf2, 0x0, 0x0,
    0xcf, 0xe9, 0x5f, 0xb0, 0x0, 0x0, 0x9f, 0x20,
    0x0, 0x3, 0xff, 0xf0, 0x0, 0x0, 0x0, 0x0,
    0x0, 0x0, 0x0, 0x0, 0xbf, 0x0, 0x0, 0x0,
    0x0, 0x0, 0x0, 0x0, 0x0, 0xb, 0xf0, 0x0,
    0x0, 0x0, 0x0, 0x0, 0x0, 0x0, 0x0, 0xbf,

    /* U+0497 "җ" */
    0x3f, 0x90, 0x0, 0x3f, 0x80, 0x0, 0x5f, 0x70,
    0x9, 0xf3, 0x0, 0x3f, 0x80, 0x0, 0xed, 0x0,
    0x1, 0xec, 0x0, 0x3f, 0x80, 0x7, 0xf4, 0x0,
    0x0, 0x6f, 0x50, 0x3f, 0x80, 0x1f, 0xb0, 0x0,
    0x0, 0xc, 0xe8, 0xaf, 0xc8, 0xcf, 0x20, 0x0,
    0x0, 0xc, 0xff, 0xff, 0xff, 0xff, 0x10, 0x0,
    0x0, 0x7f, 0x90, 0x3f, 0x80, 0x5f, 0xb0, 0x0,
    0x2, 0xfd, 0x0, 0x3f, 0x80, 0xa, 0xf6, 0x0,
    0xc, 0xf4, 0x0, 0x3f, 0x80, 0x1, 0xef, 0xa6,
    0x6f, 0x90, 0x0, 0x3f, 0x80, 0x0, 0x5f, 0xfc,
    0x0, 0x0, 0x0, 0x0, 0x0, 0x0, 0x0, 0xcc,
    0x0, 0x0, 0x0, 0x0, 0x0, 0x0, 0x0, 0xcc,

    /* U+0498 "Ҙ" */
    0x2, 0x8d, 0xff, 0xd9, 0x20, 0x0, 0xdf, 0xdb,
    0xad, 0xff, 0x30, 0x4, 0x20, 0x0, 0x6, 0xfc,
    0x0, 0x0, 0x0, 0x0, 0xe, 0xf0, 0x0, 0x0,
    0x0, 0x2, 0xfb, 0x0, 0x0, 0x88, 0x8a, 0xed,
    0x20, 0x0, 0x1f, 0xff, 0xff, 0xa1, 0x0, 0x0,
    0x0, 0x1, 0x5e, 0xd0, 0x0, 0x0, 0x0, 0x0,
    0x6f, 0x60, 0x0, 0x0, 0x0, 0x6, 0xf7, 0xa,
    0x20, 0x0, 0x3, 0xef, 0x33, 0xef, 0xda, 0xac,
    0xff, 0x80, 0x1, 0x7c, 0xff, 0xfa, 0x30, 0x0,
    0x0, 0x6, 0xf4, 0x0, 0x0, 0x0, 0x0, 0x6f,
    0x40, 0x0, 0x0, 0x0, 0x3, 0x82, 0x0, 0x0,

    /* U+0499 "ҙ" */
    0x5, 0xbd, 0xfe, 0xb3, 0x0, 0xed, 0xa8, 0xaf,
    0xf3, 0x1, 0x0, 0x0, 0x5f, 0x80, 0x0, 0x0,
    0x2a, 0xf3, 0x0, 0xe, 0xff, 0xf6, 0x0, 0x0,
    0x33, 0x5b, 0xf5, 0x0, 0x0, 0x0, 0xf, 0xc0,
    0x40, 0x0, 0x3, 0xfb, 0x5f, 0xd9, 0x8a, 0xff,
    0x30, 0x6b, 0xff, 0xea, 0x30, 0x0, 0x4, 0xf5,
    0x0, 0x0, 0x0, 0x4f, 0x50, 0x0,

    /* U+049A "Қ" */
    0xf, 0xb0, 0x0, 0x0, 0x1e, 0xd0, 0x0, 0xfb,
    0x0, 0x0, 0xc, 0xf3, 0x0, 0xf, 0xb0, 0x0,
    0x8, 0xf6, 0x0, 0x0, 0xfb, 0x0, 0x3, 0xfa,
    0x0, 0x0, 0xf, 0xb0, 0x1, 0xed, 0x0, 0x0,
    0x0, 0xfe, 0xaa, 0xdf, 0x30, 0x0, 0x0, 0xf,
    0xff, 0xff, 0xf2, 0x0, 0x0, 0x0, 0xfb, 0x0,
    0x4f, 0xc0, 0x0, 0x0, 0xf, 0xb0, 0x0, 0xaf,
    0x70, 0x0, 0x0, 0xfb, 0x0, 0x0, 0xef, 0x20,
    0x0, 0xf, 0xb0, 0x0, 0x4, 0xfc, 0x0, 0x0,
    0xfb, 0x0, 0x0, 0x9, 0xff, 0xa3, 0xf, 0xb0,
    0x0, 0x0, 0xf, 0xff, 0x50, 0x0, 0x0, 0x0,
    0x0, 0x5, 0xf5, 0x0, 0x0, 0x0, 0x0, 0x0,
    0x5f, 0x50, 0x0, 0x0, 0x0, 0x0, 0x5, 0xf5,

    /* U+049B "қ" */
    0x5f, 0x60, 0x0, 0xc, 0xe1, 0x5, 0xf6, 0x0,
    0x8, 0xf4, 0x0, 0x5f, 0x60, 0x3, 0xf9, 0x0,
    0x5, 0xf6, 0x0, 0xdd, 0x0, 0x0, 0x5f, 0xb8,
    0xbf, 0x20, 0x0, 0x5, 0xff, 0xff, 0xf2, 0x0,
    0x0, 0x5f, 0x60, 0x3f, 0xd0, 0x0, 0x5, 0xf6,
    0x0, 0x6f, 0xa0, 0x0, 0x5f, 0x60, 0x0, 0x9f,
    0xf8, 0x35, 0xf6, 0x0, 0x0, 0xff, 0xf5, 0x0,
    0x0, 0x0, 0x0, 0x3f, 0x50, 0x0, 0x0, 0x0,
    0x3, 0xf5,

    /* U+049C "Ҝ" */
    0xf, 0xb0, 0x0, 0x0, 0x9, 0xf5, 0xf, 0xb0,
    0x0, 0x0, 0x4f, 0xa0, 0xf, 0xb0, 0x0, 0x0,
    0xde, 0x10, 0xf, 0xb0, 0xf5, 0x9, 0xf4, 0x0,
    0xf, 0xb0, 0xf5, 0x3f, 0xa0, 0x0, 0xf, 0xea,
    0xfc, 0xee, 0x10, 0x0, 0xf, 0xff, 0xff, 0xfe,
    0x0, 0x0, 0xf, 0xb0, 0xf5, 0x8f, 0x80, 0x0,
    0xf, 0xb0, 0xf5, 0xd, 0xf3, 0x0, 0xf, 0xb0,
    0xe4, 0x4, 0xfc, 0x0, 0xf, 0xb0, 0x0, 0x0,
    0xaf, 0x60, 0xf, 0xb0, 0x0, 0x0, 0x1f, 0xf1,
    0xf, 0xb0, 0x0, 0x0, 0x6, 0xfa,

    /* U+049D "ҝ" */
    0x5f, 0x50, 0x0, 0x8, 0xf4, 0x5f, 0x50, 0x0,
    0x2f, 0xa0, 0x5f, 0x52, 0x10, 0xbe, 0x10, 0x5f,
    0x5b, 0x85, 0xf6, 0x0, 0x5f, 0xbe, 0xce, 0xc0,
    0x0, 0x5f, 0xff, 0xff, 0xb0, 0x0, 0x5f, 0x5b,
    0x89, 0xf6, 0x0, 0x5f, 0x5b, 0x80, 0xdf, 0x20,
    0x5f, 0x50, 0x0, 0x3f, 0xc0, 0x5f, 0x50, 0x0,
    0x8, 0xf7,

    /* U+049E "Ҟ" */
    0x0, 0xaf, 0x20, 0x0, 0x0, 0x9f, 0x40, 0x1a,
    0xf2, 0x11, 0x0, 0x5f, 0x80, 0x6f, 0xff, 0xff,
    0xf2, 0x2f, 0xc0, 0x1, 0x4b, 0xf5, 0x44, 0x1c,
    0xe1, 0x0, 0x0, 0xaf, 0x20, 0x9, 0xf4, 0x0,
    0x0, 0xa, 0xfa, 0xaa, 0xf8, 0x0, 0x0, 0x0,
    0xaf, 0xff, 0xff, 0x70, 0x0, 0x0, 0xa, 0xf2,
    0x0, 0xdf, 0x30, 0x0, 0x0, 0xaf, 0x20, 0x3,
    0xfd, 0x0, 0x0, 0xa, 0xf2, 0x0, 0x8, 0xf8,
    0x0, 0x0, 0xaf, 0x20, 0x0, 0xd, 0xf3, 0x0,
    0xa, 0xf2, 0x0, 0x0, 0x3f, 0xd0, 0x0, 0xaf,
    0x20, 0x0, 0x0, 0x8f, 0x80,

    /* U+049F "ҟ" */
    0x4, 0xe5, 0x0, 0x0, 0x0, 0x0, 0x5f, 0x70,
    0x0, 0x0, 0x0, 0xff, 0xff, 0xff, 0x20, 0x0,
    0x3, 0x7f, 0x83, 0x30, 0x0, 0x0, 0x5, 0xf6,
    0x0, 0x0, 0xce, 0x10, 0x5f, 0x60, 0x0, 0x8f,
    0x40, 0x5, 0xf6, 0x0, 0x3f, 0x90, 0x0, 0x5f,
    0x60, 0xd, 0xd0, 0x0, 0x5, 0xfb, 0x8b, 0xf2,
    0x0, 0x0, 0x5f, 0xff, 0xff, 0x20, 0x0, 0x5,
    0xf6, 0x4, 0xfd, 0x0, 0x0, 0x5f, 0x60, 0x7,
    0xfa, 0x0, 0x5, 0xf6, 0x0, 0xa, 0xf7, 0x0,
    0x5f, 0x60, 0x0, 0xc, 0xf3,

    /* U+04A0 "Ҡ" */
    0xcf, 0xff, 0xfd, 0x0, 0x0, 0x0, 0xde, 0x17,
    0xaa, 0xaf, 0xd0, 0x0, 0x0, 0xaf, 0x30, 0x0,
    0x0, 0xfd, 0x0, 0x0, 0x6f, 0x70, 0x0, 0x0,
    0xf, 0xd0, 0x0, 0x2f, 0xb0, 0x0, 0x0, 0x0,
    0xfd, 0x0, 0xd, 0xe1, 0x0, 0x0, 0x0, 0xf,
    0xea, 0xac, 0xf4, 0x0, 0x0, 0x0, 0x0, 0xff,
    0xff, 0xff, 0x30, 0x0, 0x0, 0x0, 0xf, 0xd0,
    0x3, 0xfd, 0x0, 0x0, 0x0, 0x0, 0xfd, 0x0,
    0x8, 0xf8, 0x0, 0x0, 0x0, 0xf, 0xd0, 0x0,
    0xd, 0xf3, 0x0, 0x0, 0x0, 0xfd, 0x0, 0x0,
    0x3f, 0xd0, 0x0, 0x0, 0xf, 0xd0, 0x0, 0x0,
    0x7f, 0x90, 0x0, 0x0, 0xfd, 0x0, 0x0, 0x0,
    0xcf, 0x30,

    /* U+04A1 "ҡ" */
    0xef, 0xff, 0xb0, 0x0, 0x8, 0xf5, 0x88, 0x8f,
    0xb0, 0x0, 0x3f, 0x90, 0x0, 0xf, 0xb0, 0x0,
    0xdd, 0x0, 0x0, 0xf, 0xb0, 0x9, 0xf3, 0x0,
    0x0, 0xf, 0xd8, 0x9f, 0x70, 0x0, 0x0, 0xf,
    0xff, 0xff, 0x60, 0x0, 0x0, 0xf, 0xb0, 0xd,
    0xf3, 0x0, 0x0, 0xf, 0xb0, 0x2, 0xfe, 0x10,
    0x0, 0xf, 0xb0, 0x0, 0x4f, 0xb0, 0x0, 0xf,
    0xb0, 0x0, 0x7, 0xf8,

    /* U+04A2 "Ң" */
    0xf, 0xc0, 0x0, 0x0, 0x0, 0xfc, 0x0, 0xf,
    0xc0, 0x0, 0x0, 0x0, 0xfc, 0x0, 0xf, 0xc0,
    0x0, 0x0, 0x0, 0xfc, 0x0, 0xf, 0xc0, 0x0,
    0x0, 0x0, 0xfc, 0x0, 0xf, 0xc0, 0x0, 0x0,
    0x0, 0xfc, 0x0, 0xf, 0xea, 0xaa, 0xaa, 0xaa,
    0xfc, 0x0, 0xf, 0xff, 0xff, 0xff, 0xff, 0xfc,
    0x0, 0xf, 0xc0, 0x0, 0x0, 0x0, 0xfc, 0x0,
    0xf, 0xc0, 0x0, 0x0, 0x0, 0xfc, 0x0, 0xf,
    0xc0, 0x0, 0x0, 0x0, 0xfc, 0x0, 0xf, 0xc0,
    0x0, 0x0, 0x0, 0xfc, 0x0, 0xf, 0xc0, 0x0,
    0x0, 0x0, 0xff, 0xa7, 0xf, 0xc0, 0x0, 0x0,
    0x0, 0xff, 0xfc, 0x0, 0x0, 0x0, 0x0, 0x0,
    0x0, 0xec, 0x0, 0x0, 0x0, 0x0, 0x0, 0x0,
    0xec, 0x0, 0x0, 0x0, 0x0, 0x0, 0x0, 0xec,

    /* U+04A3 "ң" */
    0x5f, 0x60, 0x0, 0x2, 0xf9, 0x0, 0x5f, 0x60,
    0x0, 0x2, 0xf9, 0x0, 0x5f, 0x60, 0x0, 0x2,
    0xf9, 0x0, 0x5f, 0x60, 0x0, 0x2, 0xf9, 0x0,
    0x5f, 0xb8, 0x88, 0x89, 0xf9, 0x0, 0x5f, 0xff,
    0xff, 0xff, 0xf9, 0x0, 0x5f, 0x60, 0x0, 0x2,
    0xf9, 0x0, 0x5f, 0x60, 0x0, 0x2, 0xf9, 0x0,
    0x5f, 0x60, 0x0, 0x3, 0xff, 0x90, 0x5f, 0x60,
    0x0, 0x5, 0xff, 0xf1, 0x0, 0x0, 0x0, 0x0,
    0x9, 0xf1, 0x0, 0x0, 0x0, 0x0, 0x9, 0xf1,

    /* U+04A4 "Ҥ" */
    0xf, 0xc0, 0x0, 0x0, 0x0, 0xff, 0xff, 0xff,
    0xff, 0x50, 0xfc, 0x0, 0x0, 0x0, 0xf, 0xfa,
    0xaa, 0xaa, 0xa3, 0xf, 0xc0, 0x0, 0x0, 0x0,
    0xff, 0x0, 0x0, 0x0, 0x0, 0xfc, 0x0, 0x0,
    0x0, 0xf, 0xf0, 0x0, 0x0, 0x0, 0xf, 0xc0,
    0x0, 0x0, 0x0, 0xff, 0x0, 0x0, 0x0, 0x0,
    0xfe, 0xaa, 0xaa, 0xaa, 0xaf, 0xf0, 0x0, 0x0,
    0x0, 0xf, 0xff, 0xff, 0xff, 0xff, 0xff, 0x0,
    0x0, 0x0, 0x0, 0xfc, 0x0, 0x0, 0x0, 0xf,
    0xf0, 0x0, 0x0, 0x0, 0xf, 0xc0, 0x0, 0x0,
    0x0, 0xff, 0x0, 0x0, 0x0, 0x0, 0xfc, 0x0,
    0x0, 0x0, 0xf, 0xf0, 0x0, 0x0, 0x0, 0xf,
    0xc0, 0x0, 0x0, 0x0, 0xff, 0x0, 0x0, 0x0,
    0x0, 0xfc, 0x0, 0x0, 0x0, 0xf, 0xf0, 0x0,
    0x0, 0x0, 0xf, 0xc0, 0x0, 0x0, 0x0, 0xff,
    0x0, 0x0, 0x0, 0x0,

    /* U+04A5 "ҥ" */
    0x5f, 0x60, 0x0, 0x5, 0xff, 0xff, 0xff, 0xd5,
    0xf6, 0x0, 0x0, 0x5f, 0xf9, 0x99, 0x97, 0x5f,
    0x60, 0x0, 0x5, 0xff, 0x0, 0x0, 0x5, 0xf6,
    0x0, 0x0, 0x5f, 0xf0, 0x0, 0x0, 0x5f, 0xb8,
    0x88, 0x8c, 0xff, 0x0, 0x0, 0x5, 0xff, 0xff,
    0xff, 0xff, 0xf0, 0x0, 0x0, 0x5f, 0x60, 0x0,
    0x5, 0xff, 0x0, 0x0, 0x5, 0xf6, 0x0, 0x0,
    0x5f, 0xf0, 0x0, 0x0, 0x5f, 0x60, 0x0, 0x5,
    0xff, 0x0, 0x0, 0x5, 0xf6, 0x0, 0x0, 0x5f,
    0xf0, 0x0, 0x0,

    /* U+04A6 "Ҧ" */
    0xf, 0xff, 0xff, 0xff, 0xff, 0xfd, 0x0, 0x0,
    0x0, 0x0, 0xf, 0xea, 0xaa, 0xaa, 0xaa, 0xfd,
    0x0, 0x0, 0x0, 0x0, 0xf, 0xc0, 0x0, 0x0,
    0x0, 0xfd, 0x0, 0x0, 0x0, 0x0, 0xf, 0xc0,
    0x0, 0x0, 0x0, 0xfd, 0x0, 0x0, 0x0, 0x0,
    0xf, 0xc0, 0x0, 0x0, 0x0, 0xfd, 0x0, 0x0,
    0x0, 0x0, 0xf, 0xc0, 0x0, 0x0, 0x0, 0xfd,
    0x5, 0x77, 0x50, 0x0, 0xf, 0xc0, 0x0, 0x0,
    0x0, 0xff, 0xef, 0xff, 0xfe, 0x30, 0xf, 0xc0,
    0x0, 0x0, 0x0, 0xff, 0xa3, 0x2, 0x8f, 0xe1,
    0xf, 0xc0, 0x0, 0x0, 0x0, 0xfd, 0x0, 0x0,
    0x7, 0xf8, 0xf, 0xc0, 0x0, 0x0, 0x0, 0xfd,
    0x0, 0x0, 0x1, 0xfb, 0xf, 0xc0, 0x0, 0x0,
    0x0, 0xfd, 0x0, 0x0, 0x0, 0xfc, 0xf, 0xc0,
    0x0, 0x0, 0x0, 0xfd, 0x0, 0x0, 0x1, 0xfa,
    0xf, 0xc0, 0x0, 0x0, 0x0, 0xfd, 0x0, 0x0,
    0x8, 0xf6, 0x0, 0x0, 0x0, 0x0, 0x0, 0x0,
    0x0, 0x1, 0x8f, 0xd0, 0x0, 0x0, 0x0, 0x0,
    0x0, 0x0, 0x0, 0xff, 0xfd, 0x20, 0x0, 0x0,
    0x0, 0x0, 0x0, 0x0, 0x1, 0x88, 0x40, 0x0,

    /* U+04A7 "ҧ" */
    0x5f, 0xff, 0xff, 0xff, 0xf4, 0x0, 0x0, 0x0,
    0x5, 0xfb, 0x99, 0x99, 0xcf, 0x40, 0x0, 0x0,
    0x0, 0x5f, 0x60, 0x0, 0x7, 0xf4, 0x0, 0x0,
    0x0, 0x5, 0xf6, 0x0, 0x0, 0x7f, 0x40, 0x0,
    0x0, 0x0, 0x5f, 0x60, 0x0, 0x7, 0xf4, 0x0,
    0x0, 0x0, 0x5, 0xf6, 0x0, 0x0, 0x7f, 0xac,
    0xff, 0xb3, 0x0, 0x5f, 0x60, 0x0, 0x7, 0xff,
    0xa8, 0xaf, 0xf4, 0x5, 0xf6, 0x0, 0x0, 0x7f,
    0x40, 0x0, 0x3f, 0xd0, 0x5f, 0x60, 0x0, 0x7,
    0xf4, 0x0, 0x0, 0xbf, 0x15, 0xf6, 0x0, 0x0,
    0x7f, 0x40, 0x0, 0x9, 0xf2, 0x0, 0x0, 0x0,
    0x0, 0x0, 0x0, 0x0, 0xcf, 0x0, 0x0, 0x0,
    0x0, 0x0, 0x0, 0x0, 0x6f, 0xb0, 0x0, 0x0,
    0x0, 0x0, 0x0, 0x5a, 0xcf, 0xe2, 0x0, 0x0,
    0x0, 0x0, 0x0, 0x9, 0xfe, 0x91, 0x0,

    /* U+04A8 "Ҩ" */
    0x0, 0x5b, 0x20, 0x2, 0xae, 0xfd, 0x70, 0x0,
    0x5, 0xfc, 0x10, 0x3f, 0xfc, 0xbe, 0xfb, 0x0,
    0x1e, 0xe1, 0x0, 0xef, 0x40, 0x0, 0xbf, 0x70,
    0x7f, 0x70, 0x5, 0xf9, 0x0, 0x0, 0x2f, 0xd0,
    0xcf, 0x10, 0x9, 0xf4, 0x0, 0x0, 0xd, 0xf0,
    0xee, 0x0, 0xa, 0xf2, 0x0, 0x0, 0xb, 0xf1,
    0xed, 0x0, 0x9, 0xf3, 0x0, 0x0, 0xc, 0xf0,
    0xdf, 0x0, 0x6, 0xf6, 0x0, 0x0, 0xf, 0xb0,
    0x9f, 0x50, 0x1, 0xfc, 0x0, 0x0, 0x6f, 0x50,
    0x2f, 0xd1, 0x0, 0x8f, 0x70, 0x2, 0xfb, 0x0,
    0x7, 0xfd, 0x30, 0xc, 0xf8, 0x5e, 0xc1, 0x0,
    0x0, 0x7f, 0xfc, 0x99, 0xff, 0xff, 0x88, 0xa1,
    0x0, 0x2, 0x8d, 0xff, 0xd8, 0x9d, 0xff, 0xd2,

    /* U+04A9 "ҩ" */
    0x0, 0x4c, 0x40, 0x19, 0xef, 0xd6, 0x0, 0x2,
    0xfd, 0x10, 0xdf, 0xb9, 0xdf, 0x70, 0xa, 0xf2,
    0x6, 0xf7, 0x0, 0xd, 0xf0, 0xf, 0xc0, 0xa,
    0xf0, 0x0, 0x7, 0xf3, 0x1f, 0x90, 0xb, 0xf0,
    0x0, 0x7, 0xf3, 0xf, 0xa0, 0x9, 0xf2, 0x0,
    0x9, 0xf1, 0xd, 0xf1, 0x4, 0xf8, 0x0, 0x1f,
    0x90, 0x5, 0xfc, 0x10, 0xaf, 0x62, 0xdd, 0x10,
    0x0, 0x8f, 0xfa, 0x8f, 0xff, 0xf8, 0x82, 0x0,
    0x3, 0xae, 0xfe, 0xab, 0xef, 0xe4,

    /* U+04AA "Ҫ" */
    0x0, 0x0, 0x4a, 0xdf, 0xeb, 0x60, 0x0, 0x0,
    0xaf, 0xfd, 0xbb, 0xff, 0xc1, 0x0, 0xaf, 0xc2,
    0x0, 0x0, 0x8d, 0x10, 0x5f, 0xc0, 0x0, 0x0,
    0x0, 0x0, 0xb, 0xf2, 0x0, 0x0, 0x0, 0x0,
    0x0, 0xfd, 0x0, 0x0, 0x0, 0x0, 0x0, 0xf,
    0xc0, 0x0, 0x0, 0x0, 0x0, 0x0, 0xfd, 0x0,
    0x0, 0x0, 0x0, 0x0, 0xb, 0xf2, 0x0, 0x0,
    0x0, 0x0, 0x0, 0x5f, 0xc0, 0x0, 0x0, 0x0,
    0x0, 0x0, 0xaf, 0xc2, 0x0, 0x0, 0x9d, 0x10,
    0x0, 0xaf, 0xfd, 0xbc, 0xff, 0xb0, 0x0, 0x0,
    0x4a, 0xff, 0xfb, 0x50, 0x0, 0x0, 0x0, 0x8,
    0xf2, 0x0, 0x0, 0x0, 0x0, 0x0, 0x8f, 0x20,
    0x0, 0x0, 0x0, 0x0, 0x4, 0x81, 0x0, 0x0,

    /* U+04AB "ҫ" */
    0x0, 0x7, 0xdf, 0xeb, 0x30, 0x0, 0xcf, 0xd9,
    0xaf, 0xf4, 0x9, 0xf8, 0x0, 0x2, 0xc3, 0xf,
    0xd0, 0x0, 0x0, 0x0, 0x2f, 0x90, 0x0, 0x0,
    0x0, 0x2f, 0x90, 0x0, 0x0, 0x0, 0xf, 0xd0,
    0x0, 0x0, 0x0, 0x8, 0xf8, 0x0, 0x2, 0xc3,
    0x0, 0xcf, 0xd9, 0xaf, 0xf4, 0x0, 0x7, 0xef,
    0xfb, 0x30, 0x0, 0x0, 0x2f, 0x70, 0x0, 0x0,
    0x0, 0x2f, 0x70, 0x0,

    /* U+04AC "Ҭ" */
    0xcf, 0xff, 0xff, 0xff, 0xff, 0xa7, 0xaa, 0xac,
    0xfb, 0xaa, 0xa6, 0x0, 0x0, 0x7f, 0x40, 0x0,
    0x0, 0x0, 0x7, 0xf4, 0x0, 0x0, 0x0, 0x0,
    0x7f, 0x40, 0x0, 0x0, 0x0, 0x7, 0xf4, 0x0,
    0x0, 0x0, 0x0, 0x7f, 0x40, 0x0, 0x0, 0x0,
    0x7, 0xf4, 0x0, 0x0, 0x0, 0x0, 0x7f, 0x40,
    0x0, 0x0, 0x0, 0x7, 0xf4, 0x0, 0x0, 0x0,
    0x0, 0x7f, 0x40, 0x0, 0x0, 0x0, 0xc, 0xfe,
    0xa2, 0x0, 0x0, 0x0, 0xff, 0xff, 0x30, 0x0,
    0x0, 0x0, 0x7, 0xf3, 0x0, 0x0, 0x0, 0x0,
    0x7f, 0x30, 0x0, 0x0, 0x0, 0x7, 0xf3, 0x0,

    /* U+04AD "ҭ" */
    0xef, 0xff, 0xff, 0xff, 0xc8, 0x99, 0xcf, 0xb9,
    0x97, 0x0, 0x7, 0xf4, 0x0, 0x0, 0x0, 0x7f,
    0x40, 0x0, 0x0, 0x7, 0xf4, 0x0, 0x0, 0x0,
    0x7f, 0x40, 0x0, 0x0, 0x7, 0xf4, 0x0, 0x0,
    0x0, 0x7f, 0x40, 0x0, 0x0, 0xb, 0xfe, 0x70,
    0x0, 0x0, 0xef, 0xfc, 0x0, 0x0, 0x0, 0xd,
    0xc0, 0x0, 0x0, 0x0, 0xdc, 0x0,

    /* U+04AE "Ү" */
    0x9f, 0x50, 0x0, 0x0, 0x3, 0xf9, 0x1e, 0xe0,
    0x0, 0x0, 0xc, 0xe1, 0x6, 0xf7, 0x0, 0x0,
    0x5f, 0x60, 0x0, 0xdf, 0x10, 0x0, 0xed, 0x0,
    0x0, 0x3f, 0xa0, 0x8, 0xf3, 0x0, 0x0, 0xa,
    0xf4, 0x2f, 0xa0, 0x0, 0x0, 0x1, 0xfd, 0xbf,
    0x10, 0x0, 0x0, 0x0, 0x7f, 0xf7, 0x0, 0x0,
    0x0, 0x0, 0xe, 0xe0, 0x0, 0x0, 0x0, 0x0,
    0xe, 0xe0, 0x0, 0x0, 0x0, 0x0, 0xe, 0xe0,
    0x0, 0x0, 0x0, 0x0, 0xe, 0xe0, 0x0, 0x0,
    0x0, 0x0, 0xe, 0xe0, 0x0, 0x0,

    /* U+04AF "ү" */
    0xbf, 0x20, 0x0, 0x0, 0xaf, 0x4, 0xf8, 0x0,
    0x0, 0x1f, 0x90, 0xd, 0xe0, 0x0, 0x7, 0xf3,
    0x0, 0x7f, 0x50, 0x0, 0xdc, 0x0, 0x1, 0xfb,
    0x0, 0x4f, 0x60, 0x0, 0xa, 0xf2, 0xb, 0xf0,
    0x0, 0x0, 0x4f, 0x81, 0xf9, 0x0, 0x0, 0x0,
    0xde, 0x8f, 0x20, 0x0, 0x0, 0x7, 0xff, 0xc0,
    0x0, 0x0, 0x0, 0x1f, 0xf5, 0x0, 0x0, 0x0,
    0x0, 0xbf, 0x0, 0x0, 0x0, 0x0, 0xb, 0xf0,
    0x0, 0x0, 0x0, 0x0, 0xbf, 0x0, 0x0, 0x0,
    0x0, 0xb, 0xf0, 0x0, 0x0,

    /* U+04B0 "Ұ" */
    0xc, 0xf2, 0x0, 0x0, 0x0, 0x5f, 0x60, 0x3f,
    0xb0, 0x0, 0x0, 0xe, 0xd0, 0x0, 0xaf, 0x40,
    0x0, 0x8, 0xf4, 0x0, 0x1, 0xfd, 0x0, 0x1,
    0xfb, 0x0, 0x0, 0x7, 0xf6, 0x0, 0xaf, 0x20,
    0x0, 0x0, 0xd, 0xe1, 0x3f, 0x90, 0x0, 0x0,
    0x0, 0x5f, 0x9c, 0xe1, 0x0, 0x0, 0x0, 0x11,
    0xdf, 0xf8, 0x11, 0x0, 0x0, 0x7f, 0xff, 0xff,
    0xff, 0xf0, 0x0, 0x2, 0x44, 0x5f, 0xf4, 0x44,
    0x0, 0x0, 0x0, 0x1, 0xfb, 0x0, 0x0, 0x0,
    0x0, 0x0, 0x1f, 0xb0, 0x0, 0x0, 0x0, 0x0,
    0x1, 0xfb, 0x0, 0x0, 0x0,

    /* U+04B1 "ұ" */
    0xbf, 0x10, 0x0, 0x0, 0xaf, 0x4, 0xf7, 0x0,
    0x0, 0x1f, 0xa0, 0xe, 0xd0, 0x0, 0x6, 0xf3,
    0x0, 0x8f, 0x40, 0x0, 0xdd, 0x0, 0x2, 0xfa,
    0x0, 0x3f, 0x70, 0x0, 0xc, 0xf0, 0x9, 0xf1,
    0x0, 0x0, 0x5f, 0x60, 0xfa, 0x0, 0x0, 0x0,
    0xec, 0x5f, 0x40, 0x0, 0x0, 0x9, 0xfd, 0xe0,
    0x0, 0x0, 0x0, 0x3f, 0xf8, 0x0, 0x0, 0xb,
    0xff, 0xff, 0xff, 0xf0, 0x0, 0x23, 0x3f, 0xf4,
    0x33, 0x0, 0x0, 0x0, 0xbf, 0x0, 0x0, 0x0,
    0x0, 0xb, 0xf0, 0x0, 0x0,

    /* U+04B2 "Ҳ" */
    0x1f, 0xe1, 0x0, 0x0, 0x2f, 0xe1, 0x0, 0x6f,
    0xb0, 0x0, 0xc, 0xf5, 0x0, 0x0, 0xbf, 0x60,
    0x7, 0xfa, 0x0, 0x0, 0x1, 0xef, 0x23, 0xfe,
    0x10, 0x0, 0x0, 0x5, 0xfc, 0xdf, 0x40, 0x0,
    0x0, 0x0, 0xa, 0xff, 0x90, 0x0, 0x0, 0x0,
    0x0, 0x4f, 0xf5, 0x0, 0x0, 0x0, 0x0, 0xd,
    0xff, 0xe1, 0x0, 0x0, 0x0, 0x9, 0xf7, 0x8f,
    0xa0, 0x0, 0x0, 0x4, 0xfc, 0x0, 0xdf, 0x50,
    0x0, 0x1, 0xef, 0x20, 0x2, 0xfe, 0x10, 0x0,
    0xaf, 0x60, 0x0, 0x7, 0xff, 0xa4, 0x5f, 0xb0,
    0x0, 0x0, 0xf, 0xff, 0x70, 0x0, 0x0, 0x0,
    0x0, 0x3, 0xf7, 0x0, 0x0, 0x0, 0x0, 0x0,
    0x3f, 0x70, 0x0, 0x0, 0x0, 0x0, 0x3, 0xf7,

    /* U+04B3 "ҳ" */
    0x4f, 0xa0, 0x0, 0xd, 0xe1, 0x0, 0x8f, 0x50,
    0x9, 0xf4, 0x0, 0x0, 0xcf, 0x24, 0xf8, 0x0,
    0x0, 0x2, 0xfc, 0xec, 0x0, 0x0, 0x0, 0x5,
    0xff, 0x20, 0x0, 0x0, 0x0, 0x8f, 0xf4, 0x0,
    0x0, 0x0, 0x4f, 0xad, 0xe1, 0x0, 0x0, 0x1e,
    0xd0, 0x3f, 0xb0, 0x0, 0xb, 0xf3, 0x0, 0x7f,
    0xf8, 0x37, 0xf7, 0x0, 0x0, 0xff, 0xf6, 0x0,
    0x0, 0x0, 0x0, 0x3f, 0x60, 0x0, 0x0, 0x0,
    0x3, 0xf6,

    /* U+04B4 "Ҵ" */
    0xcf, 0xff, 0xff, 0xff, 0xff, 0x20, 0xa, 0xf2,
    0x0, 0x7a, 0xaa, 0xcf, 0xca, 0xaa, 0x10, 0xa,
    0xf2, 0x0, 0x0, 0x0, 0x6f, 0x50, 0x0, 0x0,
    0xa, 0xf2, 0x0, 0x0, 0x0, 0x6f, 0x50, 0x0,
    0x0, 0xa, 0xf2, 0x0, 0x0, 0x0, 0x6f, 0x50,
    0x0, 0x0, 0xa, 0xf2, 0x0, 0x0, 0x0, 0x6f,
    0x50, 0x0, 0x0, 0xa, 0xf2, 0x0, 0x0, 0x0,
    0x6f, 0x50, 0x0, 0x0, 0xa, 0xf2, 0x0, 0x0,
    0x0, 0x6f, 0x50, 0x0, 0x0, 0xa, 0xf2, 0x0,
    0x0, 0x0, 0x6f, 0x50, 0x0, 0x0, 0xa, 0xf2,
    0x0, 0x0, 0x0, 0x6f, 0x50, 0x0, 0x0, 0xa,
    0xf2, 0x0, 0x0, 0x0, 0x6f, 0x50, 0x0, 0x0,
    0xa, 0xf2, 0x0, 0x0, 0x0, 0x6f, 0xca, 0xaa,
    0xaa, 0xad, 0xfa, 0xa0, 0x0, 0x0, 0x6f, 0xff,
    0xff, 0xff, 0xff, 0xff, 0xf1, 0x0, 0x0, 0x0,
    0x0, 0x0, 0x0, 0x0, 0x9, 0xf1, 0x0, 0x0,
    0x0, 0x0, 0x0, 0x0, 0x0, 0x9, 0xf1, 0x0,
    0x0, 0x0, 0x0, 0x0, 0x0, 0x0, 0x9, 0xf1,

    /* U+04B5 "ҵ" */
    0xef, 0xff, 0xff, 0xff, 0x10, 0xdd, 0x0, 0x89,
    0x9b, 0xfb, 0x99, 0x0, 0xdd, 0x0, 0x0, 0x6,
    0xf5, 0x0, 0x0, 0xdd, 0x0, 0x0, 0x6, 0xf5,
    0x0, 0x0, 0xdd, 0x0, 0x0, 0x6, 0xf5, 0x0,
    0x0, 0xdd, 0x0, 0x0, 0x6, 0xf5, 0x0, 0x0,
    0xdd, 0x0, 0x0, 0x6, 0xf5, 0x0, 0x0, 0xdd,
    0x0, 0x0, 0x6, 0xf5, 0x0, 0x0, 0xdd, 0x0,
    0x0, 0x6, 0xfb, 0x99, 0x99, 0xff, 0x92, 0x0,
    0x6, 0xff, 0xff, 0xff, 0xff, 0xf3, 0x0, 0x0,
    0x0, 0x0, 0x0, 0x6, 0xf3, 0x0, 0x0, 0x0,
    0x0, 0x0, 0x6, 0xf3, 0x0, 0x0, 0x0, 0x0,
    0x0, 0x0, 0x10,

    /* U+04B6 "Ҷ" */
    0xf, 0xb0, 0x0, 0x0, 0x8, 0xf4, 0x0, 0xf,
    0xb0, 0x0, 0x0, 0x8, 0xf4, 0x0, 0xf, 0xb0,
    0x0, 0x0, 0x8, 0xf4, 0x0, 0xf, 0xb0, 0x0,
    0x0, 0x8, 0xf4, 0x0, 0xf, 0xd0, 0x0, 0x0,
    0x8, 0xf4, 0x0, 0xd, 0xf2, 0x0, 0x0, 0x8,
    0xf4, 0x0, 0x8, 0xfd, 0x41, 0x2, 0x7d, 0xf4,
    0x0, 0x0, 0xaf, 0xff, 0xff, 0xff, 0xf4, 0x0,
    0x0, 0x3, 0x89, 0x96, 0x28, 0xf4, 0x0, 0x0,
    0x0, 0x0, 0x0, 0x8, 0xf4, 0x0, 0x0, 0x0,
    0x0, 0x0, 0x8, 0xf4, 0x0, 0x0, 0x0, 0x0,
    0x0, 0xd, 0xfe, 0xa1, 0x0, 0x0, 0x0, 0x0,
    0xf, 0xff, 0xf3, 0x0, 0x0, 0x0, 0x0, 0x0,
    0x7, 0xf3, 0x0, 0x0, 0x0, 0x0, 0x0, 0x7,
    0xf3, 0x0, 0x0, 0x0, 0x0, 0x0, 0x7, 0xf3,

    /* U+04B7 "ҷ" */
    0x4f, 0x70, 0x0, 0x7, 0xf4, 0x4, 0xf7, 0x0,
    0x0, 0x7f, 0x40, 0x4f, 0x70, 0x0, 0x7, 0xf4,
    0x2, 0xf9, 0x0, 0x0, 0x7f, 0x40, 0xe, 0xf6,
    0x23, 0x6c, 0xf4, 0x0, 0x4e, 0xff, 0xfe, 0xdf,
    0x40, 0x0, 0x3, 0x43, 0x7, 0xf4, 0x0, 0x0,
    0x0, 0x0, 0x7f, 0x40, 0x0, 0x0, 0x0, 0xb,
    0xfd, 0x70, 0x0, 0x0, 0x0, 0xef, 0xfc, 0x0,
    0x0, 0x0, 0x0, 0xd, 0xc0, 0x0, 0x0, 0x0,
    0x0, 0xdc,

    /* U+04B8 "Ҹ" */
    0xf, 0xb0, 0x0, 0x0, 0x8, 0xf4, 0xf, 0xb0,
    0x0, 0x0, 0x8, 0xf4, 0xf, 0xb0, 0x0, 0x0,
    0x8, 0xf4, 0xf, 0xb0, 0x0, 0x0, 0x8, 0xf4,
    0xf, 0xd0, 0x9, 0x90, 0x8, 0xf4, 0xd, 0xf3,
    0xb, 0xa0, 0x8, 0xf4, 0x6, 0xff, 0x8c, 0xc7,
    0xbf, 0xf4, 0x0, 0x8f, 0xff, 0xff, 0xed, 0xf4,
    0x0, 0x0, 0x3c, 0xc2, 0x8, 0xf4, 0x0, 0x0,
    0xb, 0xa0, 0x8, 0xf4, 0x0, 0x0, 0xb, 0xa0,
    0x8, 0xf4, 0x0, 0x0, 0x0, 0x0, 0x8, 0xf4,
    0x0, 0x0, 0x0, 0x0, 0x8, 0xf4,

    /* U+04B9 "ҹ" */
    0x4f, 0x70, 0x0, 0x7, 0xf4, 0x4f, 0x70, 0x0,
    0x7, 0xf4, 0x4f, 0x70, 0x0, 0x7, 0xf4, 0x3f,
    0x80, 0xb9, 0x7, 0xf4, 0xf, 0xf4, 0xba, 0x4c,
    0xf4, 0x5, 0xff, 0xff, 0xfe, 0xf4, 0x0, 0x15,
    0xdb, 0x27, 0xf4, 0x0, 0x0, 0xb9, 0x7, 0xf4,
    0x0, 0x0, 0x32, 0x7, 0xf4, 0x0, 0x0, 0x0,
    0x7, 0xf4,

    /* U+04BA "Һ" */
    0xf, 0xc0, 0x0, 0x0, 0x0, 0x0, 0xf, 0xc0,
    0x0, 0x0, 0x0, 0x0, 0xf, 0xc0, 0x0, 0x0,
    0x0, 0x0, 0xf, 0xc0, 0x0, 0x0, 0x0, 0x0,
    0xf, 0xc1, 0x68, 0xa9, 0x50, 0x0, 0xf, 0xff,
    0xff, 0xff, 0xfd, 0x10, 0xf, 0xf8, 0x31, 0x3,
    0xbf, 0xb0, 0xf, 0xc0, 0x0, 0x0, 0xd, 0xf1,
    0xf, 0xc0, 0x0, 0x0, 0x9, 0xf4, 0xf, 0xc0,
    0x0, 0x0, 0x7, 0xf4, 0xf, 0xc0, 0x0, 0x0,
    0x7, 0xf4, 0xf, 0xc0, 0x0, 0x0, 0x7, 0xf4,
    0xf, 0xc0, 0x0, 0x0, 0x7, 0xf4,

    /* U+04BB "һ" */
    0x4e, 0x50, 0x0, 0x0, 0x0, 0x5f, 0x60, 0x0,
    0x0, 0x0, 0x5f, 0x60, 0x0, 0x0, 0x0, 0x5f,
    0x60, 0x0, 0x0, 0x0, 0x5f, 0x66, 0xcf, 0xea,
    0x10, 0x5f, 0xef, 0xca, 0xdf, 0xe1, 0x5f, 0xf4,
    0x0, 0xa, 0xf7, 0x5f, 0xa0, 0x0, 0x2, 0xfa,
    0x5f, 0x70, 0x0, 0x0, 0xfb, 0x5f, 0x60, 0x0,
    0x0, 0xfb, 0x5f, 0x60, 0x0, 0x0, 0xfb, 0x5f,
    0x60, 0x0, 0x0, 0xfb, 0x5f, 0x60, 0x0, 0x0,
    0xfb, 0x5f, 0x60, 0x0, 0x0, 0xfb,

    /* U+04BC "Ҽ" */
    0x0, 0x0, 0x0, 0x4, 0xae, 0xfe, 0xb5, 0x0,
    0x0, 0x0, 0x0, 0x0, 0xaf, 0xfc, 0xab, 0xff,
    0xc1, 0x0, 0x8, 0x40, 0xa, 0xfb, 0x10, 0x0,
    0x8, 0xfc, 0x0, 0x4f, 0x60, 0x4f, 0xc0, 0x0,
    0x0, 0x0, 0x9f, 0x70, 0x5f, 0x60, 0x9f, 0x30,
    0x0, 0x0, 0x0, 0x1f, 0xd0, 0x1f, 0xfa, 0xef,
    0x99, 0x99, 0x99, 0x99, 0x9f, 0xf0, 0x4, 0xcf,
    0xff, 0xff, 0xff, 0xff, 0xff, 0xff, 0xf0, 0x0,
    0x0, 0xbf, 0x20, 0x0, 0x0, 0x0, 0x0, 0x0,
    0x0, 0x0, 0x7f, 0x70, 0x0, 0x0, 0x0, 0x0,
    0x0, 0x0, 0x0, 0x1f, 0xe2, 0x0, 0x0, 0x0,
    0x20, 0x0, 0x0, 0x0, 0x6, 0xfe, 0x40, 0x0,
    0x8, 0xf6, 0x0, 0x0, 0x0, 0x0, 0x7f, 0xfd,
    0xbc, 0xff, 0xe3, 0x0, 0x0, 0x0, 0x0, 0x2,
    0x9d, 0xfe, 0xb6, 0x0, 0x0,

    /* U+04BD "ҽ" */
    0x0, 0x0, 0x4, 0xbe, 0xfd, 0x80, 0x0, 0x0,
    0x0, 0x6f, 0xea, 0x8c, 0xfd, 0x0, 0x7f, 0x2,
    0xfc, 0x0, 0x0, 0x5f, 0x90, 0x9f, 0x38, 0xf4,
    0x0, 0x0, 0xb, 0xf0, 0x2e, 0xff, 0xff, 0xff,
    0xff, 0xff, 0xf1, 0x0, 0x2a, 0xf6, 0x33, 0x33,
    0x33, 0x30, 0x0, 0x5, 0xf7, 0x0, 0x0, 0x0,
    0x0, 0x0, 0x0, 0xef, 0x40, 0x0, 0x19, 0x0,
    0x0, 0x0, 0x3e, 0xfc, 0x9a, 0xff, 0x30, 0x0,
    0x0, 0x1, 0x9d, 0xfe, 0xa3, 0x0,

    /* U+04BE "Ҿ" */
    0x0, 0x0, 0x0, 0x4, 0xae, 0xfe, 0xb5, 0x0,
    0x0, 0x0, 0x0, 0x0, 0xaf, 0xfc, 0xab, 0xff,
    0xc1, 0x0, 0x8, 0x40, 0xa, 0xfb, 0x10, 0x0,
    0x8, 0xfc, 0x0, 0x4f, 0x60, 0x4f, 0xc0, 0x0,
    0x0, 0x0, 0x9f, 0x70, 0x5f, 0x60, 0x9f, 0x30,
    0x0, 0x0, 0x0, 0x1f, 0xd0, 0x1f, 0xfa, 0xef,
    0x99, 0x99, 0x99, 0x99, 0x9f, 0xf0, 0x4, 0xcf,
    0xff, 0xff, 0xff, 0xff, 0xff, 0xff, 0xf0, 0x0,
    0x0, 0xbf, 0x20, 0x0, 0x0, 0x0, 0x0, 0x0,
    0x0, 0x0, 0x7f, 0x70, 0x0, 0x0, 0x0, 0x0,
    0x0, 0x0, 0x0, 0x1f, 0xe2, 0x0, 0x0, 0x0,
    0x20, 0x0, 0x0, 0x0, 0x6, 0xfe, 0x40, 0x0,
    0x8, 0xf6, 0x0, 0x0, 0x0, 0x0, 0x7f, 0xfd,
    0xbc, 0xff, 0xe3, 0x0, 0x0, 0x0, 0x0, 0x2,
    0x9e, 0xff, 0xb6, 0x0, 0x0, 0x0, 0x0, 0x0,
    0x0, 0x1, 0xf9, 0x0, 0x0, 0x0, 0x0, 0x0,
    0x0, 0x0, 0x1, 0xf9, 0x0, 0x0, 0x0, 0x0,
    0x0, 0x0, 0x0, 0x0, 0x84, 0x0, 0x0, 0x0,

    /* U+04BF "ҿ" */
    0x0, 0x0, 0x4, 0xbe, 0xfd, 0x80, 0x0, 0x0,
    0x0, 0x6f, 0xea, 0x8c, 0xfd, 0x0, 0x7f, 0x2,
    0xfc, 0x0, 0x0, 0x5f, 0x90, 0x9f, 0x38, 0xf4,
    0x0, 0x0, 0xb, 0xf0, 0x2e, 0xff, 0xff, 0xff,
    0xff, 0xff, 0xf1, 0x0, 0x2a, 0xf6, 0x33, 0x33,
    0x33, 0x30, 0x0, 0x5, 0xf7, 0x0, 0x0, 0x0,
    0x0, 0x0, 0x0, 0xef, 0x40, 0x0, 0x19, 0x0,
    0x0, 0x0, 0x3e, 0xfc, 0x9a, 0xff, 0x30, 0x0,
    0x0, 0x1, 0x9f, 0xff, 0xa3, 0x0, 0x0, 0x0,
    0x0, 0x7, 0xf3, 0x0, 0x0, 0x0, 0x0, 0x0,
    0x7, 0xf3, 0x0, 0x0,

    /* U+04C0 "Ӏ" */
    0xf, 0xc0, 0xfc, 0xf, 0xc0, 0xfc, 0xf, 0xc0,
    0xfc, 0xf, 0xc0, 0xfc, 0xf, 0xc0, 0xfc, 0xf,
    0xc0, 0xfc, 0xf, 0xc0,

    /* U+04C1 "Ӂ" */
    0x0, 0x0, 0x0, 0x64, 0x0, 0x7, 0x20, 0x0,
    0x0, 0x0, 0x0, 0x0, 0x9, 0xd1, 0x5, 0xf2,
    0x0, 0x0, 0x0, 0x0, 0x0, 0x0, 0x1b, 0xff,
    0xe6, 0x0, 0x0, 0x0, 0x0, 0x0, 0x0, 0x0,
    0x0, 0x10, 0x0, 0x0, 0x0, 0x0, 0x1e, 0xd0,
    0x0, 0x0, 0x9f, 0x20, 0x0, 0x5, 0xf8, 0x0,
    0x6f, 0x80, 0x0, 0x9, 0xf2, 0x0, 0x1, 0xed,
    0x0, 0x0, 0xbf, 0x20, 0x0, 0x9f, 0x20, 0x0,
    0xaf, 0x40, 0x0, 0x2, 0xfc, 0x0, 0x9, 0xf2,
    0x0, 0x4f, 0x90, 0x0, 0x0, 0x7, 0xf6, 0x0,
    0x9f, 0x20, 0xd, 0xe1, 0x0, 0x0, 0x0, 0xc,
    0xea, 0xad, 0xfb, 0xac, 0xf5, 0x0, 0x0, 0x0,
    0x0, 0xcf, 0xff, 0xff, 0xff, 0xff, 0x40, 0x0,
    0x0, 0x0, 0x6f, 0xa0, 0x9, 0xf2, 0x2, 0xfd,
    0x0, 0x0, 0x0, 0x1e, 0xf1, 0x0, 0x9f, 0x20,
    0x9, 0xf8, 0x0, 0x0, 0x9, 0xf8, 0x0, 0x9,
    0xf2, 0x0, 0x1e, 0xf2, 0x0, 0x3, 0xfe, 0x0,
    0x0, 0x9f, 0x20, 0x0, 0x6f, 0xb0, 0x0, 0xcf,
    0x50, 0x0, 0x9, 0xf2, 0x0, 0x0, 0xcf, 0x40,
    0x5f, 0xb0, 0x0, 0x0, 0x9f, 0x20, 0x0, 0x3,
    0xfd, 0x0,

    /* U+04C2 "ӂ" */
    0x0, 0x0, 0x1f, 0x0, 0xd, 0x60, 0x0, 0x0,
    0x0, 0x0, 0xd, 0x80, 0x4f, 0x20, 0x0, 0x0,
    0x0, 0x0, 0x3, 0xdf, 0xf6, 0x0, 0x0, 0x0,
    0x0, 0x0, 0x0, 0x1, 0x0, 0x0, 0x0, 0x0,
    0x3f, 0x90, 0x0, 0x3f, 0x80, 0x0, 0x5f, 0x70,
    0x9, 0xf3, 0x0, 0x3f, 0x80, 0x0, 0xed, 0x0,
    0x1, 0xec, 0x0, 0x3f, 0x80, 0x7, 0xf4, 0x0,
    0x0, 0x6f, 0x50, 0x3f, 0x80, 0x1f, 0xb0, 0x0,
    0x0, 0xc, 0xe8, 0xaf, 0xc8, 0xcf, 0x20, 0x0,
    0x0, 0xc, 0xff, 0xff, 0xff, 0xff, 0x10, 0x0,
    0x0, 0x7f, 0x90, 0x3f, 0x80, 0x5f, 0xb0, 0x0,
    0x2, 0xfd, 0x0, 0x3f, 0x80, 0xa, 0xf6, 0x0,
    0xc, 0xf4, 0x0, 0x3f, 0x80, 0x1, 0xee, 0x10,
    0x6f, 0x90, 0x0, 0x3f, 0x80, 0x0, 0x5f, 0xb0,

    /* U+04C3 "Ӄ" */
    0xf, 0xb0, 0x0, 0x0, 0x1e, 0xe0, 0xf, 0xb0,
    0x0, 0x0, 0xaf, 0x40, 0xf, 0xb0, 0x0, 0x5,
    0xf9, 0x0, 0xf, 0xb0, 0x0, 0x1e, 0xd0, 0x0,
    0xf, 0xb0, 0x0, 0xaf, 0x30, 0x0, 0xf, 0xb0,
    0x4, 0xf9, 0x0, 0x0, 0xf, 0xff, 0xff, 0xf0,
    0x0, 0x0, 0xf, 0xea, 0xad, 0xf9, 0x0, 0x0,
    0xf, 0xb0, 0x0, 0xcf, 0x70, 0x0, 0xf, 0xb0,
    0x0, 0xd, 0xf5, 0x0, 0xf, 0xb0, 0x0, 0x2,
    0xff, 0x10, 0xf, 0xb0, 0x0, 0x0, 0x6f, 0xa0,
    0xf, 0xb0, 0x0, 0x0, 0xd, 0xf2, 0x0, 0x0,
    0x0, 0x0, 0x8, 0xf6, 0x0, 0x0, 0x0, 0x0,
    0xa, 0xf5, 0x0, 0x0, 0x0, 0x5b, 0xbf, 0xf1,
    0x0, 0x0, 0x0, 0x5d, 0xfc, 0x30,

    /* U+04C4 "ӄ" */
    0x5f, 0x60, 0x0, 0xc, 0xe1, 0x5f, 0x60, 0x0,
    0x8f, 0x40, 0x5f, 0x60, 0x3, 0xf9, 0x0, 0x5f,
    0x60, 0xd, 0xd0, 0x0, 0x5f, 0xb8, 0xbf, 0x20,
    0x0, 0x5f, 0xff, 0xff, 0x60, 0x0, 0x5f, 0x60,
    0xc, 0xf4, 0x0, 0x5f, 0x60, 0x1, 0xee, 0x10,
    0x5f, 0x60, 0x0, 0x4f, 0x90, 0x5f, 0x60, 0x0,
    0xc, 0xf0, 0x0, 0x0, 0x0, 0x8, 0xf3, 0x0,
    0x0, 0x0, 0x9, 0xf3, 0x0, 0x0, 0x59, 0x9f,
    0xe0, 0x0, 0x0, 0x6e, 0xfc, 0x20,

    /* U+04C6 "ӆ" */
    0x0, 0x7f, 0xff, 0xff, 0xfd, 0x0, 0x0, 0x8f,
    0x99, 0x99, 0xfd, 0x0, 0x0, 0x9f, 0x0, 0x0,
    0xdd, 0x0, 0x0, 0x9e, 0x0, 0x0, 0xdd, 0x0,
    0x0, 0xad, 0x0, 0x0, 0xdd, 0x0, 0x0, 0xcc,
    0x0, 0x0, 0xdd, 0x0, 0x0, 0xea, 0x0, 0x0,
    0xdd, 0x0, 0x3, 0xf7, 0x0, 0x0, 0xdd, 0x0,
    0x6d, 0xf2, 0x0, 0x0, 0xde, 0x72, 0xde, 0x60,
    0x0, 0x0, 0xdf, 0xf1, 0x0, 0x0, 0x0, 0x0,
    0xa, 0xc0, 0x0, 0x0, 0x0, 0x0, 0xe, 0x80,
    0x0, 0x0, 0x0, 0x0, 0x1, 0x0,

    /* U+04C7 "Ӈ" */
    0xf, 0xc0, 0x0, 0x0, 0x1, 0xfb, 0xf, 0xc0,
    0x0, 0x0, 0x1, 0xfb, 0xf, 0xc0, 0x0, 0x0,
    0x1, 0xfb, 0xf, 0xc0, 0x0, 0x0, 0x1, 0xfb,
    0xf, 0xc0, 0x0, 0x0, 0x1, 0xfb, 0xf, 0xc0,
    0x0, 0x0, 0x1, 0xfb, 0xf, 0xff, 0xff, 0xff,
    0xff, 0xfb, 0xf, 0xea, 0xaa, 0xaa, 0xaa, 0xfb,
    0xf, 0xc0, 0x0, 0x0, 0x1, 0xfb, 0xf, 0xc0,
    0x0, 0x0, 0x1, 0xfb, 0xf, 0xc0, 0x0, 0x0,
    0x1, 0xfb, 0xf, 0xc0, 0x0, 0x0, 0x1, 0xfb,
    0xf, 0xc0, 0x0, 0x0, 0x1, 0xfb, 0x0, 0x0,
    0x0, 0x0, 0x1, 0xfb, 0x0, 0x0, 0x0, 0x0,
    0x3, 0xfa, 0x0, 0x0, 0x0, 0x1c, 0x9e, 0xf4,
    0x0, 0x0, 0x0, 0x2c, 0xfe, 0x60,

    /* U+04C8 "ӈ" */
    0x5f, 0x60, 0x0, 0x0, 0xfa, 0x5f, 0x60, 0x0,
    0x0, 0xfa, 0x5f, 0x60, 0x0, 0x0, 0xfa, 0x5f,
    0x60, 0x0, 0x0, 0xfa, 0x5f, 0xb8, 0x88, 0x89,
    0xfa, 0x5f, 0xff, 0xff, 0xff, 0xfa, 0x5f, 0x60,
    0x0, 0x0, 0xfa, 0x5f, 0x60, 0x0, 0x0, 0xfa,
    0x5f, 0x60, 0x0, 0x0, 0xfa, 0x5f, 0x60, 0x0,
    0x0, 0xfa, 0x0, 0x0, 0x0, 0x0, 0xfa, 0x0,
    0x0, 0x0, 0x3, 0xf8, 0x0, 0x0, 0x1c, 0x8d,
    0xf3, 0x0, 0x0, 0x2c, 0xfd, 0x60,

    /* U+04C9 "Ӊ" */
    0xf, 0xc0, 0x0, 0x0, 0x0, 0xfc, 0x0, 0xf,
    0xc0, 0x0, 0x0, 0x0, 0xfc, 0x0, 0xf, 0xc0,
    0x0, 0x0, 0x0, 0xfc, 0x0, 0xf, 0xc0, 0x0,
    0x0, 0x0, 0xfc, 0x0, 0xf, 0xc0, 0x0, 0x0,
    0x0, 0xfc, 0x0, 0xf, 0xea, 0xaa, 0xaa, 0xaa,
    0xfc, 0x0, 0xf, 0xff, 0xff, 0xff, 0xff, 0xfc,
    0x0, 0xf, 0xc0, 0x0, 0x0, 0x0, 0xfc, 0x0,
    0xf, 0xc0, 0x0, 0x0, 0x0, 0xfc, 0x0, 0xf,
    0xc0, 0x0, 0x0, 0x0, 0xfc, 0x0, 0xf, 0xc0,
    0x0, 0x0, 0x0, 0xfc, 0x0, 0xf, 0xc0, 0x0,
    0x0, 0x0, 0xfe, 0x74, 0xf, 0xc0, 0x0, 0x0,
    0x0, 0xff, 0xf5, 0x0, 0x0, 0x0, 0x0, 0x0,
    0x7, 0xf1, 0x0, 0x0, 0x0, 0x0, 0x0, 0xb,
    0xc0, 0x0, 0x0, 0x0, 0x0, 0x0, 0xf, 0x80,

    /* U+04CA "ӊ" */
    0x5f, 0x60, 0x0, 0x2, 0xf9, 0x0, 0x5f, 0x60,
    0x0, 0x2, 0xf9, 0x0, 0x5f, 0x60, 0x0, 0x2,
    0xf9, 0x0, 0x5f, 0x60, 0x0, 0x2, 0xf9, 0x0,
    0x5f, 0xb8, 0x88, 0x89, 0xf9, 0x0, 0x5f, 0xff,
    0xff, 0xff, 0xf9, 0x0, 0x5f, 0x60, 0x0, 0x2,
    0xf9, 0x0, 0x5f, 0x60, 0x0, 0x2, 0xf9, 0x0,
    0x5f, 0x60, 0x0, 0x2, 0xfd, 0xa0, 0x5f, 0x60,
    0x0, 0x2, 0xff, 0xb0, 0x0, 0x0, 0x0, 0x0,
    0xf, 0x70, 0x0, 0x0, 0x0, 0x0, 0x3f, 0x20,

    /* U+04CB "Ӌ" */
    0x1f, 0xb0, 0x0, 0x0, 0x9, 0xf3, 0x1f, 0xb0,
    0x0, 0x0, 0x9, 0xf3, 0x1f, 0xb0, 0x0, 0x0,
    0x9, 0xf3, 0x1f, 0xb0, 0x0, 0x0, 0x9, 0xf3,
    0xf, 0xd0, 0x0, 0x0, 0x9, 0xf3, 0xc, 0xf7,
    0x0, 0x0, 0x1b, 0xf3, 0x3, 0xff, 0xeb, 0xbd,
    0xff, 0xf3, 0x0, 0x2a, 0xef, 0xec, 0x7a, 0xf3,
    0x0, 0x0, 0x0, 0x0, 0x9, 0xf3, 0x0, 0x0,
    0x0, 0x0, 0x9, 0xf3, 0x0, 0x0, 0x0, 0x0,
    0x9, 0xf3, 0x0, 0x0, 0x0, 0x7, 0xad, 0xf3,
    0x0, 0x0, 0x0, 0xc, 0xff, 0xf3, 0x0, 0x0,
    0x0, 0xc, 0xe0, 0x0, 0x0, 0x0, 0x0, 0xc,
    0xe0, 0x0, 0x0, 0x0, 0x0, 0xc, 0xe0, 0x0,

    /* U+04CC "ӌ" */
    0x4f, 0x70, 0x0, 0x8, 0xf3, 0x4f, 0x70, 0x0,
    0x8, 0xf3, 0x4f, 0x70, 0x0, 0x8, 0xf3, 0x3f,
    0x90, 0x0, 0x8, 0xf3, 0xe, 0xf6, 0x23, 0x7d,
    0xf3, 0x4, 0xef, 0xff, 0xed, 0xf3, 0x0, 0x3,
    0x43, 0x8, 0xf3, 0x0, 0x0, 0x0, 0x8, 0xf3,
    0x0, 0x0, 0x1, 0x9c, 0xf3, 0x0, 0x0, 0x2,
    0xff, 0xf3, 0x0, 0x0, 0x2, 0xf7, 0x0, 0x0,
    0x0, 0x2, 0xf7, 0x0,

    /* U+04CD "Ӎ" */
    0xf, 0xb0, 0x0, 0x0, 0x0, 0x0, 0x6f, 0x50,
    0x0, 0xff, 0x40, 0x0, 0x0, 0x0, 0xe, 0xf5,
    0x0, 0xf, 0xfd, 0x0, 0x0, 0x0, 0x8, 0xff,
    0x50, 0x0, 0xff, 0xf6, 0x0, 0x0, 0x1, 0xff,
    0xf5, 0x0, 0xf, 0xbc, 0xe1, 0x0, 0x0, 0xaf,
    0x7f, 0x50, 0x0, 0xfb, 0x3f, 0x80, 0x0, 0x3f,
    0x85, 0xf5, 0x0, 0xf, 0xb0, 0xaf, 0x20, 0xc,
    0xe0, 0x5f, 0x50, 0x0, 0xfb, 0x1, 0xfb, 0x5,
    0xf6, 0x5, 0xf5, 0x0, 0xf, 0xb0, 0x8, 0xf4,
    0xdc, 0x0, 0x5f, 0x50, 0x0, 0xfb, 0x0, 0xe,
    0xff, 0x30, 0x5, 0xf5, 0x0, 0xf, 0xb0, 0x0,
    0x5f, 0xa0, 0x0, 0x5f, 0x50, 0x0, 0xfb, 0x0,
    0x0, 0x72, 0x0, 0x5, 0xfa, 0x72, 0xf, 0xb0,
    0x0, 0x0, 0x0, 0x0, 0x5f, 0xff, 0x10, 0x0,
    0x0, 0x0, 0x0, 0x0, 0x0, 0xc, 0xc0, 0x0,
    0x0, 0x0, 0x0, 0x0, 0x0, 0x0, 0xf8, 0x0,
    0x0, 0x0, 0x0, 0x0, 0x0, 0x0, 0x3f, 0x30,

    /* U+04CE "ӎ" */
    0x5f, 0xb0, 0x0, 0x0, 0x3, 0xfa, 0x0, 0x5f,
    0xf4, 0x0, 0x0, 0xc, 0xfa, 0x0, 0x5f, 0xfd,
    0x0, 0x0, 0x6f, 0xfa, 0x0, 0x5f, 0x8f, 0x60,
    0x0, 0xea, 0xea, 0x0, 0x5f, 0x4a, 0xe0, 0x8,
    0xf1, 0xea, 0x0, 0x5f, 0x42, 0xf8, 0x2f, 0x70,
    0xea, 0x0, 0x5f, 0x40, 0x8f, 0xcd, 0x0, 0xea,
    0x0, 0x5f, 0x40, 0xe, 0xf4, 0x0, 0xea, 0x0,
    0x5f, 0x40, 0x5, 0x90, 0x0, 0xee, 0xb2, 0x5f,
    0x40, 0x0, 0x0, 0x0, 0xef, 0xf0, 0x0, 0x0,
    0x0, 0x0, 0x0, 0xb, 0xb0, 0x0, 0x0, 0x0,
    0x0, 0x0, 0xf, 0x70,

    /* U+04CF "ӏ" */
    0x4e, 0x55, 0xf6, 0x5f, 0x65, 0xf6, 0x5f, 0x65,
    0xf6, 0x5f, 0x65, 0xf6, 0x5f, 0x65, 0xf6, 0x5f,
    0x65, 0xf6, 0x5f, 0x65, 0xf6,

    /* U+04D0 "Ӑ" */
    0x0, 0x1, 0x80, 0x0, 0x36, 0x0, 0x0, 0x0,
    0x1, 0xf7, 0x1, 0xca, 0x0, 0x0, 0x0, 0x0,
    0x5e, 0xff, 0xb1, 0x0, 0x0, 0x0, 0x0, 0x0,
    0x10, 0x0, 0x0, 0x0, 0x0, 0x0, 0x4, 0xfe,
    0x0, 0x0, 0x0, 0x0, 0x0, 0xb, 0xff, 0x50,
    0x0, 0x0, 0x0, 0x0, 0x2f, 0x8e, 0xc0, 0x0,
    0x0, 0x0, 0x0, 0x9f, 0x17, 0xf3, 0x0, 0x0,
    0x0, 0x1, 0xfa, 0x1, 0xfa, 0x0, 0x0, 0x0,
    0x7, 0xf3, 0x0, 0x9f, 0x20, 0x0, 0x0, 0xe,
    0xc0, 0x0, 0x2f, 0x80, 0x0, 0x0, 0x5f, 0x50,
    0x0, 0xb, 0xf0, 0x0, 0x0, 0xcf, 0xff, 0xff,
    0xff, 0xf7, 0x0, 0x3, 0xfa, 0x88, 0x88, 0x88,
    0xdd, 0x0, 0xb, 0xf1, 0x0, 0x0, 0x0, 0x7f,
    0x50, 0x2f, 0xa0, 0x0, 0x0, 0x0, 0x1f, 0xc0,
    0x9f, 0x40, 0x0, 0x0, 0x0, 0xa, 0xf3,

    /* U+04D1 "ӑ" */
    0x0, 0x89, 0x0, 0x3f, 0x0, 0x0, 0x4e, 0x20,
    0xab, 0x0, 0x0, 0x8, 0xff, 0xc2, 0x0, 0x0,
    0x0, 0x0, 0x0, 0x0, 0x1, 0x8c, 0xff, 0xd6,
    0x0, 0xa, 0xfb, 0x99, 0xef, 0x70, 0x2, 0x20,
    0x0, 0xe, 0xe0, 0x0, 0x0, 0x0, 0x9, 0xf1,
    0x1, 0xae, 0xff, 0xff, 0xf2, 0xb, 0xf7, 0x43,
    0x3a, 0xf2, 0xf, 0xa0, 0x0, 0x9, 0xf2, 0xf,
    0xb0, 0x0, 0x1e, 0xf2, 0xa, 0xf8, 0x46, 0xdf,
    0xf2, 0x0, 0x8d, 0xfe, 0x87, 0xf2,

    /* U+04D2 "Ӓ" */
    0x0, 0x0, 0x9d, 0x3, 0xf3, 0x0, 0x0, 0x0,
    0x0, 0x8c, 0x3, 0xe3, 0x0, 0x0, 0x0, 0x0,
    0x0, 0x0, 0x0, 0x0, 0x0, 0x0, 0x0, 0x4,
    0xfe, 0x0, 0x0, 0x0, 0x0, 0x0, 0xb, 0xff,
    0x50, 0x0, 0x0, 0x0, 0x0, 0x2f, 0x8e, 0xc0,
    0x0, 0x0, 0x0, 0x0, 0x9f, 0x17, 0xf3, 0x0,
    0x0, 0x0, 0x1, 0xfa, 0x1, 0xfa, 0x0, 0x0,
    0x0, 0x7, 0xf3, 0x0, 0x9f, 0x20, 0x0, 0x0,
    0xe, 0xc0, 0x0, 0x2f, 0x80, 0x0, 0x0, 0x5f,
    0x50, 0x0, 0xb, 0xf0, 0x0, 0x0, 0xcf, 0xff,
    0xff, 0xff, 0xf7, 0x0, 0x3, 0xfa, 0x88, 0x88,
    0x88, 0xdd, 0x0, 0xb, 0xf1, 0x0, 0x0, 0x0,
    0x7f, 0x50, 0x2f, 0xa0, 0x0, 0x0, 0x0, 0x1f,
    0xc0, 0x9f, 0x40, 0x0, 0x0, 0x0, 0xa, 0xf3,

    /* U+04D3 "ӓ" */
    0x0, 0x3f, 0x40, 0xd9, 0x0, 0x0, 0x3d, 0x30,
    0xc8, 0x0, 0x0, 0x0, 0x0, 0x0, 0x0, 0x1,
    0x8c, 0xff, 0xd6, 0x0, 0xa, 0xfb, 0x99, 0xef,
    0x70, 0x2, 0x20, 0x0, 0xe, 0xe0, 0x0, 0x0,
    0x0, 0x9, 0xf1, 0x1, 0xae, 0xff, 0xff, 0xf2,
    0xb, 0xf7, 0x43, 0x3a, 0xf2, 0xf, 0xa0, 0x0,
    0x9, 0xf2, 0xf, 0xb0, 0x0, 0x1e, 0xf2, 0xa,
    0xf8, 0x46, 0xdf, 0xf2, 0x0, 0x8d, 0xfe, 0x87,
    0xf2,

    /* U+04D4 "Ӕ" */
    0x0, 0x0, 0x0, 0xa, 0xff, 0xff, 0xff, 0xff,
    0xfb, 0x0, 0x0, 0x0, 0x3f, 0xdf, 0xda, 0xaa,
    0xaa, 0xa7, 0x0, 0x0, 0x0, 0xce, 0x3f, 0xa0,
    0x0, 0x0, 0x0, 0x0, 0x0, 0x6, 0xf5, 0x2f,
    0xa0, 0x0, 0x0, 0x0, 0x0, 0x0, 0xe, 0xc0,
    0x2f, 0xa0, 0x0, 0x0, 0x0, 0x0, 0x0, 0x8f,
    0x30, 0x2f, 0xd9, 0x99, 0x99, 0x80, 0x0, 0x2,
    0xf9, 0x0, 0x2f, 0xff, 0xff, 0xff, 0xf0, 0x0,
    0xb, 0xe1, 0x0, 0x2f, 0xa0, 0x0, 0x0, 0x0,
    0x0, 0x4f, 0xff, 0xff, 0xff, 0xa0, 0x0, 0x0,
    0x0, 0x0, 0xdd, 0x88, 0x88, 0x9f, 0xa0, 0x0,
    0x0, 0x0, 0x6, 0xf4, 0x0, 0x0, 0x2f, 0xa0,
    0x0, 0x0, 0x0, 0x1e, 0xc0, 0x0, 0x0, 0x2f,
    0xda, 0xaa, 0xaa, 0xa9, 0x9f, 0x30, 0x0, 0x0,
    0x2f, 0xff, 0xff, 0xff, 0xff,

    /* U+04D5 "ӕ" */
    0x1, 0x8c, 0xff, 0xc6, 0x2, 0xae, 0xfd, 0x70,
    0x0, 0xa, 0xfc, 0x9a, 0xef, 0x9f, 0xfa, 0x9c,
    0xfb, 0x0, 0x2, 0x10, 0x0, 0xd, 0xfd, 0x10,
    0x0, 0x7f, 0x70, 0x0, 0x0, 0x0, 0x9, 0xf6,
    0x0, 0x0, 0xd, 0xd0, 0x1, 0xae, 0xff, 0xff,
    0xff, 0xff, 0xff, 0xff, 0xf0, 0xb, 0xf7, 0x43,
    0x3a, 0xf7, 0x33, 0x33, 0x33, 0x30, 0x1f, 0xa0,
    0x0, 0xa, 0xf9, 0x0, 0x0, 0x0, 0x0, 0xf,
    0xc0, 0x0, 0x3f, 0xff, 0x50, 0x0, 0x28, 0x0,
    0xa, 0xfd, 0x9b, 0xfe, 0x4f, 0xfc, 0x9a, 0xff,
    0x20, 0x0, 0x8d, 0xfe, 0x91, 0x1, 0x9e, 0xfe,
    0xa2, 0x0,

    /* U+04D6 "Ӗ" */
    0x0, 0x55, 0x0, 0x6, 0x30, 0x0, 0x7, 0xe2,
    0x4, 0xf4, 0x0, 0x0, 0x9, 0xff, 0xf7, 0x0,
    0x0, 0x0, 0x0, 0x10, 0x0, 0x0, 0xf, 0xff,
    0xff, 0xff, 0xfd, 0x0, 0xfe, 0xaa, 0xaa, 0xaa,
    0x80, 0xf, 0xc0, 0x0, 0x0, 0x0, 0x0, 0xfc,
    0x0, 0x0, 0x0, 0x0, 0xf, 0xc0, 0x0, 0x0,
    0x0, 0x0, 0xfe, 0x99, 0x99, 0x99, 0x0, 0xf,
    0xff, 0xff, 0xff, 0xf1, 0x0, 0xfc, 0x0, 0x0,
    0x0, 0x0, 0xf, 0xc0, 0x0, 0x0, 0x0, 0x0,
    0xfc, 0x0, 0x0, 0x0, 0x0, 0xf, 0xc0, 0x0,
    0x0, 0x0, 0x0, 0xfe, 0xaa, 0xaa, 0xaa, 0xa1,
    0xf, 0xff, 0xff, 0xff, 0xff, 0x10,

    /* U+04D7 "ӗ" */
    0x0, 0x3f, 0x0, 0xe, 0x50, 0x0, 0x0, 0xe7,
    0x5, 0xf1, 0x0, 0x0, 0x4, 0xef, 0xe5, 0x0,
    0x0, 0x0, 0x0, 0x10, 0x0, 0x0, 0x0, 0x8,
    0xdf, 0xe9, 0x10, 0x0, 0xd, 0xfb, 0x8a, 0xfe,
    0x20, 0x9, 0xf4, 0x0, 0x2, 0xec, 0x0, 0xfa,
    0x0, 0x0, 0x8, 0xf2, 0x2f, 0xff, 0xff, 0xff,
    0xff, 0x42, 0xfb, 0x33, 0x33, 0x33, 0x31, 0xf,
    0xe0, 0x0, 0x0, 0x0, 0x0, 0x9f, 0xa0, 0x0,
    0x9, 0x10, 0x0, 0xcf, 0xea, 0x9e, 0xf6, 0x0,
    0x0, 0x7d, 0xff, 0xc5, 0x0,

    /* U+04D8 "Ә" */
    0x0, 0x1, 0x7c, 0xef, 0xd9, 0x30, 0x0, 0x0,
    0x5f, 0xfe, 0xbb, 0xdf, 0xf8, 0x0, 0x0, 0x8e,
    0x60, 0x0, 0x4, 0xdf, 0x80, 0x0, 0x1, 0x0,
    0x0, 0x0, 0x1e, 0xf2, 0x0, 0x0, 0x0, 0x0,
    0x0, 0x6, 0xf9, 0x1, 0x11, 0x11, 0x11, 0x11,
    0x12, 0xfc, 0x3f, 0xff, 0xff, 0xff, 0xff, 0xff,
    0xfd, 0x2f, 0xb4, 0x44, 0x44, 0x44, 0x44, 0xfb,
    0xf, 0xd0, 0x0, 0x0, 0x0, 0x4, 0xf8, 0x9,
    0xf6, 0x0, 0x0, 0x0, 0xd, 0xf2, 0x1, 0xef,
    0x70, 0x0, 0x2, 0xcf, 0x70, 0x0, 0x2d, 0xff,
    0xbb, 0xdf, 0xf8, 0x0, 0x0, 0x0, 0x6c, 0xef,
    0xd9, 0x20, 0x0,

    /* U+04D9 "ә" */
    0x2, 0xae, 0xfd, 0x91, 0x0, 0x2f, 0xeb, 0x9c,
    0xfe, 0x30, 0x5, 0x10, 0x0, 0x3e, 0xd0, 0x0,
    0x0, 0x0, 0x6, 0xf4, 0xff, 0xff, 0xff, 0xff,
    0xf7, 0xec, 0x33, 0x33, 0x37, 0xf7, 0xaf, 0x0,
    0x0, 0x8, 0xf4, 0x4f, 0xa0, 0x0, 0x3f, 0xd0,
    0x9, 0xfd, 0x9a, 0xff, 0x30, 0x0, 0x6c, 0xfe,
    0xa2, 0x0,

    /* U+04DA "Ӛ" */
    0x0, 0x0, 0xd, 0x60, 0x8c, 0x0, 0x0, 0x0,
    0x0, 0xe, 0x70, 0x9d, 0x0, 0x0, 0x0, 0x0,
    0x0, 0x0, 0x0, 0x0, 0x0, 0x0, 0x0, 0x0,
    0x0, 0x0, 0x0, 0x0, 0x0, 0x1, 0x7c, 0xef,
    0xd9, 0x30, 0x0, 0x0, 0x5f, 0xfe, 0xbb, 0xdf,
    0xf8, 0x0, 0x0, 0x8e, 0x60, 0x0, 0x4, 0xdf,
    0x80, 0x0, 0x1, 0x0, 0x0, 0x0, 0x1e, 0xf2,
    0x0, 0x0, 0x0, 0x0, 0x0, 0x6, 0xf9, 0x1,
    0x11, 0x11, 0x11, 0x11, 0x12, 0xfc, 0x3f, 0xff,
    0xff, 0xff, 0xff, 0xff, 0xfd, 0x2f, 0xb4, 0x44,
    0x44, 0x44, 0x44, 0xfb, 0xf, 0xd0, 0x0, 0x0,
    0x0, 0x4, 0xf8, 0x9, 0xf6, 0x0, 0x0, 0x0,
    0xd, 0xf2, 0x1, 0xef, 0x70, 0x0, 0x2, 0xcf,
    0x70, 0x0, 0x2d, 0xff, 0xbb, 0xdf, 0xf8, 0x0,
    0x0, 0x0, 0x6c, 0xef, 0xd9, 0x20, 0x0,

    /* U+04DB "ӛ" */
    0x0, 0xac, 0x5, 0xe2, 0x0, 0x0, 0x9b, 0x4,
    0xd2, 0x0, 0x0, 0x0, 0x0, 0x0, 0x0, 0x2,
    0xae, 0xfd, 0x91, 0x0, 0x2f, 0xeb, 0x9c, 0xfe,
    0x30, 0x5, 0x10, 0x0, 0x3e, 0xd0, 0x0, 0x0,
    0x0, 0x6, 0xf4, 0xff, 0xff, 0xff, 0xff, 0xf7,
    0xec, 0x33, 0x33, 0x37, 0xf7, 0xaf, 0x0, 0x0,
    0x8, 0xf4, 0x4f, 0xa0, 0x0, 0x3f, 0xd0, 0x9,
    0xfd, 0x9a, 0xff, 0x30, 0x0, 0x6c, 0xfe, 0xa2,
    0x0,

    /* U+04DC "Ӝ" */
    0x0, 0x0, 0x0, 0x2e, 0x50, 0xba, 0x0, 0x0,
    0x0, 0x0, 0x0, 0x0, 0x2, 0xd4, 0xb, 0xa0,
    0x0, 0x0, 0x0, 0x0, 0x0, 0x0, 0x0, 0x0,
    0x0, 0x0, 0x0, 0x0, 0x1, 0xed, 0x0, 0x0,
    0x9, 0xf2, 0x0, 0x0, 0x5f, 0x80, 0x6, 0xf8,
    0x0, 0x0, 0x9f, 0x20, 0x0, 0x1e, 0xd0, 0x0,
    0xb, 0xf2, 0x0, 0x9, 0xf2, 0x0, 0xa, 0xf4,
    0x0, 0x0, 0x2f, 0xc0, 0x0, 0x9f, 0x20, 0x4,
    0xf9, 0x0, 0x0, 0x0, 0x7f, 0x60, 0x9, 0xf2,
    0x0, 0xde, 0x10, 0x0, 0x0, 0x0, 0xce, 0xaa,
    0xdf, 0xba, 0xcf, 0x50, 0x0, 0x0, 0x0, 0xc,
    0xff, 0xff, 0xff, 0xff, 0xf4, 0x0, 0x0, 0x0,
    0x6, 0xfa, 0x0, 0x9f, 0x20, 0x2f, 0xd0, 0x0,
    0x0, 0x1, 0xef, 0x10, 0x9, 0xf2, 0x0, 0x9f,
    0x80, 0x0, 0x0, 0x9f, 0x80, 0x0, 0x9f, 0x20,
    0x1, 0xef, 0x20, 0x0, 0x3f, 0xe0, 0x0, 0x9,
    0xf2, 0x0, 0x6, 0xfb, 0x0, 0xc, 0xf5, 0x0,
    0x0, 0x9f, 0x20, 0x0, 0xc, 0xf4, 0x5, 0xfb,
    0x0, 0x0, 0x9, 0xf2, 0x0, 0x0, 0x3f, 0xd0,

    /* U+04DD "ӝ" */
    0x0, 0x0, 0xc, 0xa0, 0x6e, 0x10, 0x0, 0x0,
    0x0, 0x0, 0xa, 0x90, 0x6d, 0x10, 0x0, 0x0,
    0x0, 0x0, 0x0, 0x0, 0x0, 0x0, 0x0, 0x0,
    0x3f, 0x90, 0x0, 0x3f, 0x80, 0x0, 0x5f, 0x70,
    0x9, 0xf3, 0x0, 0x3f, 0x80, 0x0, 0xed, 0x0,
    0x1, 0xec, 0x0, 0x3f, 0x80, 0x7, 0xf4, 0x0,
    0x0, 0x6f, 0x50, 0x3f, 0x80, 0x1f, 0xb0, 0x0,
    0x0, 0xc, 0xe8, 0xaf, 0xc8, 0xcf, 0x20, 0x0,
    0x0, 0xc, 0xff, 0xff, 0xff, 0xff, 0x10, 0x0,
    0x0, 0x7f, 0x90, 0x3f, 0x80, 0x5f, 0xb0, 0x0,
    0x2, 0xfd, 0x0, 0x3f, 0x80, 0xa, 0xf6, 0x0,
    0xc, 0xf4, 0x0, 0x3f, 0x80, 0x1, 0xee, 0x10,
    0x6f, 0x90, 0x0, 0x3f, 0x80, 0x0, 0x5f, 0xb0,

    /* U+04DE "Ӟ" */
    0x0, 0x9, 0xb0, 0x4d, 0x20, 0x0, 0x0, 0xac,
    0x5, 0xf2, 0x0, 0x0, 0x0, 0x0, 0x0, 0x0,
    0x0, 0x0, 0x0, 0x0, 0x0, 0x0, 0x2, 0x8d,
    0xff, 0xd9, 0x20, 0x0, 0xdf, 0xdb, 0xad, 0xff,
    0x30, 0x4, 0x20, 0x0, 0x6, 0xfc, 0x0, 0x0,
    0x0, 0x0, 0xe, 0xf0, 0x0, 0x0, 0x0, 0x2,
    0xfb, 0x0, 0x0, 0x88, 0x8a, 0xed, 0x20, 0x0,
    0x1f, 0xff, 0xff, 0xa1, 0x0, 0x0, 0x0, 0x1,
    0x5e, 0xd0, 0x0, 0x0, 0x0, 0x0, 0x6f, 0x60,
    0x0, 0x0, 0x0, 0x6, 0xf7, 0xa, 0x20, 0x0,
    0x3, 0xef, 0x33, 0xef, 0xda, 0xac, 0xff, 0x80,
    0x1, 0x7c, 0xef, 0xea, 0x30, 0x0,

    /* U+04DF "ӟ" */
    0x0, 0xac, 0x5, 0xe2, 0x0, 0x9, 0xb0, 0x4d,
    0x20, 0x0, 0x0, 0x0, 0x0, 0x0, 0x5b, 0xdf,
    0xeb, 0x30, 0xe, 0xda, 0x8a, 0xff, 0x30, 0x10,
    0x0, 0x5, 0xf8, 0x0, 0x0, 0x2, 0xaf, 0x30,
    0x0, 0xef, 0xff, 0x60, 0x0, 0x3, 0x35, 0xbf,
    0x50, 0x0, 0x0, 0x0, 0xfc, 0x4, 0x0, 0x0,
    0x3f, 0xb5, 0xfd, 0x98, 0xaf, 0xf3, 0x5, 0xbe,
    0xfe, 0xa2, 0x0,

    /* U+04E0 "Ӡ" */
    0xf, 0xff, 0xff, 0xff, 0xfb, 0x0, 0x99, 0x99,
    0x99, 0xdf, 0x70, 0x0, 0x0, 0x0, 0x5f, 0x80,
    0x0, 0x0, 0x0, 0x5f, 0x80, 0x0, 0x0, 0x0,
    0x5f, 0x90, 0x0, 0x0, 0x0, 0xd, 0xff, 0xe8,
    0x0, 0x0, 0x0, 0x34, 0x7d, 0xfa, 0x0, 0x0,
    0x0, 0x0, 0xd, 0xf2, 0x0, 0x0, 0x0, 0x0,
    0x8f, 0x40, 0x0, 0x0, 0x0, 0xa, 0xf3, 0x1d,
    0x40, 0x0, 0x4, 0xfe, 0x3, 0xff, 0xeb, 0xac,
    0xff, 0x40, 0x1, 0x8c, 0xff, 0xea, 0x30, 0x0,

    /* U+04E1 "ӡ" */
    0xe, 0xff, 0xff, 0xff, 0xf5, 0x8, 0x99, 0x99,
    0x9f, 0xf3, 0x0, 0x0, 0x0, 0x6f, 0x70, 0x0,
    0x0, 0x2, 0xfb, 0x0, 0x0, 0x0, 0xd, 0xe1,
    0x0, 0x0, 0x0, 0xaf, 0x40, 0x0, 0x0, 0x0,
    0xff, 0xfc, 0x30, 0x0, 0x0, 0x55, 0x9f, 0xf3,
    0x0, 0x0, 0x0, 0x4, 0xfa, 0x0, 0x0, 0x0,
    0x0, 0xfd, 0x0, 0x0, 0x0, 0x0, 0xfc, 0xd,
    0x50, 0x0, 0x9, 0xf8, 0x2e, 0xfe, 0xbb, 0xef,
    0xd0, 0x1, 0x7c, 0xff, 0xd8, 0x0,

    /* U+04E2 "Ӣ" */
    0x0, 0x8, 0xff, 0xff, 0xf4, 0x0, 0x0, 0x1,
    0x22, 0x22, 0x20, 0x0, 0x0, 0x0, 0x0, 0x0,
    0x0, 0x0, 0xf, 0xc0, 0x0, 0x0, 0x3, 0xfd,
    0xf, 0xc0, 0x0, 0x0, 0xd, 0xfd, 0xf, 0xc0,
    0x0, 0x0, 0xaf, 0xfd, 0xf, 0xc0, 0x0, 0x6,
    0xfb, 0xed, 0xf, 0xc0, 0x0, 0x2f, 0xe1, 0xed,
    0xf, 0xc0, 0x0, 0xdf, 0x30, 0xed, 0xf, 0xc0,
    0xa, 0xf7, 0x0, 0xed, 0xf, 0xc0, 0x5f, 0xb0,
    0x0, 0xed, 0xf, 0xc2, 0xfe, 0x10, 0x0, 0xed,
    0xf, 0xcd, 0xf3, 0x0, 0x0, 0xed, 0xf, 0xff,
    0x70, 0x0, 0x0, 0xed, 0xf, 0xfb, 0x0, 0x0,
    0x0, 0xed, 0xf, 0xe1, 0x0, 0x0, 0x0, 0xed,

    /* U+04E3 "ӣ" */
    0x0, 0xcf, 0xff, 0xff, 0x10, 0x0, 0x12, 0x22,
    0x22, 0x0, 0x0, 0x0, 0x0, 0x0, 0x0, 0x5f,
    0x60, 0x0, 0x3, 0xfd, 0x5f, 0x60, 0x0, 0x1e,
    0xfd, 0x5f, 0x60, 0x0, 0xbf, 0xfd, 0x5f, 0x60,
    0x8, 0xf7, 0xed, 0x5f, 0x60, 0x5f, 0xa0, 0xed,
    0x5f, 0x63, 0xfd, 0x0, 0xed, 0x5f, 0x7e, 0xe2,
    0x0, 0xed, 0x5f, 0xff, 0x40, 0x0, 0xed, 0x5f,
    0xf7, 0x0, 0x0, 0xed, 0x5f, 0xa0, 0x0, 0x0,
    0xed,

    /* U+04E4 "Ӥ" */
    0x0, 0x1, 0xe6, 0xa, 0xc0, 0x0, 0x0, 0x1,
    0xd6, 0x9, 0xb0, 0x0, 0x0, 0x0, 0x0, 0x0,
    0x0, 0x0, 0xf, 0xc0, 0x0, 0x0, 0x3, 0xfd,
    0xf, 0xc0, 0x0, 0x0, 0xd, 0xfd, 0xf, 0xc0,
    0x0, 0x0, 0xaf, 0xfd, 0xf, 0xc0, 0x0, 0x6,
    0xfb, 0xed, 0xf, 0xc0, 0x0, 0x2f, 0xe1, 0xed,
    0xf, 0xc0, 0x0, 0xdf, 0x30, 0xed, 0xf, 0xc0,
    0xa, 0xf7, 0x0, 0xed, 0xf, 0xc0, 0x5f, 0xb0,
    0x0, 0xed, 0xf, 0xc2, 0xfe, 0x10, 0x0, 0xed,
    0xf, 0xcd, 0xf3, 0x0, 0x0, 0xed, 0xf, 0xff,
    0x70, 0x0, 0x0, 0xed, 0xf, 0xfb, 0x0, 0x0,
    0x0, 0xed, 0xf, 0xe1, 0x0, 0x0, 0x0, 0xed,

    /* U+04E5 "ӥ" */
    0x0, 0x4e, 0x30, 0xd8, 0x0, 0x0, 0x3d, 0x20,
    0xc7, 0x0, 0x0, 0x0, 0x0, 0x0, 0x0, 0x5f,
    0x60, 0x0, 0x3, 0xfd, 0x5f, 0x60, 0x0, 0x1e,
    0xfd, 0x5f, 0x60, 0x0, 0xbf, 0xfd, 0x5f, 0x60,
    0x8, 0xf7, 0xed, 0x5f, 0x60, 0x5f, 0xa0, 0xed,
    0x5f, 0x63, 0xfd, 0x0, 0xed, 0x5f, 0x7e, 0xe2,
    0x0, 0xed, 0x5f, 0xff, 0x40, 0x0, 0xed, 0x5f,
    0xf7, 0x0, 0x0, 0xed, 0x5f, 0xa0, 0x0, 0x0,
    0xed,

    /* U+04E6 "Ӧ" */
    0x0, 0x0, 0xb, 0x90, 0x6d, 0x10, 0x0, 0x0,
    0x0, 0x0, 0xca, 0x6, 0xe1, 0x0, 0x0, 0x0,
    0x0, 0x0, 0x0, 0x0, 0x0, 0x0, 0x0, 0x0,
    0x0, 0x0, 0x0, 0x0, 0x0, 0x0, 0x0, 0x0,
    0x4a, 0xdf, 0xeb, 0x50, 0x0, 0x0, 0x0, 0xaf,
    0xfc, 0xbc, 0xff, 0xc2, 0x0, 0x0, 0xaf, 0xb2,
    0x0, 0x1, 0x9f, 0xd0, 0x0, 0x5f, 0xc0, 0x0,
    0x0, 0x0, 0x8f, 0x90, 0xc, 0xf2, 0x0, 0x0,
    0x0, 0x0, 0xef, 0x0, 0xfd, 0x0, 0x0, 0x0,
    0x0, 0x9, 0xf3, 0xf, 0xb0, 0x0, 0x0, 0x0,
    0x0, 0x8f, 0x40, 0xfd, 0x0, 0x0, 0x0, 0x0,
    0x9, 0xf3, 0xc, 0xf2, 0x0, 0x0, 0x0, 0x0,
    0xef, 0x0, 0x5f, 0xc0, 0x0, 0x0, 0x0, 0x8f,
    0x90, 0x0, 0xaf, 0xc2, 0x0, 0x1, 0x9f, 0xd0,
    0x0, 0x0, 0xaf, 0xfd, 0xbc, 0xff, 0xc2, 0x0,
    0x0, 0x0, 0x4a, 0xdf, 0xeb, 0x50, 0x0, 0x0,

    /* U+04E7 "ӧ" */
    0x0, 0xa, 0xc0, 0x5e, 0x20, 0x0, 0x0, 0x9b,
    0x4, 0xd2, 0x0, 0x0, 0x0, 0x0, 0x0, 0x0,
    0x0, 0x0, 0x7d, 0xfe, 0xa3, 0x0, 0x0, 0xcf,
    0xd9, 0xaf, 0xf5, 0x0, 0x9f, 0x80, 0x0, 0x2e,
    0xf1, 0xf, 0xd0, 0x0, 0x0, 0x5f, 0x72, 0xf9,
    0x0, 0x0, 0x1, 0xfa, 0x2f, 0x90, 0x0, 0x0,
    0x1f, 0xa0, 0xfd, 0x0, 0x0, 0x5, 0xf7, 0x9,
    0xf8, 0x0, 0x2, 0xef, 0x10, 0xc, 0xfd, 0x9a,
    0xff, 0x50, 0x0, 0x7, 0xdf, 0xea, 0x30, 0x0,

    /* U+04E8 "Ө" */
    0x0, 0x0, 0x4a, 0xdf, 0xeb, 0x50, 0x0, 0x0,
    0x0, 0xaf, 0xfc, 0xbc, 0xff, 0xc2, 0x0, 0x0,
    0xaf, 0xb2, 0x0, 0x1, 0x9f, 0xd0, 0x0, 0x5f,
    0xc0, 0x0, 0x0, 0x0, 0x8f, 0x90, 0xc, 0xf2,
    0x0, 0x0, 0x0, 0x0, 0xef, 0x0, 0xff, 0x22,
    0x22, 0x22, 0x22, 0x2c, 0xf3, 0xf, 0xff, 0xff,
    0xff, 0xff, 0xff, 0xff, 0x40, 0xff, 0x55, 0x55,
    0x55, 0x55, 0x5f, 0xf3, 0xc, 0xf2, 0x0, 0x0,
    0x0, 0x0, 0xef, 0x0, 0x5f, 0xc0, 0x0, 0x0,
    0x0, 0x8f, 0x90, 0x0, 0xaf, 0xc2, 0x0, 0x1,
    0x9f, 0xd0, 0x0, 0x0, 0xaf, 0xfd, 0xbc, 0xff,
    0xc2, 0x0, 0x0, 0x0, 0x4a, 0xdf, 0xeb, 0x50,
    0x0, 0x0,

    /* U+04E9 "ө" */
    0x0, 0x7, 0xcf, 0xeb, 0x40, 0x0, 0xc, 0xfa,
    0x78, 0xcf, 0x80, 0x8, 0xf4, 0x0, 0x0, 0x8f,
    0x40, 0xfa, 0x0, 0x0, 0x1, 0xea, 0x2f, 0xff,
    0xff, 0xff, 0xff, 0xd2, 0xfa, 0x33, 0x33, 0x33,
    0xed, 0xf, 0xd0, 0x0, 0x0, 0x2f, 0xa0, 0x8f,
    0x80, 0x0, 0xc, 0xf3, 0x0, 0xcf, 0xc8, 0x8e,
    0xf7, 0x0, 0x0, 0x7c, 0xfe, 0xb4, 0x0,

    /* U+04EA "Ӫ" */
    0x0, 0x0, 0xb, 0x90, 0x6d, 0x10, 0x0, 0x0,
    0x0, 0x0, 0xca, 0x6, 0xe1, 0x0, 0x0, 0x0,
    0x0, 0x0, 0x0, 0x0, 0x0, 0x0, 0x0, 0x0,
    0x0, 0x0, 0x0, 0x0, 0x0, 0x0, 0x0, 0x0,
    0x4a, 0xdf, 0xeb, 0x50, 0x0, 0x0, 0x0, 0xaf,
    0xfc, 0xbc, 0xff, 0xc2, 0x0, 0x0, 0xaf, 0xb2,
    0x0, 0x1, 0x9f, 0xd0, 0x0, 0x5f, 0xc0, 0x0,
    0x0, 0x0, 0x8f, 0x90, 0xc, 0xf2, 0x0, 0x0,
    0x0, 0x0, 0xef, 0x0, 0xff, 0x22, 0x22, 0x22,
    0x22, 0x2c, 0xf3, 0xf, 0xff, 0xff, 0xff, 0xff,
    0xff, 0xff, 0x40, 0xff, 0x55, 0x55, 0x55, 0x55,
    0x5f, 0xf3, 0xc, 0xf2, 0x0, 0x0, 0x0, 0x0,
    0xef, 0x0, 0x5f, 0xc0, 0x0, 0x0, 0x0, 0x8f,
    0x90, 0x0, 0xaf, 0xc2, 0x0, 0x1, 0x9f, 0xd0,
    0x0, 0x0, 0xaf, 0xfd, 0xbc, 0xff, 0xc2, 0x0,
    0x0, 0x0, 0x4a, 0xdf, 0xeb, 0x50, 0x0, 0x0,

    /* U+04EB "ӫ" */
    0x0, 0x8, 0xd0, 0x3f, 0x40, 0x0, 0x0, 0x7c,
    0x3, 0xd3, 0x0, 0x0, 0x0, 0x0, 0x0, 0x0,
    0x0, 0x0, 0x7c, 0xfe, 0xb4, 0x0, 0x0, 0xcf,
    0xa7, 0x8c, 0xf8, 0x0, 0x8f, 0x40, 0x0, 0x8,
    0xf4, 0xf, 0xa0, 0x0, 0x0, 0x1e, 0xa2, 0xff,
    0xff, 0xff, 0xff, 0xfd, 0x2f, 0xa3, 0x33, 0x33,
    0x3e, 0xd0, 0xfd, 0x0, 0x0, 0x2, 0xfa, 0x8,
    0xf8, 0x0, 0x0, 0xcf, 0x30, 0xc, 0xfc, 0x88,
    0xef, 0x70, 0x0, 0x7, 0xcf, 0xeb, 0x40, 0x0,

    /* U+04EC "Ӭ" */
    0x0, 0x9, 0xb0, 0x4d, 0x20, 0x0, 0x0, 0xa,
    0xc0, 0x4f, 0x30, 0x0, 0x0, 0x0, 0x0, 0x0,
    0x0, 0x0, 0x0, 0x0, 0x0, 0x0, 0x0, 0x0,
    0x0, 0x6b, 0xef, 0xda, 0x30, 0x0, 0x1c, 0xff,
    0xcb, 0xdf, 0xf8, 0x0, 0x1d, 0x70, 0x0, 0x3,
    0xdf, 0x70, 0x0, 0x0, 0x0, 0x0, 0x1e, 0xf1,
    0x0, 0x0, 0x0, 0x0, 0x6, 0xf7, 0x0, 0x1,
    0x88, 0x88, 0x89, 0xfa, 0x0, 0x3, 0xff, 0xff,
    0xff, 0xfb, 0x0, 0x0, 0x0, 0x0, 0x3, 0xfa,
    0x0, 0x0, 0x0, 0x0, 0x7, 0xf7, 0x0, 0x0,
    0x0, 0x0, 0x2e, 0xf1, 0x2e, 0x80, 0x0, 0x4,
    0xef, 0x60, 0x1c, 0xff, 0xcb, 0xdf, 0xf8, 0x0,
    0x0, 0x6b, 0xef, 0xda, 0x30, 0x0,

    /* U+04ED "ӭ" */
    0x0, 0xac, 0x5, 0xe2, 0x0, 0x0, 0x9b, 0x4,
    0xd2, 0x0, 0x0, 0x0, 0x0, 0x0, 0x0, 0x3,
    0xae, 0xfd, 0x91, 0x0, 0x4f, 0xd8, 0x8a, 0xfe,
    0x30, 0x4, 0x0, 0x0, 0x1d, 0xd0, 0x0, 0x0,
    0x11, 0x15, 0xf5, 0x0, 0xd, 0xff, 0xff, 0xf8,
    0x0, 0x3, 0x44, 0x46, 0xf8, 0x0, 0x0, 0x0,
    0x7, 0xf5, 0x7, 0x0, 0x0, 0x3f, 0xe0, 0x4f,
    0xe9, 0x8b, 0xfe, 0x30, 0x3, 0xbe, 0xfd, 0x91,
    0x0,

    /* U+04EE "Ӯ" */
    0x0, 0xc, 0xff, 0xff, 0xf0, 0x0, 0x0, 0x0,
    0x22, 0x22, 0x22, 0x0, 0x0, 0x0, 0x0, 0x0,
    0x0, 0x0, 0x0, 0x7, 0xf7, 0x0, 0x0, 0x0,
    0xc, 0xf1, 0xe, 0xe0, 0x0, 0x0, 0x4, 0xf7,
    0x0, 0x6f, 0x70, 0x0, 0x0, 0xce, 0x0, 0x0,
    0xde, 0x0, 0x0, 0x5f, 0x60, 0x0, 0x5, 0xf7,
    0x0, 0xd, 0xd0, 0x0, 0x0, 0xc, 0xf1, 0x6,
    0xf5, 0x0, 0x0, 0x0, 0x4f, 0x80, 0xdc, 0x0,
    0x0, 0x0, 0x0, 0xcf, 0x7f, 0x40, 0x0, 0x0,
    0x0, 0x3, 0xff, 0xb0, 0x0, 0x0, 0x0, 0x0,
    0xc, 0xf3, 0x0, 0x0, 0x0, 0x0, 0x4, 0xfa,
    0x0, 0x0, 0x0, 0x3, 0xcb, 0xfe, 0x10, 0x0,
    0x0, 0x0, 0x5e, 0xfa, 0x10, 0x0, 0x0, 0x0,

    /* U+04EF "ӯ" */
    0x0, 0xf, 0xff, 0xff, 0xd0, 0x0, 0x0, 0x2,
    0x22, 0x22, 0x10, 0x0, 0x0, 0x0, 0x0, 0x0,
    0x0, 0x0, 0xb, 0xf1, 0x0, 0x0, 0xb, 0xf0,
    0x4, 0xf7, 0x0, 0x0, 0x1f, 0x90, 0x0, 0xee,
    0x0, 0x0, 0x8f, 0x20, 0x0, 0x7f, 0x40, 0x0,
    0xeb, 0x0, 0x0, 0x1f, 0xb0, 0x5, 0xf5, 0x0,
    0x0, 0xa, 0xf2, 0xb, 0xe0, 0x0, 0x0, 0x3,
    0xf8, 0x2f, 0x70, 0x0, 0x0, 0x0, 0xde, 0x8f,
    0x10, 0x0, 0x0, 0x0, 0x6f, 0xfa, 0x0, 0x0,
    0x0, 0x0, 0xf, 0xf4, 0x0, 0x0, 0x0, 0x0,
    0xd, 0xd0, 0x0, 0x0, 0x1, 0x0, 0x5f, 0x60,
    0x0, 0x0, 0xe, 0xa9, 0xfd, 0x0, 0x0, 0x0,
    0x9, 0xef, 0xb1, 0x0, 0x0, 0x0,

    /* U+04F0 "Ӱ" */
    0x0, 0x4, 0xd2, 0xc, 0x70, 0x0, 0x0, 0x0,
    0x4f, 0x30, 0xe8, 0x0, 0x0, 0x0, 0x0, 0x0,
    0x0, 0x0, 0x0, 0x0, 0x0, 0x0, 0x0, 0x0,
    0x0, 0x0, 0x7f, 0x70, 0x0, 0x0, 0x0, 0xcf,
    0x10, 0xee, 0x0, 0x0, 0x0, 0x4f, 0x70, 0x6,
    0xf7, 0x0, 0x0, 0xc, 0xe0, 0x0, 0xd, 0xe0,
    0x0, 0x5, 0xf6, 0x0, 0x0, 0x5f, 0x70, 0x0,
    0xdd, 0x0, 0x0, 0x0, 0xcf, 0x10, 0x6f, 0x50,
    0x0, 0x0, 0x4, 0xf8, 0xd, 0xc0, 0x0, 0x0,
    0x0, 0xc, 0xf7, 0xf4, 0x0, 0x0, 0x0, 0x0,
    0x3f, 0xfb, 0x0, 0x0, 0x0, 0x0, 0x0, 0xcf,
    0x30, 0x0, 0x0, 0x0, 0x0, 0x4f, 0xa0, 0x0,
    0x0, 0x0, 0x3c, 0xbf, 0xe1, 0x0, 0x0, 0x0,
    0x5, 0xef, 0xa1, 0x0, 0x0, 0x0, 0x0,

    /* U+04F1 "ӱ" */
    0x0, 0x8, 0xe0, 0x2e, 0x40, 0x0, 0x0, 0x7,
    0xc0, 0x2d, 0x40, 0x0, 0x0, 0x0, 0x0, 0x0,
    0x0, 0x0, 0xb, 0xf1, 0x0, 0x0, 0xb, 0xf0,
    0x4, 0xf7, 0x0, 0x0, 0x1f, 0x90, 0x0, 0xee,
    0x0, 0x0, 0x8f, 0x20, 0x0, 0x7f, 0x40, 0x0,
    0xeb, 0x0, 0x0, 0x1f, 0xb0, 0x5, 0xf5, 0x0,
    0x0, 0xa, 0xf2, 0xb, 0xe0, 0x0, 0x0, 0x3,
    0xf8, 0x2f, 0x70, 0x0, 0x0, 0x0, 0xde, 0x8f,
    0x10, 0x0, 0x0, 0x0, 0x6f, 0xfa, 0x0, 0x0,
    0x0, 0x0, 0xf, 0xf4, 0x0, 0x0, 0x0, 0x0,
    0xd, 0xd0, 0x0, 0x0, 0x1, 0x0, 0x5f, 0x60,
    0x0, 0x0, 0xe, 0xa9, 0xfd, 0x0, 0x0, 0x0,
    0x9, 0xef, 0xb1, 0x0, 0x0, 0x0,

    /* U+04F2 "Ӳ" */
    0x0, 0x0, 0xd, 0xd0, 0xce, 0x10, 0x0, 0x0,
    0x9, 0xe1, 0x6f, 0x30, 0x0, 0x0, 0x0, 0x63,
    0x6, 0x40, 0x0, 0x0, 0x0, 0x0, 0x0, 0x0,
    0x0, 0x0, 0x7f, 0x70, 0x0, 0x0, 0x0, 0xcf,
    0x10, 0xee, 0x0, 0x0, 0x0, 0x4f, 0x70, 0x6,
    0xf7, 0x0, 0x0, 0xc, 0xe0, 0x0, 0xd, 0xe0,
    0x0, 0x5, 0xf6, 0x0, 0x0, 0x5f, 0x70, 0x0,
    0xdd, 0x0, 0x0, 0x0, 0xcf, 0x10, 0x6f, 0x50,
    0x0, 0x0, 0x4, 0xf8, 0xd, 0xc0, 0x0, 0x0,
    0x0, 0xc, 0xf7, 0xf4, 0x0, 0x0, 0x0, 0x0,
    0x3f, 0xfb, 0x0, 0x0, 0x0, 0x0, 0x0, 0xcf,
    0x30, 0x0, 0x0, 0x0, 0x0, 0x4f, 0xa0, 0x0,
    0x0, 0x0, 0x3c, 0xbf, 0xe1, 0x0, 0x0, 0x0,
    0x5, 0xef, 0xa1, 0x0, 0x0, 0x0, 0x0,

    /* U+04F3 "ӳ" */
    0x0, 0x0, 0x6, 0x60, 0x56, 0x0, 0x0, 0x0,
    0x6f, 0x44, 0xf6, 0x0, 0x0, 0x1, 0xf7, 0xe,
    0x90, 0x0, 0x0, 0x0, 0x0, 0x0, 0x0, 0x0,
    0xb, 0xf1, 0x0, 0x0, 0xb, 0xf0, 0x4, 0xf7,
    0x0, 0x0, 0x1f, 0x90, 0x0, 0xee, 0x0, 0x0,
    0x8f, 0x20, 0x0, 0x7f, 0x40, 0x0, 0xeb, 0x0,
    0x0, 0x1f, 0xb0, 0x5, 0xf5, 0x0, 0x0, 0xa,
    0xf2, 0xb, 0xe0, 0x0, 0x0, 0x3, 0xf8, 0x2f,
    0x70, 0x0, 0x0, 0x0, 0xde, 0x8f, 0x10, 0x0,
    0x0, 0x0, 0x6f, 0xfa, 0x0, 0x0, 0x0, 0x0,
    0xf, 0xf4, 0x0, 0x0, 0x0, 0x0, 0xd, 0xd0,
    0x0, 0x0, 0x1, 0x0, 0x5f, 0x60, 0x0, 0x0,
    0xe, 0xa9, 0xfd, 0x0, 0x0, 0x0, 0x9, 0xef,
    0xb1, 0x0, 0x0, 0x0,

    /* U+04F4 "Ӵ" */
    0x0, 0x4, 0xe3, 0xd, 0x80, 0x0, 0x0, 0x4,
    0xe3, 0xc, 0x70, 0x0, 0x0, 0x0, 0x0, 0x0,
    0x0, 0x0, 0xf, 0xb0, 0x0, 0x0, 0x8, 0xf4,
    0xf, 0xb0, 0x0, 0x0, 0x8, 0xf4, 0xf, 0xb0,
    0x0, 0x0, 0x8, 0xf4, 0xf, 0xb0, 0x0, 0x0,
    0x8, 0xf4, 0xf, 0xd0, 0x0, 0x0, 0x8, 0xf4,
    0xd, 0xf2, 0x0, 0x0, 0x8, 0xf4, 0x8, 0xfd,
    0x41, 0x2, 0x7d, 0xf4, 0x0, 0xaf, 0xff, 0xff,
    0xff, 0xf4, 0x0, 0x3, 0x89, 0x96, 0x28, 0xf4,
    0x0, 0x0, 0x0, 0x0, 0x8, 0xf4, 0x0, 0x0,
    0x0, 0x0, 0x8, 0xf4, 0x0, 0x0, 0x0, 0x0,
    0x8, 0xf4, 0x0, 0x0, 0x0, 0x0, 0x8, 0xf4,

    /* U+04F5 "ӵ" */
    0x0, 0x6e, 0x12, 0xe5, 0x0, 0x0, 0x6d, 0x11,
    0xd5, 0x0, 0x0, 0x0, 0x0, 0x0, 0x0, 0x4f,
    0x70, 0x0, 0x7, 0xf4, 0x4f, 0x70, 0x0, 0x7,
    0xf4, 0x4f, 0x70, 0x0, 0x7, 0xf4, 0x2f, 0x90,
    0x0, 0x7, 0xf4, 0xe, 0xf6, 0x23, 0x6c, 0xf4,
    0x4, 0xef, 0xff, 0xed, 0xf4, 0x0, 0x3, 0x43,
    0x7, 0xf4, 0x0, 0x0, 0x0, 0x7, 0xf4, 0x0,
    0x0, 0x0, 0x7, 0xf4, 0x0, 0x0, 0x0, 0x7,
    0xf4,

    /* U+04F6 "Ӷ" */
    0xf, 0xff, 0xff, 0xff, 0xf3, 0xf, 0xea, 0xaa,
    0xaa, 0xa2, 0xf, 0xb0, 0x0, 0x0, 0x0, 0xf,
    0xb0, 0x0, 0x0, 0x0, 0xf, 0xb0, 0x0, 0x0,
    0x0, 0xf, 0xb0, 0x0, 0x0, 0x0, 0xf, 0xb0,
    0x0, 0x0, 0x0, 0xf, 0xb0, 0x0, 0x0, 0x0,
    0xf, 0xb0, 0x0, 0x0, 0x0, 0xf, 0xb0, 0x0,
    0x0, 0x0, 0xf, 0xb0, 0x0, 0x0, 0x0, 0xf,
    0xfa, 0x60, 0x0, 0x0, 0x1f, 0xff, 0xa0, 0x0,
    0x0, 0x0, 0xf, 0xa0, 0x0, 0x0, 0x0, 0xf,
    0xa0, 0x0, 0x0, 0x0, 0xf, 0xa0, 0x0, 0x0,

    /* U+04F7 "ӷ" */
    0x5f, 0xff, 0xff, 0xfb, 0x5f, 0xb9, 0x99, 0x96,
    0x5f, 0x60, 0x0, 0x0, 0x5f, 0x60, 0x0, 0x0,
    0x5f, 0x60, 0x0, 0x0, 0x5f, 0x60, 0x0, 0x0,
    0x5f, 0x60, 0x0, 0x0, 0x5f, 0x60, 0x0, 0x0,
    0x8f, 0xf8, 0x0, 0x0, 0xaf, 0xfe, 0x0, 0x0,
    0x0, 0xbe, 0x0, 0x0, 0x0, 0xbe, 0x0, 0x0,

    /* U+04F8 "Ӹ" */
    0x0, 0x0, 0x6, 0xe1, 0x2e, 0x50, 0x0, 0x0,
    0x0, 0x0, 0x6d, 0x12, 0xd5, 0x0, 0x0, 0x0,
    0x0, 0x0, 0x0, 0x0, 0x0, 0x0, 0x0, 0xfc,
    0x0, 0x0, 0x0, 0x0, 0x0, 0xee, 0xf, 0xc0,
    0x0, 0x0, 0x0, 0x0, 0xe, 0xe0, 0xfc, 0x0,
    0x0, 0x0, 0x0, 0x0, 0xee, 0xf, 0xc0, 0x0,
    0x0, 0x0, 0x0, 0xe, 0xe0, 0xfc, 0x22, 0x22,
    0x10, 0x0, 0x0, 0xee, 0xf, 0xff, 0xff, 0xff,
    0xd6, 0x0, 0xe, 0xe0, 0xfd, 0x55, 0x55, 0x8e,
    0xf7, 0x0, 0xee, 0xf, 0xc0, 0x0, 0x0, 0x2f,
    0xe0, 0xe, 0xe0, 0xfc, 0x0, 0x0, 0x0, 0xbf,
    0x10, 0xee, 0xf, 0xc0, 0x0, 0x0, 0xc, 0xf0,
    0xe, 0xe0, 0xfc, 0x0, 0x0, 0x4, 0xfd, 0x0,
    0xee, 0xf, 0xd7, 0x77, 0x8b, 0xff, 0x40, 0xe,
    0xe0, 0xff, 0xff, 0xff, 0xea, 0x20, 0x0, 0xee,

    /* U+04F9 "ӹ" */
    0x0, 0x0, 0xd8, 0x8, 0xd0, 0x0, 0x0, 0x0,
    0xc7, 0x7, 0xc0, 0x0, 0x0, 0x0, 0x0, 0x0,
    0x0, 0x0, 0x5f, 0x60, 0x0, 0x0, 0x0, 0xed,
    0x5f, 0x60, 0x0, 0x0, 0x0, 0xed, 0x5f, 0x60,
    0x0, 0x0, 0x0, 0xed, 0x5f, 0x71, 0x0, 0x0,
    0x0, 0xed, 0x5f, 0xff, 0xff, 0xd5, 0x0, 0xed,
    0x5f, 0x84, 0x45, 0xcf, 0x40, 0xed, 0x5f, 0x60,
    0x0, 0x2f, 0x90, 0xed, 0x5f, 0x60, 0x0, 0x3f,
    0x90, 0xed, 0x5f, 0x95, 0x57, 0xef, 0x30, 0xed,
    0x5f, 0xff, 0xfe, 0xb4, 0x0, 0xed,

    /* U+04FA "Ӻ" */
    0x0, 0x8f, 0xff, 0xff, 0xff, 0xb0, 0x8, 0xfb,
    0xaa, 0xaa, 0xa7, 0x0, 0x8f, 0x30, 0x0, 0x0,
    0x0, 0x8, 0xf3, 0x0, 0x0, 0x0, 0x0, 0x8f,
    0x30, 0x0, 0x0, 0x0, 0x8, 0xf3, 0x0, 0x0,
    0x0, 0x1, 0x9f, 0x41, 0x11, 0x10, 0x7, 0xff,
    0xff, 0xff, 0xff, 0x70, 0x24, 0xaf, 0x74, 0x44,
    0x42, 0x0, 0x8, 0xf3, 0x0, 0x0, 0x0, 0x0,
    0x8f, 0x30, 0x0, 0x0, 0x0, 0x8, 0xfb, 0xa0,
    0x0, 0x0, 0x0, 0x8f, 0xff, 0x0, 0x0, 0x0,
    0x0, 0xb, 0xf0, 0x0, 0x0, 0x0, 0x0, 0xee,
    0x0, 0x0, 0x0, 0xb9, 0xcf, 0x90, 0x0, 0x0,
    0xa, 0xee, 0x90, 0x0, 0x0, 0x0,

    /* U+04FB "ӻ" */
    0x0, 0xef, 0xff, 0xff, 0x60, 0xe, 0xe9, 0x99,
    0x93, 0x0, 0xed, 0x0, 0x0, 0x0, 0xe, 0xd0,
    0x0, 0x0, 0x0, 0xed, 0x0, 0x0, 0x6, 0xff,
    0xff, 0xff, 0xa0, 0x13, 0xed, 0x33, 0x32, 0x0,
    0xe, 0xd0, 0x0, 0x0, 0x0, 0xee, 0x72, 0x0,
    0x0, 0xe, 0xff, 0x50, 0x0, 0x0, 0x6, 0xf4,
    0x0, 0x0, 0x0, 0x9f, 0x30, 0x0, 0x69, 0x9f,
    0xd0, 0x0, 0x6, 0xef, 0xc2, 0x0, 0x0,

    /* U+04FC "Ӽ" */
    0x2f, 0xe0, 0x0, 0x0, 0xc, 0xf3, 0x6, 0xfa,
    0x0, 0x0, 0x8f, 0x70, 0x0, 0xbf, 0x50, 0x3,
    0xfc, 0x0, 0x0, 0x1e, 0xe1, 0xd, 0xf2, 0x0,
    0x0, 0x5, 0xfb, 0x9f, 0x60, 0x0, 0x0, 0x0,
    0x9f, 0xfb, 0x0, 0x0, 0x0, 0x0, 0x3f, 0xf5,
    0x0, 0x0, 0x0, 0x0, 0xdf, 0xfe, 0x10, 0x0,
    0x0, 0x9, 0xf6, 0x5f, 0xc0, 0x0, 0x0, 0x4f,
    0xb0, 0x9, 0xf8, 0x0, 0x1, 0xef, 0x10, 0x0,
    0xdf, 0x30, 0xa, 0xf5, 0x0, 0x0, 0x4f, 0xc0,
    0x6f, 0xa0, 0x0, 0x0, 0xb, 0xf4, 0x0, 0x0,
    0x0, 0x0, 0x7, 0xf8, 0x0, 0x0, 0x0, 0x0,
    0x8, 0xf7, 0x0, 0x0, 0x0, 0x3a, 0x9f, 0xf2,
    0x0, 0x0, 0x0, 0x4d, 0xfd, 0x40,

    /* U+04FD "ӽ" */
    0x4f, 0xa0, 0x0, 0xd, 0xe1, 0x8, 0xf6, 0x0,
    0x9f, 0x50, 0x0, 0xcf, 0x25, 0xf9, 0x0, 0x0,
    0x2f, 0xde, 0xd0, 0x0, 0x0, 0x5, 0xff, 0x20,
    0x0, 0x0, 0x8, 0xff, 0x70, 0x0, 0x0, 0x4f,
    0xbc, 0xf3, 0x0, 0x1, 0xee, 0x11, 0xee, 0x10,
    0xb, 0xf4, 0x0, 0x4f, 0x90, 0x6f, 0x80, 0x0,
    0xb, 0xf2, 0x0, 0x0, 0x0, 0x4, 0xf7, 0x0,
    0x0, 0x0, 0x4, 0xf7, 0x0, 0x0, 0x2b, 0x8e,
    0xf3, 0x0, 0x0, 0x3c, 0xfd, 0x50,

    /* U+04FE "Ӿ" */
    0xd, 0xf3, 0x0, 0x0, 0xd, 0xf3, 0x3, 0xfd,
    0x0, 0x0, 0x8f, 0x80, 0x0, 0x9f, 0x80, 0x3,
    0xfd, 0x0, 0x0, 0xe, 0xf3, 0xd, 0xf3, 0x0,
    0x0, 0x4, 0xfd, 0x9f, 0x90, 0x0, 0x0, 0x11,
    0xbf, 0xfe, 0x21, 0x0, 0x5, 0xff, 0xff, 0xff,
    0xff, 0x80, 0x1, 0x44, 0xcf, 0xff, 0x64, 0x20,
    0x0, 0x5, 0xfc, 0x8f, 0xb0, 0x0, 0x0, 0x1e,
    0xf2, 0xc, 0xf6, 0x0, 0x0, 0xbf, 0x50, 0x1,
    0xff, 0x20, 0x7, 0xfa, 0x0, 0x0, 0x5f, 0xc0,
    0x3f, 0xd0, 0x0, 0x0, 0x9, 0xf8,

    /* U+04FF "ӿ" */
    0x1e, 0xe1, 0x0, 0x9, 0xf3, 0x4, 0xfb, 0x0,
    0x6f, 0x60, 0x0, 0x7f, 0x83, 0xfa, 0x0, 0x0,
    0xb, 0xfe, 0xd1, 0x0, 0x7, 0xff, 0xff, 0xff,
    0xb0, 0x1, 0x3b, 0xff, 0xe3, 0x20, 0x0, 0x4f,
    0xa7, 0xf8, 0x0, 0x0, 0xee, 0x10, 0xcf, 0x30,
    0x9, 0xf5, 0x0, 0x2f, 0xd0, 0x4f, 0xa0, 0x0,
    0x8, 0xf7,

    /* U+2022 "•" */
    0x5, 0x30, 0x9f, 0xf3, 0xcf, 0xf6, 0x4e, 0xc1,

    /* U+F001 "" */
    0x0, 0x0, 0x0, 0x0, 0x0, 0x0, 0x0, 0x27,
    0xba, 0x0, 0x0, 0x0, 0x0, 0x0, 0x0, 0x48,
    0xdf, 0xff, 0xf2, 0x0, 0x0, 0x0, 0x1, 0x6a,
    0xff, 0xff, 0xff, 0xff, 0x20, 0x0, 0x0, 0x7c,
    0xff, 0xff, 0xff, 0xff, 0xff, 0xf2, 0x0, 0x0,
    0x4f, 0xff, 0xff, 0xff, 0xff, 0xff, 0xff, 0x20,
    0x0, 0x5, 0xff, 0xff, 0xff, 0xff, 0xb7, 0x3f,
    0xf2, 0x0, 0x0, 0x5f, 0xff, 0xfe, 0x95, 0x0,
    0x1, 0xff, 0x20, 0x0, 0x5, 0xff, 0x73, 0x0,
    0x0, 0x0, 0x1f, 0xf2, 0x0, 0x0, 0x5f, 0xe0,
    0x0, 0x0, 0x0, 0x1, 0xff, 0x20, 0x0, 0x5,
    0xfe, 0x0, 0x0, 0x0, 0x0, 0x1f, 0xf2, 0x0,
    0x0, 0x5f, 0xe0, 0x0, 0x0, 0x0, 0x1, 0xff,
    0x20, 0x0, 0x5, 0xfe, 0x0, 0x0, 0x0, 0x69,
    0x8f, 0xf2, 0x0, 0x0, 0x5f, 0xe0, 0x0, 0x2,
    0xef, 0xff, 0xff, 0x20, 0x3, 0x58, 0xfe, 0x0,
    0x0, 0x8f, 0xff, 0xff, 0xf2, 0x2d, 0xff, 0xff,
    0xe0, 0x0, 0x4, 0xff, 0xff, 0xfd, 0xb, 0xff,
    0xff, 0xfe, 0x0, 0x0, 0x4, 0xbd, 0xc8, 0x10,
    0xaf, 0xff, 0xff, 0xb0, 0x0, 0x0, 0x0, 0x0,
    0x0, 0x0, 0xaf, 0xff, 0xb1, 0x0, 0x0, 0x0,
    0x0, 0x0, 0x0, 0x0, 0x1, 0x0, 0x0, 0x0,
    0x0, 0x0, 0x0, 0x0, 0x0,

    /* U+F008 "" */
    0x51, 0x6, 0x88, 0x88, 0x88, 0x88, 0x88, 0x30,
    0x15, 0xf7, 0x6e, 0xff, 0xff, 0xff, 0xff, 0xff,
    0xb6, 0x8f, 0xfd, 0xcf, 0xf3, 0x33, 0x33, 0x33,
    0x6f, 0xec, 0xdf, 0xf2, 0xc, 0xe0, 0x0, 0x0,
    0x0, 0x3f, 0x70, 0x2f, 0xf2, 0xc, 0xe0, 0x0,
    0x0, 0x0, 0x3f, 0x80, 0x2f, 0xff, 0xff, 0xe0,
    0x0, 0x0, 0x0, 0x3f, 0xff, 0xff, 0xf4, 0x2d,
    0xf9, 0x99, 0x99, 0x99, 0xbf, 0x92, 0x4f, 0xf2,
    0xc, 0xff, 0xff, 0xff, 0xff, 0xff, 0x70, 0x2f,
    0xfb, 0xaf, 0xf1, 0x11, 0x11, 0x11, 0x5f, 0xda,
    0xbf, 0xf9, 0x8e, 0xe0, 0x0, 0x0, 0x0, 0x3f,
    0xc8, 0x9f, 0xf2, 0xc, 0xe0, 0x0, 0x0, 0x0,
    0x3f, 0x70, 0x2f, 0xf6, 0x4d, 0xe0, 0x0, 0x0,
    0x0, 0x3f, 0xa4, 0x6f, 0xfe, 0xef, 0xfb, 0xbb,
    0xbb, 0xbb, 0xcf, 0xfe, 0xef, 0xc2, 0xc, 0xff,
    0xff, 0xff, 0xff, 0xff, 0x80, 0x2c,

    /* U+F00B "" */
    0x58, 0x88, 0x70, 0x28, 0x88, 0x88, 0x88, 0x88,
    0x85, 0xff, 0xff, 0xf3, 0x9f, 0xff, 0xff, 0xff,
    0xff, 0xff, 0xff, 0xff, 0xf3, 0xaf, 0xff, 0xff,
    0xff, 0xff, 0xff, 0xff, 0xff, 0xf3, 0xaf, 0xff,
    0xff, 0xff, 0xff, 0xff, 0xbf, 0xff, 0xd1, 0x6f,
    0xff, 0xff, 0xff, 0xff, 0xfb, 0x0, 0x0, 0x0,
    0x0, 0x0, 0x0, 0x0, 0x0, 0x0, 0xcf, 0xff,
    0xe1, 0x7f, 0xff, 0xff, 0xff, 0xff, 0xfc, 0xff,
    0xff, 0xf3, 0xaf, 0xff, 0xff, 0xff, 0xff, 0xff,
    0xff, 0xff, 0xf3, 0xaf, 0xff, 0xff, 0xff, 0xff,
    0xff, 0xff, 0xff, 0xf3, 0x9f, 0xff, 0xff, 0xff,
    0xff, 0xff, 0x58, 0x88, 0x60, 0x27, 0x88, 0x88,
    0x88, 0x88, 0x85, 0x47, 0x77, 0x50, 0x17, 0x77,
    0x77, 0x77, 0x77, 0x74, 0xff, 0xff, 0xf3, 0x9f,
    0xff, 0xff, 0xff, 0xff, 0xff, 0xff, 0xff, 0xf3,
    0xaf, 0xff, 0xff, 0xff, 0xff, 0xff, 0xff, 0xff,
    0xf3, 0xaf, 0xff, 0xff, 0xff, 0xff, 0xff, 0xdf,
    0xff, 0xf1, 0x7f, 0xff, 0xff, 0xff, 0xff, 0xfd,
    0x0, 0x0, 0x0, 0x0, 0x0, 0x0, 0x0, 0x0,
    0x0,

    /* U+F00C "" */
    0x0, 0x0, 0x0, 0x0, 0x0, 0x0, 0x0, 0x5,
    0x20, 0x0, 0x0, 0x0, 0x0, 0x0, 0x0, 0x0,
    0x7f, 0xf3, 0x0, 0x0, 0x0, 0x0, 0x0, 0x0,
    0x7, 0xff, 0xfe, 0x0, 0x0, 0x0, 0x0, 0x0,
    0x0, 0x7f, 0xff, 0xf8, 0x0, 0x0, 0x0, 0x0,
    0x0, 0x7, 0xff, 0xff, 0x90, 0x9, 0xd1, 0x0,
    0x0, 0x0, 0x7f, 0xff, 0xf9, 0x0, 0x9f, 0xfd,
    0x10, 0x0, 0x7, 0xff, 0xff, 0x90, 0x0, 0xdf,
    0xff, 0xd1, 0x0, 0x7f, 0xff, 0xf9, 0x0, 0x0,
    0x2e, 0xff, 0xfd, 0x17, 0xff, 0xff, 0x90, 0x0,
    0x0, 0x2, 0xef, 0xff, 0xef, 0xff, 0xf9, 0x0,
    0x0, 0x0, 0x0, 0x2e, 0xff, 0xff, 0xff, 0x90,
    0x0, 0x0, 0x0, 0x0, 0x2, 0xef, 0xff, 0xf9,
    0x0, 0x0, 0x0, 0x0, 0x0, 0x0, 0x2e, 0xff,
    0x90, 0x0, 0x0, 0x0, 0x0, 0x0, 0x0, 0x2,
    0xd8, 0x0, 0x0, 0x0, 0x0, 0x0,

    /* U+F00D "" */
    0x2d, 0xb0, 0x0, 0x0, 0x6, 0xe6, 0xd, 0xff,
    0xc0, 0x0, 0x6, 0xff, 0xf3, 0xcf, 0xff, 0xc0,
    0x6, 0xff, 0xff, 0x31, 0xdf, 0xff, 0xc7, 0xff,
    0xff, 0x50, 0x1, 0xdf, 0xff, 0xff, 0xff, 0x50,
    0x0, 0x1, 0xdf, 0xff, 0xff, 0x50, 0x0, 0x0,
    0x7, 0xff, 0xff, 0xd0, 0x0, 0x0, 0x6, 0xff,
    0xff, 0xff, 0xc0, 0x0, 0x6, 0xff, 0xff, 0xdf,
    0xff, 0xc0, 0x6, 0xff, 0xff, 0x51, 0xdf, 0xff,
    0xc0, 0xff, 0xff, 0x50, 0x1, 0xdf, 0xff, 0x58,
    0xff, 0x50, 0x0, 0x1, 0xdf, 0xd0, 0x5, 0x30,
    0x0, 0x0, 0x1, 0x61, 0x0,

    /* U+F011 "" */
    0x0, 0x0, 0x0, 0x0, 0xcd, 0x50, 0x0, 0x0,
    0x0, 0x0, 0x0, 0x0, 0x0, 0x3f, 0xfa, 0x0,
    0x0, 0x0, 0x0, 0x0, 0x7, 0xe3, 0x3, 0xff,
    0xa0, 0xb, 0xc1, 0x0, 0x0, 0x8, 0xff, 0xb0,
    0x3f, 0xfa, 0x4, 0xff, 0xd1, 0x0, 0x4, 0xff,
    0xf6, 0x3, 0xff, 0xa0, 0x1e, 0xff, 0xa0, 0x0,
    0xdf, 0xf7, 0x0, 0x3f, 0xfa, 0x0, 0x2e, 0xff,
    0x40, 0x3f, 0xfc, 0x0, 0x3, 0xff, 0xa0, 0x0,
    0x6f, 0xfa, 0x8, 0xff, 0x60, 0x0, 0x3f, 0xfa,
    0x0, 0x0, 0xef, 0xf0, 0xaf, 0xf2, 0x0, 0x3,
    0xff, 0xa0, 0x0, 0xb, 0xff, 0x1b, 0xff, 0x10,
    0x0, 0x1f, 0xf8, 0x0, 0x0, 0xbf, 0xf1, 0x9f,
    0xf3, 0x0, 0x0, 0x24, 0x0, 0x0, 0xd, 0xff,
    0x6, 0xff, 0x90, 0x0, 0x0, 0x0, 0x0, 0x2,
    0xff, 0xd0, 0x1f, 0xff, 0x20, 0x0, 0x0, 0x0,
    0x0, 0xbf, 0xf8, 0x0, 0x9f, 0xfd, 0x20, 0x0,
    0x0, 0x0, 0x9f, 0xfe, 0x10, 0x0, 0xcf, 0xfe,
    0x71, 0x0, 0x4, 0xcf, 0xff, 0x50, 0x0, 0x1,
    0xdf, 0xff, 0xfe, 0xdf, 0xff, 0xff, 0x60, 0x0,
    0x0, 0x0, 0x9f, 0xff, 0xff, 0xff, 0xfd, 0x40,
    0x0, 0x0, 0x0, 0x0, 0x28, 0xce, 0xfd, 0xa5,
    0x0, 0x0, 0x0,

    /* U+F013 "" */
    0x0, 0x0, 0x0, 0x4, 0x66, 0x40, 0x0, 0x0,
    0x0, 0x0, 0x0, 0x0, 0x3f, 0xff, 0xf3, 0x0,
    0x0, 0x0, 0x0, 0x0, 0x0, 0x4f, 0xff, 0xf4,
    0x0, 0x0, 0x0, 0x0, 0x78, 0x17, 0xff, 0xff,
    0xff, 0x71, 0x87, 0x0, 0x4, 0xff, 0xff, 0xff,
    0xff, 0xff, 0xff, 0xff, 0x40, 0xd, 0xff, 0xff,
    0xff, 0xff, 0xff, 0xff, 0xff, 0xd0, 0x3f, 0xff,
    0xff, 0xfe, 0x88, 0xef, 0xff, 0xff, 0xf3, 0x8,
    0xff, 0xff, 0xd0, 0x0, 0xd, 0xff, 0xff, 0x80,
    0x0, 0xaf, 0xff, 0x50, 0x0, 0x5, 0xff, 0xfa,
    0x0, 0x0, 0xbf, 0xff, 0x30, 0x0, 0x3, 0xff,
    0xfb, 0x0, 0x1, 0xcf, 0xff, 0x80, 0x0, 0x8,
    0xff, 0xfc, 0x10, 0x3e, 0xff, 0xff, 0xf6, 0x0,
    0x6f, 0xff, 0xff, 0xe3, 0x1f, 0xff, 0xff, 0xff,
    0xff, 0xff, 0xff, 0xff, 0xf1, 0x9, 0xff, 0xff,
    0xff, 0xff, 0xff, 0xff, 0xff, 0x90, 0x0, 0xdf,
    0x8e, 0xff, 0xff, 0xff, 0xe8, 0xfd, 0x0, 0x0,
    0x11, 0x1, 0x9f, 0xff, 0xf9, 0x10, 0x11, 0x0,
    0x0, 0x0, 0x0, 0x4f, 0xff, 0xf4, 0x0, 0x0,
    0x0, 0x0, 0x0, 0x0, 0x2c, 0xee, 0xd2, 0x0,
    0x0, 0x0, 0x0, 0x0, 0x0, 0x0, 0x0, 0x0,
    0x0, 0x0, 0x0,

    /* U+F015 "" */
    0x0, 0x0, 0x0, 0x0, 0x8, 0x92, 0x0, 0x6b,
    0xb1, 0x0, 0x0, 0x0, 0x0, 0x0, 0x2d, 0xff,
    0xe4, 0xa, 0xff, 0x20, 0x0, 0x0, 0x0, 0x0,
    0x4e, 0xff, 0xff, 0xf6, 0xaf, 0xf2, 0x0, 0x0,
    0x0, 0x0, 0x6f, 0xfe, 0x31, 0xcf, 0xff, 0xff,
    0x20, 0x0, 0x0, 0x0, 0x9f, 0xfd, 0x25, 0x70,
    0xaf, 0xff, 0xf2, 0x0, 0x0, 0x1, 0xbf, 0xfa,
    0x8, 0xff, 0xb0, 0x7f, 0xff, 0x40, 0x0, 0x2,
    0xdf, 0xf8, 0xa, 0xff, 0xff, 0xd2, 0x5f, 0xff,
    0x50, 0x4, 0xff, 0xf5, 0x1d, 0xff, 0xff, 0xff,
    0xe4, 0x2e, 0xff, 0x70, 0xdf, 0xe3, 0x3e, 0xff,
    0xff, 0xff, 0xff, 0xf6, 0x1c, 0xff, 0x13, 0xb1,
    0x5f, 0xff, 0xff, 0xff, 0xff, 0xff, 0xf8, 0x9,
    0x60, 0x0, 0xa, 0xff, 0xff, 0xff, 0xff, 0xff,
    0xff, 0xe0, 0x0, 0x0, 0x0, 0xaf, 0xff, 0xfd,
    0x88, 0xbf, 0xff, 0xfe, 0x0, 0x0, 0x0, 0xa,
    0xff, 0xff, 0x70, 0x3, 0xff, 0xff, 0xe0, 0x0,
    0x0, 0x0, 0xaf, 0xff, 0xf7, 0x0, 0x3f, 0xff,
    0xfe, 0x0, 0x0, 0x0, 0xa, 0xff, 0xff, 0x70,
    0x3, 0xff, 0xff, 0xe0, 0x0, 0x0, 0x0, 0x8f,
    0xff, 0xf5, 0x0, 0x2f, 0xff, 0xfc, 0x0, 0x0,
    0x0, 0x0, 0x0, 0x0, 0x0, 0x0, 0x0, 0x0,
    0x0, 0x0, 0x0,

    /* U+F019 "" */
    0x0, 0x0, 0x0, 0x9, 0xaa, 0x90, 0x0, 0x0,
    0x0, 0x0, 0x0, 0x0, 0x3f, 0xff, 0xf3, 0x0,
    0x0, 0x0, 0x0, 0x0, 0x0, 0x4f, 0xff, 0xf4,
    0x0, 0x0, 0x0, 0x0, 0x0, 0x0, 0x4f, 0xff,
    0xf4, 0x0, 0x0, 0x0, 0x0, 0x0, 0x0, 0x4f,
    0xff, 0xf4, 0x0, 0x0, 0x0, 0x0, 0x0, 0x0,
    0x4f, 0xff, 0xf4, 0x0, 0x0, 0x0, 0x0, 0x0,
    0x0, 0x4f, 0xff, 0xf4, 0x0, 0x0, 0x0, 0x0,
    0xc, 0xee, 0xef, 0xff, 0xfe, 0xee, 0xc0, 0x0,
    0x0, 0x8, 0xff, 0xff, 0xff, 0xff, 0xff, 0x90,
    0x0, 0x0, 0x0, 0x8f, 0xff, 0xff, 0xff, 0xf8,
    0x0, 0x0, 0x0, 0x0, 0x8, 0xff, 0xff, 0xff,
    0x80, 0x0, 0x0, 0x0, 0x0, 0x0, 0x8f, 0xff,
    0xf8, 0x0, 0x0, 0x0, 0x24, 0x44, 0x44, 0x7,
    0xff, 0x70, 0x44, 0x44, 0x42, 0xff, 0xff, 0xff,
    0xc1, 0x66, 0x1d, 0xff, 0xff, 0xff, 0xff, 0xff,
    0xff, 0xfe, 0x66, 0xef, 0xff, 0xff, 0xff, 0xff,
    0xff, 0xff, 0xff, 0xff, 0xff, 0xff, 0xff, 0xff,
    0xff, 0xff, 0xff, 0xff, 0xff, 0xff, 0x66, 0xc4,
    0xff, 0xdf, 0xff, 0xff, 0xff, 0xff, 0xff, 0xff,
    0xff, 0xfd, 0x0, 0x0, 0x0, 0x0, 0x0, 0x0,
    0x0, 0x0, 0x0,

    /* U+F01C "" */
    0x0, 0x0, 0x4, 0x44, 0x44, 0x44, 0x44, 0x41,
    0x0, 0x0, 0x0, 0x0, 0x1e, 0xff, 0xff, 0xff,
    0xff, 0xff, 0xf4, 0x0, 0x0, 0x0, 0xb, 0xff,
    0xff, 0xff, 0xff, 0xff, 0xff, 0xe1, 0x0, 0x0,
    0x6, 0xff, 0x50, 0x0, 0x0, 0x0, 0x1, 0xff,
    0xa0, 0x0, 0x1, 0xff, 0x90, 0x0, 0x0, 0x0,
    0x0, 0x5, 0xff, 0x50, 0x0, 0xbf, 0xd0, 0x0,
    0x0, 0x0, 0x0, 0x0, 0xa, 0xfe, 0x10, 0x6f,
    0xf3, 0x0, 0x0, 0x0, 0x0, 0x0, 0x0, 0x1e,
    0xfa, 0xe, 0xff, 0xcc, 0xcc, 0x20, 0x0, 0x0,
    0xbc, 0xcc, 0xef, 0xf2, 0xff, 0xff, 0xff, 0xfa,
    0x0, 0x0, 0x6f, 0xff, 0xff, 0xff, 0x4f, 0xff,
    0xff, 0xff, 0xf8, 0x88, 0x8e, 0xff, 0xff, 0xff,
    0xf4, 0xff, 0xff, 0xff, 0xff, 0xff, 0xff, 0xff,
    0xff, 0xff, 0xff, 0x4f, 0xff, 0xff, 0xff, 0xff,
    0xff, 0xff, 0xff, 0xff, 0xff, 0xf4, 0xff, 0xff,
    0xff, 0xff, 0xff, 0xff, 0xff, 0xff, 0xff, 0xff,
    0x37, 0xff, 0xff, 0xff, 0xff, 0xff, 0xff, 0xff,
    0xff, 0xff, 0xa0,

    /* U+F021 "" */
    0x0, 0x0, 0x0, 0x15, 0x66, 0x40, 0x0, 0x5,
    0xcb, 0x0, 0x0, 0x3b, 0xff, 0xff, 0xff, 0x92,
    0x7, 0xff, 0x0, 0x7, 0xff, 0xff, 0xff, 0xff,
    0xff, 0x66, 0xff, 0x0, 0x8f, 0xff, 0xa4, 0x12,
    0x5b, 0xff, 0xfd, 0xff, 0x4, 0xff, 0xe4, 0x0,
    0x0, 0x0, 0x4e, 0xff, 0xff, 0xd, 0xff, 0x30,
    0x0, 0x0, 0x45, 0x46, 0xff, 0xff, 0x4f, 0xf7,
    0x0, 0x0, 0x0, 0xdf, 0xff, 0xff, 0xff, 0x8f,
    0xf1, 0x0, 0x0, 0x0, 0xdf, 0xff, 0xff, 0xff,
    0x2, 0x10, 0x0, 0x0, 0x0, 0x12, 0x22, 0x22,
    0x21, 0x0, 0x0, 0x0, 0x0, 0x0, 0x0, 0x0,
    0x0, 0x0, 0x67, 0x77, 0x77, 0x75, 0x0, 0x0,
    0x0, 0x6, 0x73, 0xff, 0xff, 0xff, 0xfe, 0x0,
    0x0, 0x0, 0x3f, 0xf6, 0xff, 0xff, 0xee, 0xfd,
    0x0, 0x0, 0x0, 0xcf, 0xf1, 0xff, 0xff, 0x70,
    0x0, 0x0, 0x0, 0x9, 0xff, 0xa0, 0xff, 0xff,
    0xfb, 0x20, 0x0, 0x2, 0xbf, 0xfe, 0x10, 0xff,
    0x8d, 0xff, 0xfc, 0xa9, 0xcf, 0xff, 0xe2, 0x0,
    0xff, 0x61, 0x9f, 0xff, 0xff, 0xff, 0xfb, 0x10,
    0x0, 0xff, 0x70, 0x1, 0x7c, 0xee, 0xd9, 0x30,
    0x0, 0x0, 0x56, 0x20, 0x0, 0x0, 0x0, 0x0,
    0x0, 0x0, 0x0,

    /* U+F026 "" */
    0x0, 0x0, 0x0, 0x2, 0x40, 0x0, 0x0, 0x2,
    0xef, 0x0, 0x0, 0x2, 0xef, 0xf0, 0x0, 0x3,
    0xef, 0xff, 0xdf, 0xff, 0xff, 0xff, 0xff, 0xff,
    0xff, 0xff, 0xff, 0xff, 0xff, 0xff, 0xff, 0xff,
    0xff, 0xff, 0xff, 0xff, 0xff, 0xff, 0xff, 0xff,
    0xff, 0xff, 0xff, 0xff, 0xff, 0x7b, 0xbb, 0xdf,
    0xff, 0xf0, 0x0, 0x0, 0xbf, 0xff, 0x0, 0x0,
    0x0, 0xbf, 0xf0, 0x0, 0x0, 0x0, 0xbe, 0x0,
    0x0, 0x0, 0x0, 0x0,

    /* U+F027 "" */
    0x0, 0x0, 0x0, 0x2, 0x40, 0x0, 0x0, 0x0,
    0x0, 0x0, 0x2e, 0xf0, 0x0, 0x0, 0x0, 0x0,
    0x2, 0xef, 0xf0, 0x0, 0x0, 0x0, 0x0, 0x3e,
    0xff, 0xf0, 0x0, 0x0, 0xdf, 0xff, 0xff, 0xff,
    0xf0, 0x7, 0x10, 0xff, 0xff, 0xff, 0xff, 0xf0,
    0x3f, 0xd0, 0xff, 0xff, 0xff, 0xff, 0xf0, 0x8,
    0xf5, 0xff, 0xff, 0xff, 0xff, 0xf0, 0x4, 0xf7,
    0xff, 0xff, 0xff, 0xff, 0xf0, 0xd, 0xf3, 0xff,
    0xff, 0xff, 0xff, 0xf0, 0x3f, 0x70, 0x8b, 0xbb,
    0xdf, 0xff, 0xf0, 0x0, 0x0, 0x0, 0x0, 0xb,
    0xff, 0xf0, 0x0, 0x0, 0x0, 0x0, 0x0, 0xbf,
    0xf0, 0x0, 0x0, 0x0, 0x0, 0x0, 0xb, 0xe0,
    0x0, 0x0, 0x0, 0x0, 0x0, 0x0, 0x0, 0x0,
    0x0,

    /* U+F028 "" */
    0x0, 0x0, 0x0, 0x0, 0x0, 0x0, 0x0, 0x1,
    0x0, 0x0, 0x0, 0x0, 0x0, 0x0, 0x0, 0x0,
    0x0, 0x7, 0xf6, 0x0, 0x0, 0x0, 0x0, 0x0,
    0x2, 0x40, 0x0, 0x0, 0x2d, 0xf8, 0x0, 0x0,
    0x0, 0x0, 0x2, 0xef, 0x0, 0x0, 0x40, 0x1c,
    0xf4, 0x0, 0x0, 0x0, 0x2, 0xef, 0xf0, 0x0,
    0x5f, 0xb0, 0x1e, 0xe1, 0x0, 0x0, 0x3, 0xef,
    0xff, 0x0, 0x0, 0xaf, 0xa0, 0x6f, 0x70, 0xdf,
    0xff, 0xff, 0xff, 0xf0, 0x7, 0x10, 0xbf, 0x30,
    0xfd, 0xf, 0xff, 0xff, 0xff, 0xff, 0x3, 0xfd,
    0x3, 0xf9, 0xa, 0xf0, 0xff, 0xff, 0xff, 0xff,
    0xf0, 0x7, 0xf5, 0xe, 0xc0, 0x8f, 0x2f, 0xff,
    0xff, 0xff, 0xff, 0x0, 0x4f, 0x70, 0xdd, 0x7,
    0xf3, 0xff, 0xff, 0xff, 0xff, 0xf0, 0x1d, 0xf3,
    0xf, 0xb0, 0x9f, 0x2f, 0xff, 0xff, 0xff, 0xff,
    0x3, 0xf7, 0x7, 0xf6, 0xc, 0xf0, 0x7b, 0xbb,
    0xdf, 0xff, 0xf0, 0x0, 0x3, 0xfe, 0x12, 0xfa,
    0x0, 0x0, 0x0, 0xbf, 0xff, 0x0, 0x3, 0xff,
    0x40, 0xaf, 0x30, 0x0, 0x0, 0x0, 0xbf, 0xf0,
    0x0, 0x3c, 0x30, 0x6f, 0xa0, 0x0, 0x0, 0x0,
    0x0, 0xbe, 0x0, 0x0, 0x0, 0x6f, 0xe1, 0x0,
    0x0, 0x0, 0x0, 0x0, 0x0, 0x0, 0x0, 0x6f,
    0xd2, 0x0, 0x0, 0x0, 0x0, 0x0, 0x0, 0x0,
    0x0, 0x3, 0x90, 0x0, 0x0,

    /* U+F03E "" */
    0x3a, 0xbb, 0xbb, 0xbb, 0xbb, 0xbb, 0xbb, 0xbb,
    0xa3, 0xef, 0xff, 0xff, 0xff, 0xff, 0xff, 0xff,
    0xff, 0xfe, 0xff, 0xd5, 0x6e, 0xff, 0xff, 0xff,
    0xff, 0xff, 0xff, 0xff, 0x20, 0x4, 0xff, 0xff,
    0xff, 0xff, 0xff, 0xff, 0xff, 0x0, 0x2, 0xff,
    0xff, 0xff, 0xbf, 0xff, 0xff, 0xff, 0x50, 0x7,
    0xff, 0xff, 0xf5, 0x9, 0xff, 0xff, 0xff, 0xfb,
    0xbf, 0xff, 0xff, 0x50, 0x0, 0x9f, 0xff, 0xff,
    0xff, 0xcb, 0xff, 0xf5, 0x0, 0x0, 0x9, 0xff,
    0xff, 0xfc, 0x0, 0xaf, 0x50, 0x0, 0x0, 0x4,
    0xff, 0xff, 0xc0, 0x0, 0x3, 0x0, 0x0, 0x0,
    0x4, 0xff, 0xff, 0x40, 0x0, 0x0, 0x0, 0x0,
    0x0, 0x4, 0xff, 0xff, 0x74, 0x44, 0x44, 0x44,
    0x44, 0x44, 0x47, 0xff, 0xff, 0xff, 0xff, 0xff,
    0xff, 0xff, 0xff, 0xff, 0xff, 0x6f, 0xff, 0xff,
    0xff, 0xff, 0xff, 0xff, 0xff, 0xf6,

    /* U+F043 "" */
    0x0, 0x0, 0x6, 0x90, 0x0, 0x0, 0x0, 0x0,
    0x1, 0xff, 0x40, 0x0, 0x0, 0x0, 0x0, 0x6f,
    0xfa, 0x0, 0x0, 0x0, 0x0, 0xd, 0xff, 0xf2,
    0x0, 0x0, 0x0, 0x5, 0xff, 0xff, 0x90, 0x0,
    0x0, 0x0, 0xef, 0xff, 0xff, 0x30, 0x0, 0x0,
    0x9f, 0xff, 0xff, 0xfd, 0x0, 0x0, 0x5f, 0xff,
    0xff, 0xff, 0xf9, 0x0, 0xe, 0xff, 0xff, 0xff,
    0xff, 0xf3, 0x7, 0xff, 0xff, 0xff, 0xff, 0xff,
    0xa0, 0xcf, 0xff, 0xff, 0xff, 0xff, 0xff, 0xf,
    0xfb, 0xff, 0xff, 0xff, 0xff, 0xf2, 0xff, 0x4a,
    0xff, 0xff, 0xff, 0xff, 0x2c, 0xf8, 0x4f, 0xff,
    0xff, 0xff, 0xf0, 0x7f, 0xf2, 0x5c, 0xff, 0xff,
    0xfb, 0x0, 0xef, 0xe5, 0x8, 0xff, 0xff, 0x30,
    0x2, 0xef, 0xff, 0xff, 0xff, 0x50, 0x0, 0x1,
    0xaf, 0xff, 0xfb, 0x30, 0x0, 0x0, 0x0, 0x3,
    0x31, 0x0, 0x0, 0x0,

    /* U+F048 "" */
    0x6b, 0x90, 0x0, 0x0, 0x3, 0xa2, 0x9f, 0xe0,
    0x0, 0x0, 0x4f, 0xf9, 0x9f, 0xe0, 0x0, 0x5,
    0xff, 0xfa, 0x9f, 0xe0, 0x0, 0x6f, 0xff, 0xfa,
    0x9f, 0xe0, 0x7, 0xff, 0xff, 0xfa, 0x9f, 0xe0,
    0x8f, 0xff, 0xff, 0xfa, 0x9f, 0xe9, 0xff, 0xff,
    0xff, 0xfa, 0x9f, 0xff, 0xff, 0xff, 0xff, 0xfa,
    0x9f, 0xff, 0xff, 0xff, 0xff, 0xfa, 0x9f, 0xfe,
    0xff, 0xff, 0xff, 0xfa, 0x9f, 0xe1, 0xdf, 0xff,
    0xff, 0xfa, 0x9f, 0xe0, 0x1c, 0xff, 0xff, 0xfa,
    0x9f, 0xe0, 0x0, 0xbf, 0xff, 0xfa, 0x9f, 0xe0,
    0x0, 0xa, 0xff, 0xfa, 0x9f, 0xe0, 0x0, 0x0,
    0x9f, 0xfa, 0x9f, 0xe0, 0x0, 0x0, 0x8, 0xf6,
    0x0, 0x0, 0x0, 0x0, 0x0, 0x0,

    /* U+F04B "" */
    0x3a, 0x70, 0x0, 0x0, 0x0, 0x0, 0x0, 0x0,
    0xef, 0xfe, 0x50, 0x0, 0x0, 0x0, 0x0, 0x0,
    0xff, 0xff, 0xfb, 0x20, 0x0, 0x0, 0x0, 0x0,
    0xff, 0xff, 0xff, 0xf8, 0x0, 0x0, 0x0, 0x0,
    0xff, 0xff, 0xff, 0xff, 0xe6, 0x0, 0x0, 0x0,
    0xff, 0xff, 0xff, 0xff, 0xff, 0xc3, 0x0, 0x0,
    0xff, 0xff, 0xff, 0xff, 0xff, 0xff, 0x91, 0x0,
    0xff, 0xff, 0xff, 0xff, 0xff, 0xff, 0xfe, 0x60,
    0xff, 0xff, 0xff, 0xff, 0xff, 0xff, 0xff, 0xf7,
    0xff, 0xff, 0xff, 0xff, 0xff, 0xff, 0xff, 0xfa,
    0xff, 0xff, 0xff, 0xff, 0xff, 0xff, 0xff, 0xe2,
    0xff, 0xff, 0xff, 0xff, 0xff, 0xff, 0xf8, 0x0,
    0xff, 0xff, 0xff, 0xff, 0xff, 0xfb, 0x20, 0x0,
    0xff, 0xff, 0xff, 0xff, 0xfd, 0x40, 0x0, 0x0,
    0xff, 0xff, 0xff, 0xff, 0x70, 0x0, 0x0, 0x0,
    0xff, 0xff, 0xff, 0xa1, 0x0, 0x0, 0x0, 0x0,
    0xff, 0xff, 0xd3, 0x0, 0x0, 0x0, 0x0, 0x0,
    0xaf, 0xe6, 0x0, 0x0, 0x0, 0x0, 0x0, 0x0,
    0x2, 0x0, 0x0, 0x0, 0x0, 0x0, 0x0, 0x0,

    /* U+F04C "" */
    0x3a, 0xbb, 0xb9, 0x10, 0x3, 0xab, 0xbb, 0x91,
    0xef, 0xff, 0xff, 0xa0, 0xe, 0xff, 0xff, 0xfa,
    0xff, 0xff, 0xff, 0xc0, 0xf, 0xff, 0xff, 0xfc,
    0xff, 0xff, 0xff, 0xc0, 0xf, 0xff, 0xff, 0xfc,
    0xff, 0xff, 0xff, 0xc0, 0xf, 0xff, 0xff, 0xfc,
    0xff, 0xff, 0xff, 0xc0, 0xf, 0xff, 0xff, 0xfc,
    0xff, 0xff, 0xff, 0xc0, 0xf, 0xff, 0xff, 0xfc,
    0xff, 0xff, 0xff, 0xc0, 0xf, 0xff, 0xff, 0xfc,
    0xff, 0xff, 0xff, 0xc0, 0xf, 0xff, 0xff, 0xfc,
    0xff, 0xff, 0xff, 0xc0, 0xf, 0xff, 0xff, 0xfc,
    0xff, 0xff, 0xff, 0xc0, 0xf, 0xff, 0xff, 0xfc,
    0xff, 0xff, 0xff, 0xc0, 0xf, 0xff, 0xff, 0xfc,
    0xff, 0xff, 0xff, 0xc0, 0xf, 0xff, 0xff, 0xfc,
    0xff, 0xff, 0xff, 0xc0, 0xf, 0xff, 0xff, 0xfc,
    0xff, 0xff, 0xff, 0xb0, 0xf, 0xff, 0xff, 0xfb,
    0x7f, 0xff, 0xfe, 0x40, 0x7, 0xff, 0xff, 0xe4,
    0x0, 0x0, 0x0, 0x0, 0x0, 0x0, 0x0, 0x0,

    /* U+F04D "" */
    0x3a, 0xbb, 0xbb, 0xbb, 0xbb, 0xbb, 0xbb, 0x91,
    0xef, 0xff, 0xff, 0xff, 0xff, 0xff, 0xff, 0xfa,
    0xff, 0xff, 0xff, 0xff, 0xff, 0xff, 0xff, 0xfc,
    0xff, 0xff, 0xff, 0xff, 0xff, 0xff, 0xff, 0xfc,
    0xff, 0xff, 0xff, 0xff, 0xff, 0xff, 0xff, 0xfc,
    0xff, 0xff, 0xff, 0xff, 0xff, 0xff, 0xff, 0xfc,
    0xff, 0xff, 0xff, 0xff, 0xff, 0xff, 0xff, 0xfc,
    0xff, 0xff, 0xff, 0xff, 0xff, 0xff, 0xff, 0xfc,
    0xff, 0xff, 0xff, 0xff, 0xff, 0xff, 0xff, 0xfc,
    0xff, 0xff, 0xff, 0xff, 0xff, 0xff, 0xff, 0xfc,
    0xff, 0xff, 0xff, 0xff, 0xff, 0xff, 0xff, 0xfc,
    0xff, 0xff, 0xff, 0xff, 0xff, 0xff, 0xff, 0xfc,
    0xff, 0xff, 0xff, 0xff, 0xff, 0xff, 0xff, 0xfc,
    0xff, 0xff, 0xff, 0xff, 0xff, 0xff, 0xff, 0xfc,
    0xff, 0xff, 0xff, 0xff, 0xff, 0xff, 0xff, 0xfb,
    0x7f, 0xff, 0xff, 0xff, 0xff, 0xff, 0xff, 0xe4,
    0x0, 0x0, 0x0, 0x0, 0x0, 0x0, 0x0, 0x0,

    /* U+F051 "" */
    0x4a, 0x20, 0x0, 0x0, 0xa, 0xb4, 0xbf, 0xe3,
    0x0, 0x0, 0xf, 0xf8, 0xcf, 0xff, 0x40, 0x0,
    0xf, 0xf8, 0xcf, 0xff, 0xf5, 0x0, 0xf, 0xf8,
    0xcf, 0xff, 0xff, 0x60, 0xf, 0xf8, 0xcf, 0xff,
    0xff, 0xf7, 0xf, 0xf8, 0xcf, 0xff, 0xff, 0xff,
    0x9f, 0xf8, 0xcf, 0xff, 0xff, 0xff, 0xff, 0xf8,
    0xcf, 0xff, 0xff, 0xff, 0xff, 0xf8, 0xcf, 0xff,
    0xff, 0xff, 0xdf, 0xf8, 0xcf, 0xff, 0xff, 0xfc,
    0x1f, 0xf8, 0xcf, 0xff, 0xff, 0xb0, 0xf, 0xf8,
    0xcf, 0xff, 0xfa, 0x0, 0xf, 0xf8, 0xcf, 0xff,
    0x80, 0x0, 0xf, 0xf8, 0xbf, 0xf7, 0x0, 0x0,
    0xf, 0xf8, 0x7f, 0x60, 0x0, 0x0, 0xf, 0xf7,
    0x0, 0x0, 0x0, 0x0, 0x0, 0x0,

    /* U+F052 "" */
    0x0, 0x0, 0x0, 0x2, 0xca, 0x10, 0x0, 0x0,
    0x0, 0x0, 0x0, 0x0, 0x2e, 0xff, 0xc0, 0x0,
    0x0, 0x0, 0x0, 0x0, 0x1, 0xef, 0xff, 0xfb,
    0x0, 0x0, 0x0, 0x0, 0x0, 0x1d, 0xff, 0xff,
    0xff, 0xa0, 0x0, 0x0, 0x0, 0x0, 0xcf, 0xff,
    0xff, 0xff, 0xf9, 0x0, 0x0, 0x0, 0xb, 0xff,
    0xff, 0xff, 0xff, 0xff, 0x70, 0x0, 0x0, 0xaf,
    0xff, 0xff, 0xff, 0xff, 0xff, 0xf6, 0x0, 0x8,
    0xff, 0xff, 0xff, 0xff, 0xff, 0xff, 0xff, 0x40,
    0xf, 0xff, 0xff, 0xff, 0xff, 0xff, 0xff, 0xff,
    0xb0, 0xa, 0xff, 0xff, 0xff, 0xff, 0xff, 0xff,
    0xff, 0x60, 0x0, 0x34, 0x44, 0x44, 0x44, 0x44,
    0x44, 0x42, 0x0, 0x3, 0x77, 0x77, 0x77, 0x77,
    0x77, 0x77, 0x77, 0x10, 0xf, 0xff, 0xff, 0xff,
    0xff, 0xff, 0xff, 0xff, 0xb0, 0xf, 0xff, 0xff,
    0xff, 0xff, 0xff, 0xff, 0xff, 0xc0, 0xf, 0xff,
    0xff, 0xff, 0xff, 0xff, 0xff, 0xff, 0xb0, 0xc,
    0xff, 0xff, 0xff, 0xff, 0xff, 0xff, 0xff, 0x70,
    0x0, 0x0, 0x0, 0x0, 0x0, 0x0, 0x0, 0x0,
    0x0,

    /* U+F053 "" */
    0x0, 0x0, 0x0, 0x0, 0x41, 0x0, 0x0, 0x0,
    0x0, 0x9f, 0xd0, 0x0, 0x0, 0x0, 0x9f, 0xff,
    0x20, 0x0, 0x0, 0x9f, 0xff, 0x50, 0x0, 0x0,
    0x9f, 0xff, 0x50, 0x0, 0x0, 0x9f, 0xff, 0x50,
    0x0, 0x0, 0x9f, 0xff, 0x50, 0x0, 0x0, 0x9f,
    0xff, 0x50, 0x0, 0x0, 0xe, 0xff, 0xd1, 0x0,
    0x0, 0x0, 0x3e, 0xff, 0xc1, 0x0, 0x0, 0x0,
    0x3e, 0xff, 0xc1, 0x0, 0x0, 0x0, 0x3e, 0xff,
    0xc1, 0x0, 0x0, 0x0, 0x3e, 0xff, 0xc1, 0x0,
    0x0, 0x0, 0x3e, 0xff, 0xc0, 0x0, 0x0, 0x0,
    0x3e, 0xff, 0x20, 0x0, 0x0, 0x0, 0x3c, 0x60,

    /* U+F054 "" */
    0x0, 0x50, 0x0, 0x0, 0x0, 0x0, 0x9f, 0xc1,
    0x0, 0x0, 0x0, 0xe, 0xff, 0xc1, 0x0, 0x0,
    0x0, 0x2e, 0xff, 0xc1, 0x0, 0x0, 0x0, 0x2e,
    0xff, 0xc1, 0x0, 0x0, 0x0, 0x2e, 0xff, 0xc1,
    0x0, 0x0, 0x0, 0x2e, 0xff, 0xc1, 0x0, 0x0,
    0x0, 0x2e, 0xff, 0xc0, 0x0, 0x0, 0x0, 0xaf,
    0xff, 0x20, 0x0, 0x0, 0x9f, 0xff, 0x50, 0x0,
    0x0, 0x9f, 0xff, 0x50, 0x0, 0x0, 0x9f, 0xff,
    0x50, 0x0, 0x0, 0x9f, 0xff, 0x60, 0x0, 0x0,
    0x9f, 0xff, 0x60, 0x0, 0x0, 0xe, 0xff, 0x60,
    0x0, 0x0, 0x0, 0x3d, 0x50, 0x0, 0x0, 0x0,

    /* U+F067 "" */
    0x0, 0x0, 0x0, 0x39, 0x91, 0x0, 0x0, 0x0,
    0x0, 0x0, 0x0, 0xcf, 0xf8, 0x0, 0x0, 0x0,
    0x0, 0x0, 0x0, 0xdf, 0xf9, 0x0, 0x0, 0x0,
    0x0, 0x0, 0x0, 0xdf, 0xf9, 0x0, 0x0, 0x0,
    0x0, 0x0, 0x0, 0xdf, 0xf9, 0x0, 0x0, 0x0,
    0x0, 0x0, 0x0, 0xdf, 0xf9, 0x0, 0x0, 0x0,
    0x36, 0x77, 0x77, 0xef, 0xfc, 0x77, 0x77, 0x61,
    0xef, 0xff, 0xff, 0xff, 0xff, 0xff, 0xff, 0xfa,
    0xff, 0xff, 0xff, 0xff, 0xff, 0xff, 0xff, 0xfb,
    0xae, 0xff, 0xff, 0xff, 0xff, 0xff, 0xff, 0xe6,
    0x0, 0x0, 0x0, 0xdf, 0xf9, 0x0, 0x0, 0x0,
    0x0, 0x0, 0x0, 0xdf, 0xf9, 0x0, 0x0, 0x0,
    0x0, 0x0, 0x0, 0xdf, 0xf9, 0x0, 0x0, 0x0,
    0x0, 0x0, 0x0, 0xdf, 0xf9, 0x0, 0x0, 0x0,
    0x0, 0x0, 0x0, 0xdf, 0xf9, 0x0, 0x0, 0x0,
    0x0, 0x0, 0x0, 0x9f, 0xf5, 0x0, 0x0, 0x0,
    0x0, 0x0, 0x0, 0x1, 0x10, 0x0, 0x0, 0x0,

    /* U+F068 "" */
    0x36, 0x66, 0x66, 0x66, 0x66, 0x66, 0x66, 0x61,
    0xef, 0xff, 0xff, 0xff, 0xff, 0xff, 0xff, 0xfa,
    0xff, 0xff, 0xff, 0xff, 0xff, 0xff, 0xff, 0xfb,
    0xaf, 0xff, 0xff, 0xff, 0xff, 0xff, 0xff, 0xf6,

    /* U+F06E "" */
    0x0, 0x0, 0x0, 0x3, 0x68, 0x87, 0x40, 0x0,
    0x0, 0x0, 0x0, 0x0, 0x0, 0x8e, 0xff, 0xff,
    0xff, 0xf9, 0x20, 0x0, 0x0, 0x0, 0x4, 0xef,
    0xfd, 0x63, 0x25, 0xbf, 0xff, 0x70, 0x0, 0x0,
    0x7, 0xff, 0xfa, 0x0, 0x0, 0x0, 0x7f, 0xff,
    0xa0, 0x0, 0x6, 0xff, 0xfd, 0x0, 0x8, 0xfc,
    0x20, 0x9f, 0xff, 0xa0, 0x2, 0xff, 0xff, 0x50,
    0x0, 0x8f, 0xfe, 0x12, 0xff, 0xff, 0x60, 0xcf,
    0xff, 0xf2, 0x16, 0x7f, 0xff, 0xf5, 0xe, 0xff,
    0xfe, 0x1e, 0xff, 0xff, 0x12, 0xff, 0xff, 0xff,
    0x70, 0xdf, 0xff, 0xf2, 0x6f, 0xff, 0xf3, 0xe,
    0xff, 0xff, 0xf3, 0xf, 0xff, 0xfb, 0x0, 0xbf,
    0xff, 0x90, 0x4f, 0xff, 0xf8, 0x5, 0xff, 0xfe,
    0x10, 0x1, 0xdf, 0xff, 0x40, 0x28, 0x84, 0x1,
    0xef, 0xff, 0x30, 0x0, 0x1, 0xbf, 0xff, 0x60,
    0x0, 0x4, 0xef, 0xfd, 0x30, 0x0, 0x0, 0x0,
    0x6e, 0xff, 0xfb, 0xbe, 0xff, 0xf9, 0x0, 0x0,
    0x0, 0x0, 0x0, 0x5, 0xad, 0xff, 0xeb, 0x71,
    0x0, 0x0, 0x0,

    /* U+F070 "" */
    0x4a, 0x10, 0x0, 0x0, 0x0, 0x0, 0x0, 0x0,
    0x0, 0x0, 0x0, 0xe, 0xfe, 0x30, 0x0, 0x0,
    0x0, 0x0, 0x0, 0x0, 0x0, 0x0, 0x0, 0x5f,
    0xff, 0x60, 0x0, 0x15, 0x78, 0x74, 0x0, 0x0,
    0x0, 0x0, 0x0, 0x2d, 0xff, 0xa6, 0xdf, 0xff,
    0xff, 0xff, 0xa2, 0x0, 0x0, 0x0, 0x0, 0xa,
    0xff, 0xff, 0xe8, 0x32, 0x5b, 0xff, 0xf8, 0x0,
    0x0, 0x0, 0x0, 0x6, 0xff, 0xf6, 0x0, 0x10,
    0x6, 0xff, 0xfb, 0x0, 0x0, 0x0, 0x0, 0x3,
    0xef, 0xf8, 0x7f, 0xd3, 0x9, 0xff, 0xfb, 0x0,
    0x0, 0x1e, 0x70, 0x1, 0xbf, 0xfe, 0xff, 0xf2,
    0x1f, 0xff, 0xf7, 0x0, 0x9, 0xff, 0xa0, 0x0,
    0x8f, 0xff, 0xff, 0x70, 0xdf, 0xff, 0xf1, 0x0,
    0xcf, 0xff, 0xd1, 0x0, 0x5f, 0xff, 0xf9, 0xc,
    0xff, 0xff, 0x30, 0x5, 0xff, 0xff, 0x60, 0x0,
    0x2d, 0xff, 0xb0, 0xef, 0xff, 0xb0, 0x0, 0xa,
    0xff, 0xfc, 0x0, 0x0, 0xa, 0xff, 0xef, 0xff,
    0xe1, 0x0, 0x0, 0xc, 0xff, 0xf6, 0x0, 0x0,
    0x6, 0xff, 0xff, 0xf3, 0x0, 0x0, 0x0, 0xa,
    0xff, 0xf8, 0x10, 0x0, 0x3, 0xef, 0xfa, 0x0,
    0x0, 0x0, 0x0, 0x5, 0xef, 0xff, 0xcb, 0x80,
    0x1, 0xbf, 0xfb, 0x10, 0x0, 0x0, 0x0, 0x0,
    0x5a, 0xdf, 0xfe, 0x70, 0x0, 0x8f, 0xfe, 0x30,
    0x0, 0x0, 0x0, 0x0, 0x0, 0x0, 0x0, 0x0,
    0x0, 0x5f, 0xff, 0x30, 0x0, 0x0, 0x0, 0x0,
    0x0, 0x0, 0x0, 0x0, 0x0, 0x2d, 0xe1, 0x0,
    0x0, 0x0, 0x0, 0x0, 0x0, 0x0, 0x0, 0x0,
    0x0, 0x1, 0x0,

    /* U+F071 "" */
    0x0, 0x0, 0x0, 0x0, 0x1, 0xcd, 0x40, 0x0,
    0x0, 0x0, 0x0, 0x0, 0x0, 0x0, 0x0, 0xa,
    0xff, 0xe0, 0x0, 0x0, 0x0, 0x0, 0x0, 0x0,
    0x0, 0x0, 0x4f, 0xff, 0xf8, 0x0, 0x0, 0x0,
    0x0, 0x0, 0x0, 0x0, 0x0, 0xdf, 0xff, 0xff,
    0x10, 0x0, 0x0, 0x0, 0x0, 0x0, 0x0, 0x6,
    0xff, 0xff, 0xff, 0xa0, 0x0, 0x0, 0x0, 0x0,
    0x0, 0x0, 0xe, 0xff, 0xff, 0xff, 0xf3, 0x0,
    0x0, 0x0, 0x0, 0x0, 0x0, 0x8f, 0xfb, 0x33,
    0x8f, 0xfc, 0x0, 0x0, 0x0, 0x0, 0x0, 0x2,
    0xff, 0xf9, 0x0, 0x6f, 0xff, 0x60, 0x0, 0x0,
    0x0, 0x0, 0xa, 0xff, 0xfa, 0x0, 0x6f, 0xff,
    0xe0, 0x0, 0x0, 0x0, 0x0, 0x4f, 0xff, 0xfb,
    0x0, 0x7f, 0xff, 0xf8, 0x0, 0x0, 0x0, 0x0,
    0xdf, 0xff, 0xfc, 0x0, 0x8f, 0xff, 0xff, 0x10,
    0x0, 0x0, 0x6, 0xff, 0xff, 0xfd, 0x0, 0x9f,
    0xff, 0xff, 0xa0, 0x0, 0x0, 0xe, 0xff, 0xff,
    0xff, 0xcb, 0xff, 0xff, 0xff, 0xf3, 0x0, 0x0,
    0x8f, 0xff, 0xff, 0xfc, 0x0, 0x8f, 0xff, 0xff,
    0xfc, 0x0, 0x2, 0xff, 0xff, 0xff, 0xf9, 0x0,
    0x4f, 0xff, 0xff, 0xff, 0x60, 0xa, 0xff, 0xff,
    0xff, 0xfe, 0x42, 0xcf, 0xff, 0xff, 0xff, 0xe0,
    0xf, 0xff, 0xff, 0xff, 0xff, 0xff, 0xff, 0xff,
    0xff, 0xff, 0xf3, 0x9, 0xff, 0xff, 0xff, 0xff,
    0xff, 0xff, 0xff, 0xff, 0xff, 0xd0, 0x0, 0x23,
    0x33, 0x33, 0x33, 0x33, 0x33, 0x33, 0x33, 0x33,
    0x0,

    /* U+F074 "" */
    0x0, 0x0, 0x0, 0x0, 0x0, 0x0, 0x1, 0x40,
    0x0, 0x0, 0x0, 0x0, 0x0, 0x0, 0x0, 0x7,
    0xf9, 0x0, 0x12, 0x22, 0x10, 0x0, 0x0, 0x1,
    0x29, 0xff, 0x90, 0xff, 0xff, 0xe2, 0x0, 0x0,
    0x6f, 0xff, 0xff, 0xf8, 0xff, 0xff, 0xfe, 0x20,
    0x5, 0xff, 0xff, 0xff, 0xfd, 0x9a, 0xad, 0xff,
    0xd0, 0x5f, 0xff, 0xbd, 0xff, 0xe2, 0x0, 0x0,
    0xcf, 0x44, 0xff, 0xf9, 0x8, 0xfe, 0x20, 0x0,
    0x0, 0x4, 0x4f, 0xff, 0x90, 0x4, 0xd2, 0x0,
    0x0, 0x0, 0x3, 0xff, 0xfa, 0x0, 0x0, 0x10,
    0x0, 0x0, 0x0, 0x3f, 0xff, 0xa1, 0x91, 0x6,
    0xf6, 0x0, 0x0, 0x2, 0xef, 0xfb, 0xc, 0xfc,
    0x8, 0xff, 0x60, 0xef, 0xff, 0xff, 0xb0, 0x1d,
    0xff, 0xff, 0xff, 0xf6, 0xff, 0xff, 0xfc, 0x0,
    0x2, 0xef, 0xff, 0xff, 0xfe, 0xdd, 0xdd, 0xb0,
    0x0, 0x0, 0x2d, 0xde, 0xff, 0xf5, 0x0, 0x0,
    0x0, 0x0, 0x0, 0x0, 0x8, 0xff, 0x50, 0x0,
    0x0, 0x0, 0x0, 0x0, 0x0, 0x6, 0xf5, 0x0,
    0x0, 0x0, 0x0, 0x0, 0x0, 0x0, 0x0, 0x0,
    0x0,

    /* U+F077 "" */
    0x0, 0x0, 0x0, 0x4, 0x20, 0x0, 0x0, 0x0,
    0x0, 0x0, 0x0, 0x5f, 0xe2, 0x0, 0x0, 0x0,
    0x0, 0x0, 0x5, 0xff, 0xfe, 0x20, 0x0, 0x0,
    0x0, 0x0, 0x5f, 0xff, 0xff, 0xe3, 0x0, 0x0,
    0x0, 0x6, 0xff, 0xfa, 0xcf, 0xfe, 0x30, 0x0,
    0x0, 0x6f, 0xff, 0x90, 0xc, 0xff, 0xe3, 0x0,
    0x6, 0xff, 0xf9, 0x0, 0x0, 0xcf, 0xfe, 0x30,
    0x5f, 0xff, 0x90, 0x0, 0x0, 0xc, 0xff, 0xe2,
    0xaf, 0xf9, 0x0, 0x0, 0x0, 0x0, 0xcf, 0xf6,
    0x1b, 0x80, 0x0, 0x0, 0x0, 0x0, 0xb, 0x90,

    /* U+F078 "" */
    0x3, 0x20, 0x0, 0x0, 0x0, 0x0, 0x3, 0x20,
    0x6f, 0xe2, 0x0, 0x0, 0x0, 0x0, 0x5f, 0xf2,
    0xaf, 0xfe, 0x30, 0x0, 0x0, 0x5, 0xff, 0xf6,
    0x1c, 0xff, 0xe3, 0x0, 0x0, 0x5f, 0xff, 0x90,
    0x1, 0xcf, 0xfe, 0x30, 0x5, 0xff, 0xf9, 0x0,
    0x0, 0x1c, 0xff, 0xe3, 0x5f, 0xff, 0x90, 0x0,
    0x0, 0x1, 0xcf, 0xff, 0xff, 0xf9, 0x0, 0x0,
    0x0, 0x0, 0x1c, 0xff, 0xff, 0x90, 0x0, 0x0,
    0x0, 0x0, 0x1, 0xcf, 0xf9, 0x0, 0x0, 0x0,
    0x0, 0x0, 0x0, 0x1b, 0x90, 0x0, 0x0, 0x0,

    /* U+F079 "" */
    0x0, 0x0, 0x26, 0x0, 0x0, 0x0, 0x0, 0x0,
    0x0, 0x0, 0x0, 0x0, 0x0, 0x2, 0xef, 0xa0,
    0x0, 0x44, 0x44, 0x44, 0x44, 0x42, 0x0, 0x0,
    0x0, 0x2e, 0xff, 0xfa, 0x4, 0xff, 0xff, 0xff,
    0xff, 0xfd, 0x0, 0x0, 0x3, 0xef, 0xff, 0xff,
    0xa0, 0xaf, 0xff, 0xff, 0xff, 0xfe, 0x0, 0x0,
    0xe, 0xfd, 0xef, 0xcf, 0xf8, 0x0, 0x0, 0x0,
    0x5, 0xfe, 0x0, 0x0, 0xb, 0xe2, 0xdf, 0x67,
    0xf5, 0x0, 0x0, 0x0, 0x5, 0xfe, 0x0, 0x0,
    0x0, 0x0, 0xdf, 0x60, 0x0, 0x0, 0x0, 0x0,
    0x5, 0xfe, 0x0, 0x0, 0x0, 0x0, 0xdf, 0x60,
    0x0, 0x0, 0x0, 0x0, 0x5, 0xfe, 0x0, 0x0,
    0x0, 0x0, 0xdf, 0x60, 0x0, 0x0, 0x0, 0x4,
    0x15, 0xfe, 0x3, 0x20, 0x0, 0x0, 0xdf, 0x60,
    0x0, 0x0, 0x0, 0x6f, 0xd6, 0xfe, 0x4f, 0xf1,
    0x0, 0x0, 0xdf, 0x94, 0x44, 0x44, 0x41, 0x3f,
    0xff, 0xff, 0xff, 0xc0, 0x0, 0x0, 0xdf, 0xff,
    0xff, 0xff, 0xff, 0x24, 0xff, 0xff, 0xfc, 0x10,
    0x0, 0x0, 0x9f, 0xff, 0xff, 0xff, 0xfe, 0x30,
    0x4f, 0xff, 0xc0, 0x0, 0x0, 0x0, 0x0, 0x0,
    0x0, 0x0, 0x0, 0x0, 0x4, 0xfc, 0x0, 0x0,
    0x0, 0x0, 0x0, 0x0, 0x0, 0x0, 0x0, 0x0,
    0x0, 0x10, 0x0, 0x0,

    /* U+F07B "" */
    0x17, 0x88, 0x88, 0x84, 0x0, 0x0, 0x0, 0x0,
    0x0, 0xcf, 0xff, 0xff, 0xff, 0x50, 0x0, 0x0,
    0x0, 0x0, 0xff, 0xff, 0xff, 0xff, 0xf6, 0x44,
    0x44, 0x44, 0x30, 0xff, 0xff, 0xff, 0xff, 0xff,
    0xff, 0xff, 0xff, 0xfa, 0xff, 0xff, 0xff, 0xff,
    0xff, 0xff, 0xff, 0xff, 0xff, 0xff, 0xff, 0xff,
    0xff, 0xff, 0xff, 0xff, 0xff, 0xff, 0xff, 0xff,
    0xff, 0xff, 0xff, 0xff, 0xff, 0xff, 0xff, 0xff,
    0xff, 0xff, 0xff, 0xff, 0xff, 0xff, 0xff, 0xff,
    0xff, 0xff, 0xff, 0xff, 0xff, 0xff, 0xff, 0xff,
    0xff, 0xff, 0xff, 0xff, 0xff, 0xff, 0xff, 0xff,
    0xff, 0xff, 0xff, 0xff, 0xff, 0xff, 0xff, 0xff,
    0xff, 0xff, 0xff, 0xff, 0xff, 0xff, 0xff, 0xff,
    0xff, 0xff, 0xff, 0xff, 0xff, 0xff, 0xff, 0xff,
    0xff, 0xff, 0xff, 0xff, 0xff, 0x7f, 0xff, 0xff,
    0xff, 0xff, 0xff, 0xff, 0xff, 0xf6,

    /* U+F093 "" */
    0x0, 0x0, 0x0, 0x0, 0x47, 0x0, 0x0, 0x0,
    0x0, 0x0, 0x0, 0x0, 0x4, 0xff, 0x90, 0x0,
    0x0, 0x0, 0x0, 0x0, 0x0, 0x4f, 0xff, 0xf9,
    0x0, 0x0, 0x0, 0x0, 0x0, 0x4, 0xff, 0xff,
    0xff, 0x90, 0x0, 0x0, 0x0, 0x0, 0x4f, 0xff,
    0xff, 0xff, 0xf9, 0x0, 0x0, 0x0, 0x4, 0xff,
    0xff, 0xff, 0xff, 0xff, 0x90, 0x0, 0x0, 0xc,
    0xff, 0xff, 0xff, 0xff, 0xff, 0xf1, 0x0, 0x0,
    0x0, 0x11, 0x2f, 0xff, 0xf7, 0x11, 0x10, 0x0,
    0x0, 0x0, 0x0, 0x1f, 0xff, 0xf6, 0x0, 0x0,
    0x0, 0x0, 0x0, 0x0, 0x1f, 0xff, 0xf6, 0x0,
    0x0, 0x0, 0x0, 0x0, 0x0, 0x1f, 0xff, 0xf6,
    0x0, 0x0, 0x0, 0x0, 0x0, 0x0, 0x1f, 0xff,
    0xf6, 0x0, 0x0, 0x0, 0x24, 0x44, 0x42, 0x1f,
    0xff, 0xf6, 0x24, 0x44, 0x42, 0xff, 0xff, 0xfc,
    0x8, 0xbb, 0xa2, 0xcf, 0xff, 0xff, 0xff, 0xff,
    0xff, 0xa5, 0x55, 0x5a, 0xff, 0xff, 0xff, 0xff,
    0xff, 0xff, 0xff, 0xff, 0xff, 0xff, 0xff, 0xff,
    0xff, 0xff, 0xff, 0xff, 0xff, 0xff, 0x66, 0xc4,
    0xff, 0xdf, 0xff, 0xff, 0xff, 0xff, 0xff, 0xff,
    0xff, 0xfd, 0x0, 0x0, 0x0, 0x0, 0x0, 0x0,
    0x0, 0x0, 0x0,

    /* U+F095 "" */
    0x0, 0x0, 0x0, 0x0, 0x0, 0x0, 0x2, 0xb8,
    0x41, 0x0, 0x0, 0x0, 0x0, 0x0, 0x0, 0x0,
    0x9f, 0xff, 0xfb, 0x0, 0x0, 0x0, 0x0, 0x0,
    0x0, 0x1f, 0xff, 0xff, 0xf0, 0x0, 0x0, 0x0,
    0x0, 0x0, 0x7, 0xff, 0xff, 0xfe, 0x0, 0x0,
    0x0, 0x0, 0x0, 0x0, 0xdf, 0xff, 0xff, 0xc0,
    0x0, 0x0, 0x0, 0x0, 0x0, 0xc, 0xff, 0xff,
    0xf9, 0x0, 0x0, 0x0, 0x0, 0x0, 0x0, 0xa,
    0xff, 0xff, 0x50, 0x0, 0x0, 0x0, 0x0, 0x0,
    0x0, 0xc, 0xff, 0xf1, 0x0, 0x0, 0x0, 0x0,
    0x0, 0x0, 0x3, 0xff, 0xfa, 0x0, 0x0, 0x0,
    0x0, 0x0, 0x0, 0x0, 0xdf, 0xff, 0x20, 0x0,
    0x0, 0x0, 0x0, 0x0, 0x0, 0xaf, 0xff, 0x90,
    0x0, 0x0, 0x4, 0xa5, 0x0, 0x0, 0xaf, 0xff,
    0xd0, 0x0, 0x0, 0x7d, 0xff, 0xf4, 0x2, 0xcf,
    0xff, 0xe2, 0x0, 0x0, 0xdf, 0xff, 0xff, 0xe9,
    0xff, 0xff, 0xf3, 0x0, 0x0, 0xd, 0xff, 0xff,
    0xff, 0xff, 0xff, 0xe2, 0x0, 0x0, 0x0, 0x9f,
    0xff, 0xff, 0xff, 0xff, 0xa1, 0x0, 0x0, 0x0,
    0x6, 0xff, 0xff, 0xff, 0xfc, 0x40, 0x0, 0x0,
    0x0, 0x0, 0x2f, 0xff, 0xfd, 0x83, 0x0, 0x0,
    0x0, 0x0, 0x0, 0x0, 0x23, 0x20, 0x0, 0x0,
    0x0, 0x0, 0x0, 0x0, 0x0,

    /* U+F0C4 "" */
    0x0, 0x35, 0x20, 0x0, 0x0, 0x0, 0x0, 0x0,
    0x1c, 0xff, 0xfa, 0x0, 0x0, 0x1, 0x9c, 0xa1,
    0xaf, 0xfe, 0xff, 0x60, 0x0, 0x2e, 0xff, 0xf9,
    0xef, 0x60, 0xaf, 0xb0, 0x3, 0xef, 0xff, 0xb0,
    0xef, 0x92, 0xcf, 0x90, 0x3e, 0xff, 0xfa, 0x0,
    0x7f, 0xff, 0xff, 0xe6, 0xff, 0xff, 0xa0, 0x0,
    0x8, 0xff, 0xff, 0xff, 0xff, 0xfa, 0x0, 0x0,
    0x0, 0x1, 0xcf, 0xff, 0xff, 0xa0, 0x0, 0x0,
    0x0, 0x0, 0x3f, 0xff, 0xff, 0x10, 0x0, 0x0,
    0x0, 0x36, 0xef, 0xff, 0xff, 0xd1, 0x0, 0x0,
    0x1c, 0xff, 0xff, 0xff, 0xff, 0xfd, 0x10, 0x0,
    0xaf, 0xfe, 0xff, 0xc2, 0xdf, 0xff, 0xd1, 0x0,
    0xef, 0x60, 0xaf, 0xa0, 0x1c, 0xff, 0xfe, 0x20,
    0xef, 0x92, 0xcf, 0xa0, 0x0, 0xcf, 0xff, 0xe2,
    0x7f, 0xff, 0xff, 0x40, 0x0, 0xb, 0xff, 0xf9,
    0x8, 0xff, 0xe5, 0x0, 0x0, 0x0, 0x58, 0x50,
    0x0, 0x1, 0x0, 0x0, 0x0, 0x0, 0x0, 0x0,

    /* U+F0C5 "" */
    0x0, 0x0, 0x6f, 0xff, 0xff, 0xf1, 0x68, 0x0,
    0x0, 0x0, 0xaf, 0xff, 0xff, 0xf1, 0x7f, 0x80,
    0x0, 0x0, 0xaf, 0xff, 0xff, 0xf1, 0x7f, 0xf8,
    0x36, 0x62, 0xaf, 0xff, 0xff, 0xf1, 0x36, 0x66,
    0xff, 0xf6, 0xaf, 0xff, 0xff, 0xf6, 0x22, 0x22,
    0xff, 0xf6, 0xaf, 0xff, 0xff, 0xff, 0xff, 0xfe,
    0xff, 0xf6, 0xaf, 0xff, 0xff, 0xff, 0xff, 0xfe,
    0xff, 0xf6, 0xaf, 0xff, 0xff, 0xff, 0xff, 0xfe,
    0xff, 0xf6, 0xaf, 0xff, 0xff, 0xff, 0xff, 0xfe,
    0xff, 0xf6, 0xaf, 0xff, 0xff, 0xff, 0xff, 0xfe,
    0xff, 0xf6, 0xaf, 0xff, 0xff, 0xff, 0xff, 0xfe,
    0xff, 0xf6, 0xaf, 0xff, 0xff, 0xff, 0xff, 0xfe,
    0xff, 0xf6, 0xaf, 0xff, 0xff, 0xff, 0xff, 0xfe,
    0xff, 0xf6, 0xaf, 0xff, 0xff, 0xff, 0xff, 0xfe,
    0xff, 0xf7, 0x6f, 0xff, 0xff, 0xff, 0xff, 0xfa,
    0xff, 0xfe, 0x30, 0x0, 0x0, 0x0, 0x0, 0x0,
    0xff, 0xff, 0xff, 0xff, 0xff, 0xf1, 0x0, 0x0,
    0xef, 0xff, 0xff, 0xff, 0xff, 0xf0, 0x0, 0x0,
    0x14, 0x44, 0x44, 0x44, 0x44, 0x20, 0x0, 0x0,

    /* U+F0C7 "" */
    0x5, 0x66, 0x66, 0x66, 0x66, 0x64, 0x0, 0x0,
    0xcf, 0xff, 0xff, 0xff, 0xff, 0xff, 0x90, 0x0,
    0xff, 0xed, 0xdd, 0xdd, 0xdd, 0xef, 0xf9, 0x0,
    0xff, 0x40, 0x0, 0x0, 0x0, 0xf, 0xff, 0x90,
    0xff, 0x40, 0x0, 0x0, 0x0, 0xe, 0xff, 0xf6,
    0xff, 0x40, 0x0, 0x0, 0x0, 0xe, 0xff, 0xf9,
    0xff, 0x40, 0x0, 0x0, 0x0, 0xf, 0xff, 0xf9,
    0xff, 0xff, 0xff, 0xff, 0xff, 0xff, 0xff, 0xf9,
    0xff, 0xff, 0xff, 0xff, 0xff, 0xff, 0xff, 0xf9,
    0xff, 0xff, 0xff, 0xc5, 0x7f, 0xff, 0xff, 0xf9,
    0xff, 0xff, 0xfe, 0x0, 0x5, 0xff, 0xff, 0xf9,
    0xff, 0xff, 0xfa, 0x0, 0x1, 0xff, 0xff, 0xf9,
    0xff, 0xff, 0xfd, 0x0, 0x4, 0xff, 0xff, 0xf9,
    0xff, 0xff, 0xff, 0x93, 0x4d, 0xff, 0xff, 0xf9,
    0xff, 0xff, 0xff, 0xff, 0xff, 0xff, 0xff, 0xf8,
    0x8f, 0xff, 0xff, 0xff, 0xff, 0xff, 0xff, 0xe3,
    0x1, 0x22, 0x22, 0x22, 0x22, 0x22, 0x21, 0x0,

    /* U+F0C9 "" */
    0x79, 0x99, 0x99, 0x99, 0x99, 0x99, 0x99, 0x95,
    0xff, 0xff, 0xff, 0xff, 0xff, 0xff, 0xff, 0xfc,
    0xdf, 0xff, 0xff, 0xff, 0xff, 0xff, 0xff, 0xfa,
    0x0, 0x0, 0x0, 0x0, 0x0, 0x0, 0x0, 0x0,
    0x0, 0x0, 0x0, 0x0, 0x0, 0x0, 0x0, 0x0,
    0x0, 0x0, 0x0, 0x0, 0x0, 0x0, 0x0, 0x0,
    0xef, 0xff, 0xff, 0xff, 0xff, 0xff, 0xff, 0xfa,
    0xff, 0xff, 0xff, 0xff, 0xff, 0xff, 0xff, 0xfb,
    0x68, 0x88, 0x88, 0x88, 0x88, 0x88, 0x88, 0x84,
    0x0, 0x0, 0x0, 0x0, 0x0, 0x0, 0x0, 0x0,
    0x0, 0x0, 0x0, 0x0, 0x0, 0x0, 0x0, 0x0,
    0x67, 0x77, 0x77, 0x77, 0x77, 0x77, 0x77, 0x74,
    0xff, 0xff, 0xff, 0xff, 0xff, 0xff, 0xff, 0xfb,
    0xef, 0xff, 0xff, 0xff, 0xff, 0xff, 0xff, 0xfa,
    0x0, 0x0, 0x0, 0x0, 0x0, 0x0, 0x0, 0x0,

    /* U+F0E0 "" */
    0x3, 0x44, 0x44, 0x44, 0x44, 0x44, 0x44, 0x44,
    0x30, 0xaf, 0xff, 0xff, 0xff, 0xff, 0xff, 0xff,
    0xff, 0xfa, 0xff, 0xff, 0xff, 0xff, 0xff, 0xff,
    0xff, 0xff, 0xff, 0xcf, 0xff, 0xff, 0xff, 0xff,
    0xff, 0xff, 0xff, 0xfc, 0xa, 0xff, 0xff, 0xff,
    0xff, 0xff, 0xff, 0xff, 0xa0, 0xa1, 0x6f, 0xff,
    0xff, 0xff, 0xff, 0xff, 0xf6, 0x3d, 0xfe, 0x42,
    0xdf, 0xff, 0xff, 0xff, 0xfd, 0x26, 0xff, 0xff,
    0xf9, 0x19, 0xff, 0xff, 0xff, 0x91, 0xbf, 0xff,
    0xff, 0xff, 0xd3, 0x5f, 0xff, 0xe5, 0x4e, 0xff,
    0xff, 0xff, 0xff, 0xff, 0x71, 0x99, 0x17, 0xff,
    0xff, 0xff, 0xff, 0xff, 0xff, 0xfd, 0x77, 0xdf,
    0xff, 0xff, 0xff, 0xff, 0xff, 0xff, 0xff, 0xff,
    0xff, 0xff, 0xff, 0xff, 0xff, 0xff, 0xff, 0xff,
    0xff, 0xff, 0xff, 0xff, 0xff, 0x7f, 0xff, 0xff,
    0xff, 0xff, 0xff, 0xff, 0xff, 0xf6,

    /* U+F0E7 "" */
    0x0, 0xaf, 0xff, 0xff, 0xa0, 0x0, 0x0, 0xf,
    0xff, 0xff, 0xfb, 0x0, 0x0, 0x1, 0xff, 0xff,
    0xff, 0x60, 0x0, 0x0, 0x3f, 0xff, 0xff, 0xf1,
    0x0, 0x0, 0x5, 0xff, 0xff, 0xfb, 0x0, 0x0,
    0x0, 0x8f, 0xff, 0xff, 0xa5, 0x55, 0x40, 0xa,
    0xff, 0xff, 0xff, 0xff, 0xff, 0x30, 0xcf, 0xff,
    0xff, 0xff, 0xff, 0xc0, 0xe, 0xff, 0xff, 0xff,
    0xff, 0xf3, 0x0, 0xef, 0xff, 0xff, 0xff, 0xfa,
    0x0, 0x1, 0x22, 0x23, 0xff, 0xff, 0x10, 0x0,
    0x0, 0x0, 0x4f, 0xff, 0x70, 0x0, 0x0, 0x0,
    0x8, 0xff, 0xe0, 0x0, 0x0, 0x0, 0x0, 0xcf,
    0xf5, 0x0, 0x0, 0x0, 0x0, 0xf, 0xfc, 0x0,
    0x0, 0x0, 0x0, 0x3, 0xff, 0x30, 0x0, 0x0,
    0x0, 0x0, 0x7f, 0x90, 0x0, 0x0, 0x0, 0x0,
    0x7, 0xe1, 0x0, 0x0, 0x0, 0x0, 0x0, 0x0,
    0x0, 0x0, 0x0, 0x0,

    /* U+F0EA "" */
    0x0, 0x0, 0x8d, 0x90, 0x0, 0x0, 0x0, 0x0,
    0x8b, 0xbc, 0xfa, 0xfd, 0xbb, 0x90, 0x0, 0x0,
    0xff, 0xff, 0xd0, 0xcf, 0xff, 0xf1, 0x0, 0x0,
    0xff, 0xff, 0xf8, 0xff, 0xff, 0xf1, 0x0, 0x0,
    0xff, 0xff, 0xff, 0xff, 0xff, 0xf1, 0x0, 0x0,
    0xff, 0xff, 0xf3, 0x0, 0x0, 0x0, 0x0, 0x0,
    0xff, 0xff, 0x95, 0xff, 0xff, 0xf1, 0x79, 0x0,
    0xff, 0xff, 0x88, 0xff, 0xff, 0xf1, 0x7f, 0xb0,
    0xff, 0xff, 0x88, 0xff, 0xff, 0xf1, 0x7f, 0xfa,
    0xff, 0xff, 0x88, 0xff, 0xff, 0xf2, 0x2, 0x21,
    0xff, 0xff, 0x88, 0xff, 0xff, 0xff, 0xdd, 0xdc,
    0xff, 0xff, 0x88, 0xff, 0xff, 0xff, 0xff, 0xfe,
    0xff, 0xff, 0x88, 0xff, 0xff, 0xff, 0xff, 0xfe,
    0xff, 0xff, 0x88, 0xff, 0xff, 0xff, 0xff, 0xfe,
    0x7a, 0xaa, 0x58, 0xff, 0xff, 0xff, 0xff, 0xfe,
    0x0, 0x0, 0x8, 0xff, 0xff, 0xff, 0xff, 0xfe,
    0x0, 0x0, 0x8, 0xff, 0xff, 0xff, 0xff, 0xfe,
    0x0, 0x0, 0x6, 0xff, 0xff, 0xff, 0xff, 0xfc,
    0x0, 0x0, 0x0, 0x0, 0x0, 0x0, 0x0, 0x0,

    /* U+F0F3 "" */
    0x0, 0x0, 0x0, 0x8, 0x60, 0x0, 0x0, 0x0,
    0x0, 0x0, 0x0, 0x3f, 0xf0, 0x0, 0x0, 0x0,
    0x0, 0x0, 0x6, 0xcf, 0xfa, 0x40, 0x0, 0x0,
    0x0, 0x1, 0xcf, 0xff, 0xff, 0xf9, 0x0, 0x0,
    0x0, 0xc, 0xff, 0xff, 0xff, 0xff, 0x80, 0x0,
    0x0, 0x5f, 0xff, 0xff, 0xff, 0xff, 0xf1, 0x0,
    0x0, 0x9f, 0xff, 0xff, 0xff, 0xff, 0xf5, 0x0,
    0x0, 0xbf, 0xff, 0xff, 0xff, 0xff, 0xf7, 0x0,
    0x0, 0xcf, 0xff, 0xff, 0xff, 0xff, 0xf8, 0x0,
    0x0, 0xef, 0xff, 0xff, 0xff, 0xff, 0xfa, 0x0,
    0x2, 0xff, 0xff, 0xff, 0xff, 0xff, 0xfe, 0x0,
    0x8, 0xff, 0xff, 0xff, 0xff, 0xff, 0xff, 0x40,
    0x3f, 0xff, 0xff, 0xff, 0xff, 0xff, 0xff, 0xd1,
    0xef, 0xff, 0xff, 0xff, 0xff, 0xff, 0xff, 0xfa,
    0xaf, 0xff, 0xff, 0xff, 0xff, 0xff, 0xff, 0xf7,
    0x0, 0x0, 0x0, 0x0, 0x0, 0x0, 0x0, 0x0,
    0x0, 0x0, 0x4, 0xff, 0xff, 0x0, 0x0, 0x0,
    0x0, 0x0, 0x0, 0xbf, 0xf7, 0x0, 0x0, 0x0,
    0x0, 0x0, 0x0, 0x2, 0x10, 0x0, 0x0, 0x0,

    /* U+F11C "" */
    0x4, 0x44, 0x44, 0x44, 0x44, 0x44, 0x44, 0x44,
    0x44, 0x41, 0xb, 0xff, 0xff, 0xff, 0xff, 0xff,
    0xff, 0xff, 0xff, 0xff, 0xe0, 0xff, 0xff, 0xff,
    0xff, 0xff, 0xff, 0xff, 0xff, 0xff, 0xff, 0x3f,
    0xf4, 0x4, 0xd0, 0x2f, 0x0, 0xf3, 0x3, 0xf0,
    0xf, 0xf4, 0xff, 0x40, 0x5d, 0x2, 0xf0, 0xf,
    0x40, 0x4f, 0x0, 0xff, 0x4f, 0xff, 0xff, 0xff,
    0xff, 0xff, 0xff, 0xff, 0xff, 0xff, 0xf4, 0xff,
    0xff, 0x22, 0xb7, 0x29, 0xa2, 0x4f, 0x42, 0xcf,
    0xff, 0x4f, 0xff, 0xf0, 0xa, 0x60, 0x79, 0x2,
    0xf2, 0xb, 0xff, 0xf4, 0xff, 0xff, 0xdd, 0xfe,
    0xdf, 0xfd, 0xef, 0xed, 0xff, 0xff, 0x4f, 0xf8,
    0x48, 0xe4, 0x44, 0x44, 0x44, 0x47, 0xf4, 0x5f,
    0xf4, 0xff, 0x40, 0x4d, 0x0, 0x0, 0x0, 0x0,
    0x3e, 0x0, 0xff, 0x4f, 0xf7, 0x48, 0xe4, 0x44,
    0x44, 0x44, 0x47, 0xf4, 0x4f, 0xf4, 0xff, 0xff,
    0xff, 0xff, 0xff, 0xff, 0xff, 0xff, 0xff, 0xff,
    0x37, 0xff, 0xff, 0xff, 0xff, 0xff, 0xff, 0xff,
    0xff, 0xff, 0xa0,

    /* U+F124 "" */
    0x0, 0x0, 0x0, 0x0, 0x0, 0x0, 0x0, 0x0,
    0x0, 0x0, 0x0, 0x0, 0x0, 0x0, 0x0, 0x0,
    0x0, 0x1, 0x8b, 0x30, 0x0, 0x0, 0x0, 0x0,
    0x0, 0x0, 0x2, 0xaf, 0xff, 0xd0, 0x0, 0x0,
    0x0, 0x0, 0x0, 0x3, 0xbf, 0xff, 0xff, 0xd0,
    0x0, 0x0, 0x0, 0x0, 0x5, 0xcf, 0xff, 0xff,
    0xff, 0x70, 0x0, 0x0, 0x0, 0x6, 0xdf, 0xff,
    0xff, 0xff, 0xfe, 0x0, 0x0, 0x0, 0x17, 0xef,
    0xff, 0xff, 0xff, 0xff, 0xf8, 0x0, 0x0, 0x29,
    0xff, 0xff, 0xff, 0xff, 0xff, 0xff, 0xf1, 0x0,
    0x7, 0xff, 0xff, 0xff, 0xff, 0xff, 0xff, 0xff,
    0x90, 0x0, 0xf, 0xff, 0xff, 0xff, 0xff, 0xff,
    0xff, 0xff, 0x20, 0x0, 0xb, 0xff, 0xff, 0xff,
    0xff, 0xff, 0xff, 0xfb, 0x0, 0x0, 0x0, 0x56,
    0x66, 0x66, 0x7f, 0xff, 0xff, 0xf3, 0x0, 0x0,
    0x0, 0x0, 0x0, 0x0, 0x2f, 0xff, 0xff, 0xc0,
    0x0, 0x0, 0x0, 0x0, 0x0, 0x0, 0x2f, 0xff,
    0xff, 0x50, 0x0, 0x0, 0x0, 0x0, 0x0, 0x0,
    0x2f, 0xff, 0xfd, 0x0, 0x0, 0x0, 0x0, 0x0,
    0x0, 0x0, 0x2f, 0xff, 0xf6, 0x0, 0x0, 0x0,
    0x0, 0x0, 0x0, 0x0, 0x2f, 0xff, 0xe0, 0x0,
    0x0, 0x0, 0x0, 0x0, 0x0, 0x0, 0x1f, 0xff,
    0x70, 0x0, 0x0, 0x0, 0x0, 0x0, 0x0, 0x0,
    0xc, 0xfd, 0x0, 0x0, 0x0, 0x0, 0x0, 0x0,
    0x0, 0x0, 0x0, 0x30, 0x0, 0x0, 0x0, 0x0,

    /* U+F15B "" */
    0x58, 0x88, 0x88, 0x87, 0x6, 0x0, 0x0, 0xff,
    0xff, 0xff, 0xfe, 0xf, 0x90, 0x0, 0xff, 0xff,
    0xff, 0xfe, 0xf, 0xf9, 0x0, 0xff, 0xff, 0xff,
    0xfe, 0xf, 0xff, 0x90, 0xff, 0xff, 0xff, 0xfe,
    0xf, 0xff, 0xf5, 0xff, 0xff, 0xff, 0xff, 0x32,
    0x22, 0x21, 0xff, 0xff, 0xff, 0xff, 0xff, 0xff,
    0xf8, 0xff, 0xff, 0xff, 0xff, 0xff, 0xff, 0xf8,
    0xff, 0xff, 0xff, 0xff, 0xff, 0xff, 0xf8, 0xff,
    0xff, 0xff, 0xff, 0xff, 0xff, 0xf8, 0xff, 0xff,
    0xff, 0xff, 0xff, 0xff, 0xf8, 0xff, 0xff, 0xff,
    0xff, 0xff, 0xff, 0xf8, 0xff, 0xff, 0xff, 0xff,
    0xff, 0xff, 0xf8, 0xff, 0xff, 0xff, 0xff, 0xff,
    0xff, 0xf8, 0xff, 0xff, 0xff, 0xff, 0xff, 0xff,
    0xf8, 0xff, 0xff, 0xff, 0xff, 0xff, 0xff, 0xf8,
    0xff, 0xff, 0xff, 0xff, 0xff, 0xff, 0xf8, 0xef,
    0xff, 0xff, 0xff, 0xff, 0xff, 0xf6, 0x14, 0x44,
    0x44, 0x44, 0x44, 0x44, 0x30,

    /* U+F1EB "" */
    0x0, 0x0, 0x0, 0x0, 0x0, 0x0, 0x0, 0x0,
    0x0, 0x0, 0x0, 0x0, 0x0, 0x0, 0x0, 0x36,
    0x89, 0xa9, 0x74, 0x10, 0x0, 0x0, 0x0, 0x0,
    0x0, 0x29, 0xef, 0xff, 0xff, 0xff, 0xff, 0xc6,
    0x0, 0x0, 0x0, 0x1, 0xaf, 0xff, 0xff, 0xff,
    0xff, 0xff, 0xff, 0xfe, 0x60, 0x0, 0x6, 0xff,
    0xff, 0xfc, 0x75, 0x43, 0x46, 0x9e, 0xff, 0xff,
    0xb1, 0x8, 0xff, 0xfe, 0x71, 0x0, 0x0, 0x0,
    0x0, 0x3, 0xcf, 0xff, 0xe2, 0xcf, 0xfa, 0x10,
    0x0, 0x0, 0x0, 0x0, 0x0, 0x0, 0x4e, 0xff,
    0x40, 0xb6, 0x0, 0x0, 0x59, 0xde, 0xfe, 0xc7,
    0x20, 0x0, 0x1b, 0x50, 0x0, 0x0, 0x5, 0xdf,
    0xff, 0xff, 0xff, 0xff, 0xa1, 0x0, 0x0, 0x0,
    0x0, 0x9, 0xff, 0xff, 0xfe, 0xde, 0xff, 0xff,
    0xe3, 0x0, 0x0, 0x0, 0x0, 0xdf, 0xfc, 0x40,
    0x0, 0x2, 0x8f, 0xff, 0x50, 0x0, 0x0, 0x0,
    0x1, 0xb6, 0x0, 0x0, 0x0, 0x0, 0x1b, 0x60,
    0x0, 0x0, 0x0, 0x0, 0x0, 0x0, 0x0, 0x35,
    0x0, 0x0, 0x0, 0x0, 0x0, 0x0, 0x0, 0x0,
    0x0, 0x0, 0x7f, 0xfe, 0x10, 0x0, 0x0, 0x0,
    0x0, 0x0, 0x0, 0x0, 0x0, 0xe, 0xff, 0xf6,
    0x0, 0x0, 0x0, 0x0, 0x0, 0x0, 0x0, 0x0,
    0x0, 0xdf, 0xff, 0x50, 0x0, 0x0, 0x0, 0x0,
    0x0, 0x0, 0x0, 0x0, 0x4, 0xff, 0xb0, 0x0,
    0x0, 0x0, 0x0, 0x0, 0x0, 0x0, 0x0, 0x0,
    0x0, 0x10, 0x0, 0x0, 0x0, 0x0, 0x0,

    /* U+F240 "" */
    0x4, 0x44, 0x44, 0x44, 0x44, 0x44, 0x44, 0x44,
    0x44, 0x44, 0x10, 0xa, 0xff, 0xff, 0xff, 0xff,
    0xff, 0xff, 0xff, 0xff, 0xff, 0xfe, 0x10, 0xff,
    0xff, 0xff, 0xff, 0xff, 0xff, 0xff, 0xff, 0xff,
    0xff, 0xf5, 0xf, 0xf4, 0x0, 0x0, 0x0, 0x0,
    0x0, 0x0, 0x0, 0x0, 0xff, 0xf3, 0xff, 0x4a,
    0xff, 0xff, 0xff, 0xff, 0xff, 0xff, 0xff, 0xf,
    0xff, 0x5f, 0xf4, 0xaf, 0xff, 0xff, 0xff, 0xff,
    0xff, 0xff, 0xf0, 0x3f, 0xf5, 0xff, 0x4a, 0xff,
    0xff, 0xff, 0xff, 0xff, 0xff, 0xff, 0x0, 0xef,
    0x5f, 0xf4, 0xaf, 0xff, 0xff, 0xff, 0xff, 0xff,
    0xff, 0xf0, 0x8f, 0xf5, 0xff, 0x45, 0x88, 0x88,
    0x88, 0x88, 0x88, 0x88, 0x88, 0xf, 0xff, 0x5f,
    0xf7, 0x44, 0x44, 0x44, 0x44, 0x44, 0x44, 0x44,
    0x45, 0xff, 0xc1, 0xff, 0xff, 0xff, 0xff, 0xff,
    0xff, 0xff, 0xff, 0xff, 0xff, 0xf5, 0x6, 0xef,
    0xff, 0xff, 0xff, 0xff, 0xff, 0xff, 0xff, 0xff,
    0xfb, 0x0,

    /* U+F241 "" */
    0x4, 0x44, 0x44, 0x44, 0x44, 0x44, 0x44, 0x44,
    0x44, 0x44, 0x10, 0xa, 0xff, 0xff, 0xff, 0xff,
    0xff, 0xff, 0xff, 0xff, 0xff, 0xfe, 0x10, 0xff,
    0xff, 0xff, 0xff, 0xff, 0xff, 0xff, 0xff, 0xff,
    0xff, 0xf5, 0xf, 0xf4, 0x0, 0x0, 0x0, 0x0,
    0x0, 0x0, 0x0, 0x0, 0xff, 0xf3, 0xff, 0x4d,
    0xff, 0xff, 0xff, 0xff, 0xff, 0x60, 0x0, 0xf,
    0xff, 0x5f, 0xf4, 0xdf, 0xff, 0xff, 0xff, 0xff,
    0xf6, 0x0, 0x0, 0x3f, 0xf5, 0xff, 0x4d, 0xff,
    0xff, 0xff, 0xff, 0xff, 0x60, 0x0, 0x0, 0xef,
    0x5f, 0xf4, 0xdf, 0xff, 0xff, 0xff, 0xff, 0xf6,
    0x0, 0x0, 0x8f, 0xf5, 0xff, 0x46, 0x88, 0x88,
    0x88, 0x88, 0x88, 0x30, 0x0, 0xf, 0xff, 0x5f,
    0xf7, 0x44, 0x44, 0x44, 0x44, 0x44, 0x44, 0x44,
    0x45, 0xff, 0xc1, 0xff, 0xff, 0xff, 0xff, 0xff,
    0xff, 0xff, 0xff, 0xff, 0xff, 0xf5, 0x6, 0xef,
    0xff, 0xff, 0xff, 0xff, 0xff, 0xff, 0xff, 0xff,
    0xfb, 0x0,

    /* U+F242 "" */
    0x4, 0x44, 0x44, 0x44, 0x44, 0x44, 0x44, 0x44,
    0x44, 0x44, 0x10, 0xa, 0xff, 0xff, 0xff, 0xff,
    0xff, 0xff, 0xff, 0xff, 0xff, 0xfe, 0x10, 0xff,
    0xff, 0xff, 0xff, 0xff, 0xff, 0xff, 0xff, 0xff,
    0xff, 0xf5, 0xf, 0xf4, 0x0, 0x0, 0x0, 0x0,
    0x0, 0x0, 0x0, 0x0, 0xff, 0xf3, 0xff, 0x4c,
    0xff, 0xff, 0xff, 0xf1, 0x0, 0x0, 0x0, 0xf,
    0xff, 0x5f, 0xf4, 0xcf, 0xff, 0xff, 0xff, 0x10,
    0x0, 0x0, 0x0, 0x3f, 0xf5, 0xff, 0x4c, 0xff,
    0xff, 0xff, 0xf1, 0x0, 0x0, 0x0, 0x0, 0xef,
    0x5f, 0xf4, 0xcf, 0xff, 0xff, 0xff, 0x10, 0x0,
    0x0, 0x0, 0x8f, 0xf5, 0xff, 0x46, 0x88, 0x88,
    0x88, 0x80, 0x0, 0x0, 0x0, 0xf, 0xff, 0x5f,
    0xf7, 0x44, 0x44, 0x44, 0x44, 0x44, 0x44, 0x44,
    0x45, 0xff, 0xc1, 0xff, 0xff, 0xff, 0xff, 0xff,
    0xff, 0xff, 0xff, 0xff, 0xff, 0xf5, 0x6, 0xef,
    0xff, 0xff, 0xff, 0xff, 0xff, 0xff, 0xff, 0xff,
    0xfb, 0x0,

    /* U+F243 "" */
    0x4, 0x44, 0x44, 0x44, 0x44, 0x44, 0x44, 0x44,
    0x44, 0x44, 0x10, 0xa, 0xff, 0xff, 0xff, 0xff,
    0xff, 0xff, 0xff, 0xff, 0xff, 0xfe, 0x10, 0xff,
    0xff, 0xff, 0xff, 0xff, 0xff, 0xff, 0xff, 0xff,
    0xff, 0xf5, 0xf, 0xf4, 0x0, 0x0, 0x0, 0x0,
    0x0, 0x0, 0x0, 0x0, 0xff, 0xf3, 0xff, 0x49,
    0xff, 0xfe, 0x0, 0x0, 0x0, 0x0, 0x0, 0xf,
    0xff, 0x5f, 0xf4, 0x9f, 0xff, 0xe0, 0x0, 0x0,
    0x0, 0x0, 0x0, 0x3f, 0xf5, 0xff, 0x49, 0xff,
    0xfe, 0x0, 0x0, 0x0, 0x0, 0x0, 0x0, 0xef,
    0x5f, 0xf4, 0x9f, 0xff, 0xe0, 0x0, 0x0, 0x0,
    0x0, 0x0, 0x8f, 0xf5, 0xff, 0x44, 0x88, 0x87,
    0x0, 0x0, 0x0, 0x0, 0x0, 0xf, 0xff, 0x5f,
    0xf7, 0x44, 0x44, 0x44, 0x44, 0x44, 0x44, 0x44,
    0x45, 0xff, 0xc1, 0xff, 0xff, 0xff, 0xff, 0xff,
    0xff, 0xff, 0xff, 0xff, 0xff, 0xf5, 0x6, 0xef,
    0xff, 0xff, 0xff, 0xff, 0xff, 0xff, 0xff, 0xff,
    0xfb, 0x0,

    /* U+F244 "" */
    0x4, 0x44, 0x44, 0x44, 0x44, 0x44, 0x44, 0x44,
    0x44, 0x44, 0x10, 0xa, 0xff, 0xff, 0xff, 0xff,
    0xff, 0xff, 0xff, 0xff, 0xff, 0xfe, 0x10, 0xff,
    0xff, 0xff, 0xff, 0xff, 0xff, 0xff, 0xff, 0xff,
    0xff, 0xf5, 0xf, 0xf4, 0x0, 0x0, 0x0, 0x0,
    0x0, 0x0, 0x0, 0x0, 0xff, 0xf3, 0xff, 0x40,
    0x0, 0x0, 0x0, 0x0, 0x0, 0x0, 0x0, 0xf,
    0xff, 0x5f, 0xf4, 0x0, 0x0, 0x0, 0x0, 0x0,
    0x0, 0x0, 0x0, 0x3f, 0xf5, 0xff, 0x40, 0x0,
    0x0, 0x0, 0x0, 0x0, 0x0, 0x0, 0x0, 0xef,
    0x5f, 0xf4, 0x0, 0x0, 0x0, 0x0, 0x0, 0x0,
    0x0, 0x0, 0x8f, 0xf5, 0xff, 0x40, 0x0, 0x0,
    0x0, 0x0, 0x0, 0x0, 0x0, 0xf, 0xff, 0x5f,
    0xf7, 0x44, 0x44, 0x44, 0x44, 0x44, 0x44, 0x44,
    0x45, 0xff, 0xc1, 0xff, 0xff, 0xff, 0xff, 0xff,
    0xff, 0xff, 0xff, 0xff, 0xff, 0xf5, 0x6, 0xef,
    0xff, 0xff, 0xff, 0xff, 0xff, 0xff, 0xff, 0xff,
    0xfb, 0x0,

    /* U+F287 "" */
    0x0, 0x0, 0x0, 0x0, 0x0, 0x0, 0x78, 0x10,
    0x0, 0x0, 0x0, 0x0, 0x0, 0x0, 0x0, 0x0,
    0x26, 0x9f, 0xfd, 0x0, 0x0, 0x0, 0x0, 0x0,
    0x0, 0x0, 0x0, 0x4f, 0xef, 0xff, 0xf0, 0x0,
    0x0, 0x0, 0x0, 0x0, 0x0, 0x0, 0xe, 0x80,
    0x2e, 0xf7, 0x0, 0x0, 0x0, 0x0, 0x0, 0x20,
    0x0, 0x6, 0xe0, 0x0, 0x0, 0x0, 0x0, 0x0,
    0x0, 0x3, 0xef, 0xe3, 0x0, 0xd7, 0x0, 0x0,
    0x0, 0x0, 0x2, 0xa1, 0x0, 0xcf, 0xff, 0xd4,
    0x9f, 0x55, 0x55, 0x55, 0x55, 0x55, 0x7f, 0xf7,
    0xf, 0xff, 0xff, 0xff, 0xff, 0xff, 0xff, 0xff,
    0xff, 0xff, 0xff, 0xf5, 0xaf, 0xff, 0xa0, 0x0,
    0xb, 0xb0, 0x0, 0x0, 0x0, 0x3f, 0xb2, 0x0,
    0x9c, 0x90, 0x0, 0x0, 0x3f, 0x30, 0x0, 0x0,
    0x1, 0x50, 0x0, 0x0, 0x0, 0x0, 0x0, 0x0,
    0xbb, 0x2, 0xbb, 0xb5, 0x0, 0x0, 0x0, 0x0,
    0x0, 0x0, 0x0, 0x2, 0xf9, 0x9f, 0xff, 0x80,
    0x0, 0x0, 0x0, 0x0, 0x0, 0x0, 0x0, 0x3,
    0xbd, 0xff, 0xf8, 0x0, 0x0, 0x0, 0x0, 0x0,
    0x0, 0x0, 0x0, 0x0, 0x3f, 0xff, 0x80, 0x0,
    0x0, 0x0, 0x0, 0x0, 0x0, 0x0, 0x0, 0x0,
    0x0, 0x0, 0x0, 0x0, 0x0,

    /* U+F293 "" */
    0x0, 0x1, 0x7b, 0xdd, 0xb8, 0x20, 0x0, 0x0,
    0x5f, 0xff, 0xdf, 0xff, 0xf6, 0x0, 0x4, 0xff,
    0xff, 0x68, 0xff, 0xff, 0x40, 0xe, 0xff, 0xff,
    0x60, 0x8f, 0xff, 0xd0, 0x4f, 0xff, 0xff, 0x60,
    0x9, 0xff, 0xf3, 0x8f, 0xf6, 0xbf, 0x61, 0xc0,
    0x9f, 0xf7, 0xbf, 0xf6, 0xb, 0x60, 0xe2, 0x5f,
    0xf9, 0xdf, 0xff, 0x50, 0x20, 0x33, 0xff, 0xfb,
    0xef, 0xff, 0xf5, 0x0, 0x2e, 0xff, 0xfc, 0xef,
    0xff, 0xfc, 0x0, 0x7f, 0xff, 0xfc, 0xdf, 0xff,
    0xd1, 0x0, 0x9, 0xff, 0xfc, 0xcf, 0xfc, 0x13,
    0x50, 0x90, 0xaf, 0xfb, 0xaf, 0xf2, 0x4f, 0x60,
    0xf3, 0x2f, 0xf9, 0x6f, 0xfd, 0xff, 0x70, 0x52,
    0xef, 0xf6, 0x1f, 0xff, 0xff, 0x70, 0x2e, 0xff,
    0xf1, 0x9, 0xff, 0xff, 0x72, 0xef, 0xff, 0x90,
    0x0, 0xbf, 0xff, 0xae, 0xff, 0xfd, 0x10, 0x0,
    0x5, 0xcf, 0xff, 0xfd, 0x80, 0x0, 0x0, 0x0,
    0x0, 0x11, 0x0, 0x0, 0x0,

    /* U+F2ED "" */
    0x0, 0x0, 0x5, 0x88, 0x88, 0x30, 0x0, 0x0,
    0x56, 0x66, 0x7f, 0xff, 0xff, 0xe6, 0x66, 0x63,
    0xff, 0xff, 0xff, 0xff, 0xff, 0xff, 0xff, 0xfb,
    0xcd, 0xdd, 0xdd, 0xdd, 0xdd, 0xdd, 0xdd, 0xd8,
    0x3, 0x44, 0x44, 0x44, 0x44, 0x44, 0x44, 0x20,
    0xe, 0xff, 0xff, 0xff, 0xff, 0xff, 0xff, 0xa0,
    0xe, 0xff, 0xff, 0xff, 0xff, 0xff, 0xff, 0xa0,
    0xe, 0xff, 0x1f, 0xf6, 0xaf, 0xc4, 0xff, 0xa0,
    0xe, 0xff, 0xf, 0xf5, 0x9f, 0xb3, 0xff, 0xa0,
    0xe, 0xff, 0xf, 0xf5, 0x9f, 0xb3, 0xff, 0xa0,
    0xe, 0xff, 0xf, 0xf5, 0x9f, 0xb3, 0xff, 0xa0,
    0xe, 0xff, 0xf, 0xf5, 0x9f, 0xb3, 0xff, 0xa0,
    0xe, 0xff, 0xf, 0xf5, 0x9f, 0xb3, 0xff, 0xa0,
    0xe, 0xff, 0xf, 0xf5, 0x9f, 0xb3, 0xff, 0xa0,
    0xe, 0xff, 0xf, 0xf5, 0x9f, 0xb3, 0xff, 0xa0,
    0xe, 0xff, 0x1f, 0xf6, 0xaf, 0xc4, 0xff, 0xa0,
    0xd, 0xff, 0xff, 0xff, 0xff, 0xff, 0xff, 0x90,
    0x8, 0xff, 0xff, 0xff, 0xff, 0xff, 0xff, 0x40,
    0x0, 0x24, 0x44, 0x44, 0x44, 0x44, 0x31, 0x0,

    /* U+F304 "" */
    0x0, 0x0, 0x0, 0x0, 0x0, 0x0, 0x0, 0x8a,
    0x30, 0x0, 0x0, 0x0, 0x0, 0x0, 0x0, 0x0,
    0xbf, 0xff, 0x30, 0x0, 0x0, 0x0, 0x0, 0x0,
    0x0, 0xbf, 0xff, 0xff, 0x30, 0x0, 0x0, 0x0,
    0x0, 0x0, 0x34, 0xff, 0xff, 0xfd, 0x0, 0x0,
    0x0, 0x0, 0x0, 0xbf, 0x44, 0xff, 0xff, 0xe0,
    0x0, 0x0, 0x0, 0x0, 0xbf, 0xff, 0x44, 0xff,
    0xf4, 0x0, 0x0, 0x0, 0x0, 0xbf, 0xff, 0xff,
    0x44, 0xf4, 0x0, 0x0, 0x0, 0x0, 0xbf, 0xff,
    0xff, 0xff, 0x41, 0x0, 0x0, 0x0, 0x0, 0xbf,
    0xff, 0xff, 0xff, 0xf4, 0x0, 0x0, 0x0, 0x0,
    0xbf, 0xff, 0xff, 0xff, 0xf4, 0x0, 0x0, 0x0,
    0x0, 0xbf, 0xff, 0xff, 0xff, 0xf4, 0x0, 0x0,
    0x0, 0x0, 0xbf, 0xff, 0xff, 0xff, 0xf4, 0x0,
    0x0, 0x0, 0x0, 0xbf, 0xff, 0xff, 0xff, 0xf4,
    0x0, 0x0, 0x0, 0x0, 0x8f, 0xff, 0xff, 0xff,
    0xf4, 0x0, 0x0, 0x0, 0x0, 0xa, 0xff, 0xff,
    0xff, 0xf4, 0x0, 0x0, 0x0, 0x0, 0x0, 0xcf,
    0xff, 0xff, 0xf4, 0x0, 0x0, 0x0, 0x0, 0x0,
    0xe, 0xff, 0xff, 0xf4, 0x0, 0x0, 0x0, 0x0,
    0x0, 0x0, 0xff, 0xff, 0xd4, 0x0, 0x0, 0x0,
    0x0, 0x0, 0x0, 0x2, 0x31, 0x0, 0x0, 0x0,
    0x0, 0x0, 0x0, 0x0, 0x0,

    /* U+F55A "" */
    0x0, 0x0, 0x0, 0x57, 0x88, 0x88, 0x88, 0x88,
    0x88, 0x88, 0x72, 0x0, 0x0, 0x0, 0xaf, 0xff,
    0xff, 0xff, 0xff, 0xff, 0xff, 0xff, 0xf2, 0x0,
    0x0, 0xbf, 0xff, 0xff, 0xff, 0xff, 0xff, 0xff,
    0xff, 0xff, 0x70, 0x0, 0xbf, 0xff, 0xff, 0xf8,
    0xaf, 0xff, 0xa8, 0xff, 0xff, 0xf8, 0x0, 0xbf,
    0xff, 0xff, 0xfa, 0x0, 0xaf, 0xa0, 0xa, 0xff,
    0xff, 0x80, 0xbf, 0xff, 0xff, 0xff, 0xf3, 0x0,
    0x60, 0x3, 0xff, 0xff, 0xf8, 0xaf, 0xff, 0xff,
    0xff, 0xff, 0xf3, 0x0, 0x3, 0xff, 0xff, 0xff,
    0x8e, 0xff, 0xff, 0xff, 0xff, 0xff, 0x90, 0x0,
    0x9f, 0xff, 0xff, 0xf8, 0x4f, 0xff, 0xff, 0xff,
    0xff, 0xa0, 0x0, 0x0, 0xaf, 0xff, 0xff, 0x80,
    0x4f, 0xff, 0xff, 0xff, 0xb0, 0x3, 0xe3, 0x0,
    0xbf, 0xff, 0xf8, 0x0, 0x4f, 0xff, 0xff, 0xfe,
    0x13, 0xff, 0xf3, 0x1e, 0xff, 0xff, 0x80, 0x0,
    0x4f, 0xff, 0xff, 0xfe, 0xff, 0xff, 0xfe, 0xff,
    0xff, 0xf7, 0x0, 0x0, 0x4f, 0xff, 0xff, 0xff,
    0xff, 0xff, 0xff, 0xff, 0xff, 0x50, 0x0, 0x0,
    0x3d, 0xff, 0xff, 0xff, 0xff, 0xff, 0xff, 0xff,
    0x90,

    /* U+F7C2 "" */
    0x0, 0x1, 0xcf, 0xff, 0xff, 0xfe, 0x60, 0x0,
    0x1c, 0xff, 0xff, 0xff, 0xff, 0xf2, 0x0, 0xcf,
    0x47, 0xf4, 0xd8, 0x4f, 0xf5, 0xc, 0xff, 0x3,
    0xe0, 0xc5, 0xe, 0xf5, 0xcf, 0xff, 0x3, 0xe0,
    0xc5, 0xe, 0xf5, 0xff, 0xff, 0x24, 0xe2, 0xc6,
    0x2e, 0xf5, 0xff, 0xff, 0xff, 0xff, 0xff, 0xff,
    0xf5, 0xff, 0xff, 0xff, 0xff, 0xff, 0xff, 0xf5,
    0xff, 0xff, 0xff, 0xff, 0xff, 0xff, 0xf5, 0xff,
    0xff, 0xff, 0xff, 0xff, 0xff, 0xf5, 0xff, 0xff,
    0xff, 0xff, 0xff, 0xff, 0xf5, 0xff, 0xff, 0xff,
    0xff, 0xff, 0xff, 0xf5, 0xff, 0xff, 0xff, 0xff,
    0xff, 0xff, 0xf5, 0xff, 0xff, 0xff, 0xff, 0xff,
    0xff, 0xf5, 0xff, 0xff, 0xff, 0xff, 0xff, 0xff,
    0xf5, 0xff, 0xff, 0xff, 0xff, 0xff, 0xff, 0xf5,
    0xef, 0xff, 0xff, 0xff, 0xff, 0xff, 0xf3, 0x5f,
    0xff, 0xff, 0xff, 0xff, 0xff, 0xa0, 0x1, 0x34,
    0x44, 0x44, 0x44, 0x42, 0x0,

    /* U+F8A2 "" */
    0x0, 0x0, 0x0, 0x0, 0x0, 0x0, 0x0, 0x0,
    0x3, 0x0, 0x0, 0x0, 0x0, 0x0, 0x0, 0x0,
    0x0, 0x5, 0xf1, 0x0, 0x0, 0x0, 0x0, 0x0,
    0x0, 0x0, 0x5, 0xff, 0x10, 0x0, 0x3e, 0x90,
    0x0, 0x0, 0x0, 0x0, 0xbf, 0xf1, 0x0, 0x4f,
    0xfb, 0x0, 0x0, 0x0, 0x0, 0xb, 0xff, 0x10,
    0x5f, 0xff, 0xb0, 0x0, 0x0, 0x0, 0x0, 0xbf,
    0xf1, 0x6f, 0xff, 0xff, 0xff, 0xff, 0xff, 0xff,
    0xff, 0xff, 0x1d, 0xff, 0xff, 0xff, 0xff, 0xff,
    0xff, 0xff, 0xff, 0xf1, 0x3e, 0xff, 0xfe, 0xcc,
    0xcc, 0xcc, 0xcc, 0xcc, 0xca, 0x0, 0x2e, 0xff,
    0xb0, 0x0, 0x0, 0x0, 0x0, 0x0, 0x0, 0x0,
    0x1d, 0xfb, 0x0, 0x0, 0x0, 0x0, 0x0, 0x0,
    0x0, 0x0, 0x1b, 0x60, 0x0, 0x0, 0x0, 0x0,
    0x0, 0x0
};


/*---------------------
 *  GLYPH DESCRIPTION
 *--------------------*/

static const lv_font_fmt_txt_glyph_dsc_t glyph_dsc[] = {
    {.bitmap_index = 0, .adv_w = 0, .box_w = 0, .box_h = 0, .ofs_x = 0, .ofs_y = 0} /* id = 0 reserved */,
    {.bitmap_index = 0, .adv_w = 77, .box_w = 0, .box_h = 0, .ofs_x = 0, .ofs_y = 0},
    {.bitmap_index = 0, .adv_w = 77, .box_w = 3, .box_h = 13, .ofs_x = 1, .ofs_y = 0},
    {.bitmap_index = 20, .adv_w = 113, .box_w = 5, .box_h = 6, .ofs_x = 1, .ofs_y = 7},
    {.bitmap_index = 35, .adv_w = 202, .box_w = 13, .box_h = 13, .ofs_x = 0, .ofs_y = 0},
    {.bitmap_index = 120, .adv_w = 179, .box_w = 11, .box_h = 18, .ofs_x = 0, .ofs_y = -2},
    {.bitmap_index = 219, .adv_w = 243, .box_w = 15, .box_h = 13, .ofs_x = 0, .ofs_y = 0},
    {.bitmap_index = 317, .adv_w = 198, .box_w = 13, .box_h = 14, .ofs_x = 0, .ofs_y = -1},
    {.bitmap_index = 408, .adv_w = 60, .box_w = 2, .box_h = 6, .ofs_x = 1, .ofs_y = 7},
    {.bitmap_index = 414, .adv_w = 97, .box_w = 5, .box_h = 18, .ofs_x = 1, .ofs_y = -4},
    {.bitmap_index = 459, .adv_w = 97, .box_w = 5, .box_h = 18, .ofs_x = 0, .ofs_y = -4},
    {.bitmap_index = 504, .adv_w = 115, .box_w = 7, .box_h = 7, .ofs_x = 0, .ofs_y = 7},
    {.bitmap_index = 529, .adv_w = 168, .box_w = 9, .box_h = 9, .ofs_x = 1, .ofs_y = 2},
    {.bitmap_index = 570, .adv_w = 65, .box_w = 4, .box_h = 6, .ofs_x = 0, .ofs_y = -3},
    {.bitmap_index = 582, .adv_w = 110, .box_w = 5, .box_h = 2, .ofs_x = 1, .ofs_y = 4},
    {.bitmap_index = 587, .adv_w = 65, .box_w = 4, .box_h = 3, .ofs_x = 0, .ofs_y = 0},
    {.bitmap_index = 593, .adv_w = 101, .box_w = 8, .box_h = 18, .ofs_x = -1, .ofs_y = -2},
    {.bitmap_index = 665, .adv_w = 192, .box_w = 12, .box_h = 13, .ofs_x = 0, .ofs_y = 0},
    {.bitmap_index = 743, .adv_w = 107, .box_w = 5, .box_h = 13, .ofs_x = 0, .ofs_y = 0},
    {.bitmap_index = 776, .adv_w = 165, .box_w = 10, .box_h = 13, .ofs_x = 0, .ofs_y = 0},
    {.bitmap_index = 841, .adv_w = 165, .box_w = 10, .box_h = 13, .ofs_x = 0, .ofs_y = 0},
    {.bitmap_index = 906, .adv_w = 193, .box_w = 12, .box_h = 13, .ofs_x = 0, .ofs_y = 0},
    {.bitmap_index = 984, .adv_w = 165, .box_w = 10, .box_h = 13, .ofs_x = 0, .ofs_y = 0},
    {.bitmap_index = 1049, .adv_w = 178, .box_w = 11, .box_h = 13, .ofs_x = 0, .ofs_y = 0},
    {.bitmap_index = 1121, .adv_w = 172, .box_w = 11, .box_h = 13, .ofs_x = 0, .ofs_y = 0},
    {.bitmap_index = 1193, .adv_w = 185, .box_w = 11, .box_h = 13, .ofs_x = 0, .ofs_y = 0},
    {.bitmap_index = 1265, .adv_w = 178, .box_w = 11, .box_h = 13, .ofs_x = 0, .ofs_y = 0},
    {.bitmap_index = 1337, .adv_w = 65, .box_w = 4, .box_h = 10, .ofs_x = 0, .ofs_y = 0},
    {.bitmap_index = 1357, .adv_w = 65, .box_w = 4, .box_h = 13, .ofs_x = 0, .ofs_y = -3},
    {.bitmap_index = 1383, .adv_w = 168, .box_w = 9, .box_h = 9, .ofs_x = 1, .ofs_y = 2},
    {.bitmap_index = 1424, .adv_w = 168, .box_w = 9, .box_h = 7, .ofs_x = 1, .ofs_y = 3},
    {.bitmap_index = 1456, .adv_w = 168, .box_w = 9, .box_h = 9, .ofs_x = 1, .ofs_y = 2},
    {.bitmap_index = 1497, .adv_w = 165, .box_w = 10, .box_h = 13, .ofs_x = 0, .ofs_y = 0},
    {.bitmap_index = 1562, .adv_w = 298, .box_w = 18, .box_h = 17, .ofs_x = 0, .ofs_y = -4},
    {.bitmap_index = 1715, .adv_w = 211, .box_w = 15, .box_h = 13, .ofs_x = -1, .ofs_y = 0},
    {.bitmap_index = 1813, .adv_w = 218, .box_w = 12, .box_h = 13, .ofs_x = 1, .ofs_y = 0},
    {.bitmap_index = 1891, .adv_w = 208, .box_w = 13, .box_h = 13, .ofs_x = 0, .ofs_y = 0},
    {.bitmap_index = 1976, .adv_w = 238, .box_w = 13, .box_h = 13, .ofs_x = 1, .ofs_y = 0},
    {.bitmap_index = 2061, .adv_w = 193, .box_w = 11, .box_h = 13, .ofs_x = 1, .ofs_y = 0},
    {.bitmap_index = 2133, .adv_w = 183, .box_w = 10, .box_h = 13, .ofs_x = 1, .ofs_y = 0},
    {.bitmap_index = 2198, .adv_w = 222, .box_w = 13, .box_h = 13, .ofs_x = 0, .ofs_y = 0},
    {.bitmap_index = 2283, .adv_w = 234, .box_w = 12, .box_h = 13, .ofs_x = 1, .ofs_y = 0},
    {.bitmap_index = 2361, .adv_w = 89, .box_w = 3, .box_h = 13, .ofs_x = 1, .ofs_y = 0},
    {.bitmap_index = 2381, .adv_w = 148, .box_w = 9, .box_h = 13, .ofs_x = -1, .ofs_y = 0},
    {.bitmap_index = 2440, .adv_w = 207, .box_w = 12, .box_h = 13, .ofs_x = 1, .ofs_y = 0},
    {.bitmap_index = 2518, .adv_w = 171, .box_w = 10, .box_h = 13, .ofs_x = 1, .ofs_y = 0},
    {.bitmap_index = 2583, .adv_w = 275, .box_w = 15, .box_h = 13, .ofs_x = 1, .ofs_y = 0},
    {.bitmap_index = 2681, .adv_w = 234, .box_w = 12, .box_h = 13, .ofs_x = 1, .ofs_y = 0},
    {.bitmap_index = 2759, .adv_w = 242, .box_w = 15, .box_h = 13, .ofs_x = 0, .ofs_y = 0},
    {.bitmap_index = 2857, .adv_w = 208, .box_w = 12, .box_h = 13, .ofs_x = 1, .ofs_y = 0},
    {.bitmap_index = 2935, .adv_w = 242, .box_w = 15, .box_h = 16, .ofs_x = 0, .ofs_y = -3},
    {.bitmap_index = 3055, .adv_w = 209, .box_w = 12, .box_h = 13, .ofs_x = 1, .ofs_y = 0},
    {.bitmap_index = 3133, .adv_w = 179, .box_w = 11, .box_h = 13, .ofs_x = 0, .ofs_y = 0},
    {.bitmap_index = 3205, .adv_w = 169, .box_w = 11, .box_h = 13, .ofs_x = 0, .ofs_y = 0},
    {.bitmap_index = 3277, .adv_w = 228, .box_w = 12, .box_h = 13, .ofs_x = 1, .ofs_y = 0},
    {.bitmap_index = 3355, .adv_w = 205, .box_w = 14, .box_h = 13, .ofs_x = -1, .ofs_y = 0},
    {.bitmap_index = 3446, .adv_w = 324, .box_w = 20, .box_h = 13, .ofs_x = 0, .ofs_y = 0},
    {.bitmap_index = 3576, .adv_w = 194, .box_w = 12, .box_h = 13, .ofs_x = 0, .ofs_y = 0},
    {.bitmap_index = 3654, .adv_w = 186, .box_w = 13, .box_h = 13, .ofs_x = -1, .ofs_y = 0},
    {.bitmap_index = 3739, .adv_w = 189, .box_w = 12, .box_h = 13, .ofs_x = 0, .ofs_y = 0},
    {.bitmap_index = 3817, .adv_w = 96, .box_w = 5, .box_h = 18, .ofs_x = 1, .ofs_y = -4},
    {.bitmap_index = 3862, .adv_w = 101, .box_w = 8, .box_h = 18, .ofs_x = -1, .ofs_y = -2},
    {.bitmap_index = 3934, .adv_w = 96, .box_w = 5, .box_h = 18, .ofs_x = 0, .ofs_y = -4},
    {.bitmap_index = 3979, .adv_w = 168, .box_w = 9, .box_h = 8, .ofs_x = 1, .ofs_y = 3},
    {.bitmap_index = 4015, .adv_w = 144, .box_w = 9, .box_h = 2, .ofs_x = 0, .ofs_y = -2},
    {.bitmap_index = 4024, .adv_w = 173, .box_w = 5, .box_h = 3, .ofs_x = 2, .ofs_y = 11},
    {.bitmap_index = 4032, .adv_w = 172, .box_w = 10, .box_h = 10, .ofs_x = 0, .ofs_y = 0},
    {.bitmap_index = 4082, .adv_w = 196, .box_w = 11, .box_h = 14, .ofs_x = 1, .ofs_y = 0},
    {.bitmap_index = 4159, .adv_w = 164, .box_w = 10, .box_h = 10, .ofs_x = 0, .ofs_y = 0},
    {.bitmap_index = 4209, .adv_w = 196, .box_w = 11, .box_h = 14, .ofs_x = 0, .ofs_y = 0},
    {.bitmap_index = 4286, .adv_w = 176, .box_w = 11, .box_h = 10, .ofs_x = 0, .ofs_y = 0},
    {.bitmap_index = 4341, .adv_w = 102, .box_w = 7, .box_h = 14, .ofs_x = 0, .ofs_y = 0},
    {.bitmap_index = 4390, .adv_w = 199, .box_w = 11, .box_h = 14, .ofs_x = 0, .ofs_y = -4},
    {.bitmap_index = 4467, .adv_w = 196, .box_w = 10, .box_h = 14, .ofs_x = 1, .ofs_y = 0},
    {.bitmap_index = 4537, .adv_w = 80, .box_w = 3, .box_h = 14, .ofs_x = 1, .ofs_y = 0},
    {.bitmap_index = 4558, .adv_w = 82, .box_w = 6, .box_h = 18, .ofs_x = -2, .ofs_y = -4},
    {.bitmap_index = 4612, .adv_w = 177, .box_w = 11, .box_h = 14, .ofs_x = 1, .ofs_y = 0},
    {.bitmap_index = 4689, .adv_w = 80, .box_w = 3, .box_h = 14, .ofs_x = 1, .ofs_y = 0},
    {.bitmap_index = 4710, .adv_w = 304, .box_w = 17, .box_h = 10, .ofs_x = 1, .ofs_y = 0},
    {.bitmap_index = 4795, .adv_w = 196, .box_w = 10, .box_h = 10, .ofs_x = 1, .ofs_y = 0},
    {.bitmap_index = 4845, .adv_w = 183, .box_w = 11, .box_h = 10, .ofs_x = 0, .ofs_y = 0},
    {.bitmap_index = 4900, .adv_w = 196, .box_w = 11, .box_h = 14, .ofs_x = 1, .ofs_y = -4},
    {.bitmap_index = 4977, .adv_w = 196, .box_w = 11, .box_h = 14, .ofs_x = 0, .ofs_y = -4},
    {.bitmap_index = 5054, .adv_w = 118, .box_w = 6, .box_h = 10, .ofs_x = 1, .ofs_y = 0},
    {.bitmap_index = 5084, .adv_w = 144, .box_w = 9, .box_h = 10, .ofs_x = 0, .ofs_y = 0},
    {.bitmap_index = 5129, .adv_w = 119, .box_w = 7, .box_h = 12, .ofs_x = 0, .ofs_y = 0},
    {.bitmap_index = 5171, .adv_w = 195, .box_w = 10, .box_h = 10, .ofs_x = 1, .ofs_y = 0},
    {.bitmap_index = 5221, .adv_w = 161, .box_w = 12, .box_h = 10, .ofs_x = -1, .ofs_y = 0},
    {.bitmap_index = 5281, .adv_w = 259, .box_w = 17, .box_h = 10, .ofs_x = 0, .ofs_y = 0},
    {.bitmap_index = 5366, .adv_w = 159, .box_w = 10, .box_h = 10, .ofs_x = 0, .ofs_y = 0},
    {.bitmap_index = 5416, .adv_w = 161, .box_w = 12, .box_h = 14, .ofs_x = -1, .ofs_y = -4},
    {.bitmap_index = 5500, .adv_w = 150, .box_w = 9, .box_h = 10, .ofs_x = 0, .ofs_y = 0},
    {.bitmap_index = 5545, .adv_w = 101, .box_w = 5, .box_h = 18, .ofs_x = 1, .ofs_y = -4},
    {.bitmap_index = 5590, .adv_w = 86, .box_w = 3, .box_h = 18, .ofs_x = 1, .ofs_y = -4},
    {.bitmap_index = 5617, .adv_w = 101, .box_w = 6, .box_h = 18, .ofs_x = 0, .ofs_y = -4},
    {.bitmap_index = 5671, .adv_w = 168, .box_w = 9, .box_h = 5, .ofs_x = 1, .ofs_y = 4},
    {.bitmap_index = 5694, .adv_w = 77, .box_w = 0, .box_h = 0, .ofs_x = 0, .ofs_y = 0},
    {.bitmap_index = 5694, .adv_w = 77, .box_w = 3, .box_h = 13, .ofs_x = 1, .ofs_y = -3},
    {.bitmap_index = 5714, .adv_w = 164, .box_w = 10, .box_h = 15, .ofs_x = 0, .ofs_y = -2},
    {.bitmap_index = 5789, .adv_w = 186, .box_w = 12, .box_h = 13, .ofs_x = 0, .ofs_y = 0},
    {.bitmap_index = 5867, .adv_w = 202, .box_w = 13, .box_h = 13, .ofs_x = 0, .ofs_y = -1},
    {.bitmap_index = 5952, .adv_w = 204, .box_w = 14, .box_h = 13, .ofs_x = -1, .ofs_y = 0},
    {.bitmap_index = 6043, .adv_w = 86, .box_w = 3, .box_h = 18, .ofs_x = 1, .ofs_y = -4},
    {.bitmap_index = 6070, .adv_w = 144, .box_w = 9, .box_h = 16, .ofs_x = 0, .ofs_y = -3},
    {.bitmap_index = 6142, .adv_w = 173, .box_w = 6, .box_h = 2, .ofs_x = 2, .ofs_y = 12},
    {.bitmap_index = 6148, .adv_w = 231, .box_w = 14, .box_h = 13, .ofs_x = 0, .ofs_y = 0},
    {.bitmap_index = 6239, .adv_w = 116, .box_w = 7, .box_h = 6, .ofs_x = 0, .ofs_y = 7},
    {.bitmap_index = 6260, .adv_w = 145, .box_w = 9, .box_h = 8, .ofs_x = 0, .ofs_y = 1},
    {.bitmap_index = 6296, .adv_w = 168, .box_w = 9, .box_h = 6, .ofs_x = 1, .ofs_y = 2},
    {.bitmap_index = 6323, .adv_w = 110, .box_w = 5, .box_h = 2, .ofs_x = 1, .ofs_y = 4},
    {.bitmap_index = 6328, .adv_w = 231, .box_w = 14, .box_h = 13, .ofs_x = 0, .ofs_y = 0},
    {.bitmap_index = 6419, .adv_w = 173, .box_w = 7, .box_h = 2, .ofs_x = 2, .ofs_y = 11},
    {.bitmap_index = 6426, .adv_w = 121, .box_w = 7, .box_h = 7, .ofs_x = 0, .ofs_y = 6},
    {.bitmap_index = 6451, .adv_w = 168, .box_w = 9, .box_h = 11, .ofs_x = 1, .ofs_y = 0},
    {.bitmap_index = 6501, .adv_w = 124, .box_w = 7, .box_h = 7, .ofs_x = 0, .ofs_y = 6},
    {.bitmap_index = 6526, .adv_w = 124, .box_w = 7, .box_h = 7, .ofs_x = 0, .ofs_y = 6},
    {.bitmap_index = 6551, .adv_w = 173, .box_w = 5, .box_h = 3, .ofs_x = 4, .ofs_y = 11},
    {.bitmap_index = 6559, .adv_w = 196, .box_w = 10, .box_h = 14, .ofs_x = 1, .ofs_y = -4},
    {.bitmap_index = 6629, .adv_w = 187, .box_w = 10, .box_h = 16, .ofs_x = 0, .ofs_y = -2},
    {.bitmap_index = 6709, .adv_w = 77, .box_w = 3, .box_h = 3, .ofs_x = 1, .ofs_y = 4},
    {.bitmap_index = 6714, .adv_w = 173, .box_w = 5, .box_h = 5, .ofs_x = 3, .ofs_y = -5},
    {.bitmap_index = 6727, .adv_w = 124, .box_w = 6, .box_h = 7, .ofs_x = 1, .ofs_y = 6},
    {.bitmap_index = 6748, .adv_w = 120, .box_w = 7, .box_h = 7, .ofs_x = 0, .ofs_y = 6},
    {.bitmap_index = 6773, .adv_w = 145, .box_w = 9, .box_h = 8, .ofs_x = 0, .ofs_y = 1},
    {.bitmap_index = 6809, .adv_w = 298, .box_w = 18, .box_h = 14, .ofs_x = 1, .ofs_y = -1},
    {.bitmap_index = 6935, .adv_w = 298, .box_w = 17, .box_h = 14, .ofs_x = 1, .ofs_y = -1},
    {.bitmap_index = 7054, .adv_w = 298, .box_w = 19, .box_h = 14, .ofs_x = 0, .ofs_y = -1},
    {.bitmap_index = 7187, .adv_w = 165, .box_w = 10, .box_h = 13, .ofs_x = 1, .ofs_y = -3},
    {.bitmap_index = 7252, .adv_w = 211, .box_w = 15, .box_h = 17, .ofs_x = -1, .ofs_y = 0},
    {.bitmap_index = 7380, .adv_w = 211, .box_w = 15, .box_h = 17, .ofs_x = -1, .ofs_y = 0},
    {.bitmap_index = 7508, .adv_w = 211, .box_w = 15, .box_h = 17, .ofs_x = -1, .ofs_y = 0},
    {.bitmap_index = 7636, .adv_w = 211, .box_w = 15, .box_h = 17, .ofs_x = -1, .ofs_y = 0},
    {.bitmap_index = 7764, .adv_w = 211, .box_w = 15, .box_h = 16, .ofs_x = -1, .ofs_y = 0},
    {.bitmap_index = 7884, .adv_w = 211, .box_w = 15, .box_h = 18, .ofs_x = -1, .ofs_y = 0},
    {.bitmap_index = 8019, .adv_w = 302, .box_w = 19, .box_h = 13, .ofs_x = -1, .ofs_y = 0},
    {.bitmap_index = 8143, .adv_w = 208, .box_w = 13, .box_h = 17, .ofs_x = 0, .ofs_y = -4},
    {.bitmap_index = 8254, .adv_w = 193, .box_w = 11, .box_h = 17, .ofs_x = 1, .ofs_y = 0},
    {.bitmap_index = 8348, .adv_w = 193, .box_w = 11, .box_h = 17, .ofs_x = 1, .ofs_y = 0},
    {.bitmap_index = 8442, .adv_w = 193, .box_w = 11, .box_h = 17, .ofs_x = 1, .ofs_y = 0},
    {.bitmap_index = 8536, .adv_w = 193, .box_w = 11, .box_h = 16, .ofs_x = 1, .ofs_y = 0},
    {.bitmap_index = 8624, .adv_w = 89, .box_w = 6, .box_h = 17, .ofs_x = -1, .ofs_y = 0},
    {.bitmap_index = 8675, .adv_w = 89, .box_w = 6, .box_h = 17, .ofs_x = 1, .ofs_y = 0},
    {.bitmap_index = 8726, .adv_w = 89, .box_w = 8, .box_h = 17, .ofs_x = -1, .ofs_y = 0},
    {.bitmap_index = 8794, .adv_w = 89, .box_w = 6, .box_h = 16, .ofs_x = 0, .ofs_y = 0},
    {.bitmap_index = 8842, .adv_w = 240, .box_w = 15, .box_h = 13, .ofs_x = 0, .ofs_y = 0},
    {.bitmap_index = 8940, .adv_w = 234, .box_w = 12, .box_h = 17, .ofs_x = 1, .ofs_y = 0},
    {.bitmap_index = 9042, .adv_w = 242, .box_w = 15, .box_h = 17, .ofs_x = 0, .ofs_y = 0},
    {.bitmap_index = 9170, .adv_w = 242, .box_w = 15, .box_h = 17, .ofs_x = 0, .ofs_y = 0},
    {.bitmap_index = 9298, .adv_w = 242, .box_w = 15, .box_h = 17, .ofs_x = 0, .ofs_y = 0},
    {.bitmap_index = 9426, .adv_w = 242, .box_w = 15, .box_h = 17, .ofs_x = 0, .ofs_y = 0},
    {.bitmap_index = 9554, .adv_w = 242, .box_w = 15, .box_h = 17, .ofs_x = 0, .ofs_y = 0},
    {.bitmap_index = 9682, .adv_w = 168, .box_w = 8, .box_h = 8, .ofs_x = 1, .ofs_y = 3},
    {.bitmap_index = 9714, .adv_w = 242, .box_w = 15, .box_h = 16, .ofs_x = 0, .ofs_y = -1},
    {.bitmap_index = 9834, .adv_w = 228, .box_w = 12, .box_h = 17, .ofs_x = 1, .ofs_y = 0},
    {.bitmap_index = 9936, .adv_w = 228, .box_w = 12, .box_h = 17, .ofs_x = 1, .ofs_y = 0},
    {.bitmap_index = 10038, .adv_w = 228, .box_w = 12, .box_h = 17, .ofs_x = 1, .ofs_y = 0},
    {.bitmap_index = 10140, .adv_w = 228, .box_w = 12, .box_h = 17, .ofs_x = 1, .ofs_y = 0},
    {.bitmap_index = 10242, .adv_w = 186, .box_w = 13, .box_h = 17, .ofs_x = -1, .ofs_y = 0},
    {.bitmap_index = 10353, .adv_w = 208, .box_w = 12, .box_h = 13, .ofs_x = 1, .ofs_y = 0},
    {.bitmap_index = 10431, .adv_w = 195, .box_w = 11, .box_h = 14, .ofs_x = 1, .ofs_y = 0},
    {.bitmap_index = 10508, .adv_w = 172, .box_w = 10, .box_h = 14, .ofs_x = 0, .ofs_y = 0},
    {.bitmap_index = 10578, .adv_w = 172, .box_w = 10, .box_h = 14, .ofs_x = 0, .ofs_y = 0},
    {.bitmap_index = 10648, .adv_w = 172, .box_w = 10, .box_h = 14, .ofs_x = 0, .ofs_y = 0},
    {.bitmap_index = 10718, .adv_w = 172, .box_w = 10, .box_h = 14, .ofs_x = 0, .ofs_y = 0},
    {.bitmap_index = 10788, .adv_w = 172, .box_w = 10, .box_h = 14, .ofs_x = 0, .ofs_y = 0},
    {.bitmap_index = 10858, .adv_w = 172, .box_w = 10, .box_h = 15, .ofs_x = 0, .ofs_y = 0},
    {.bitmap_index = 10933, .adv_w = 285, .box_w = 18, .box_h = 10, .ofs_x = 0, .ofs_y = 0},
    {.bitmap_index = 11023, .adv_w = 164, .box_w = 10, .box_h = 14, .ofs_x = 0, .ofs_y = -4},
    {.bitmap_index = 11093, .adv_w = 176, .box_w = 11, .box_h = 14, .ofs_x = 0, .ofs_y = 0},
    {.bitmap_index = 11170, .adv_w = 176, .box_w = 11, .box_h = 14, .ofs_x = 0, .ofs_y = 0},
    {.bitmap_index = 11247, .adv_w = 176, .box_w = 11, .box_h = 14, .ofs_x = 0, .ofs_y = 0},
    {.bitmap_index = 11324, .adv_w = 176, .box_w = 11, .box_h = 14, .ofs_x = 0, .ofs_y = 0},
    {.bitmap_index = 11401, .adv_w = 80, .box_w = 5, .box_h = 14, .ofs_x = -1, .ofs_y = 0},
    {.bitmap_index = 11436, .adv_w = 80, .box_w = 5, .box_h = 14, .ofs_x = 1, .ofs_y = 0},
    {.bitmap_index = 11471, .adv_w = 80, .box_w = 7, .box_h = 14, .ofs_x = -1, .ofs_y = 0},
    {.bitmap_index = 11520, .adv_w = 80, .box_w = 5, .box_h = 14, .ofs_x = 0, .ofs_y = 0},
    {.bitmap_index = 11555, .adv_w = 184, .box_w = 11, .box_h = 14, .ofs_x = 0, .ofs_y = 0},
    {.bitmap_index = 11632, .adv_w = 196, .box_w = 10, .box_h = 14, .ofs_x = 1, .ofs_y = 0},
    {.bitmap_index = 11702, .adv_w = 183, .box_w = 11, .box_h = 14, .ofs_x = 0, .ofs_y = 0},
    {.bitmap_index = 11779, .adv_w = 183, .box_w = 11, .box_h = 14, .ofs_x = 0, .ofs_y = 0},
    {.bitmap_index = 11856, .adv_w = 183, .box_w = 11, .box_h = 14, .ofs_x = 0, .ofs_y = 0},
    {.bitmap_index = 11933, .adv_w = 183, .box_w = 11, .box_h = 14, .ofs_x = 0, .ofs_y = 0},
    {.bitmap_index = 12010, .adv_w = 183, .box_w = 11, .box_h = 14, .ofs_x = 0, .ofs_y = 0},
    {.bitmap_index = 12087, .adv_w = 168, .box_w = 9, .box_h = 10, .ofs_x = 1, .ofs_y = 2},
    {.bitmap_index = 12132, .adv_w = 183, .box_w = 11, .box_h = 13, .ofs_x = 0, .ofs_y = -1},
    {.bitmap_index = 12204, .adv_w = 195, .box_w = 10, .box_h = 14, .ofs_x = 1, .ofs_y = 0},
    {.bitmap_index = 12274, .adv_w = 195, .box_w = 10, .box_h = 14, .ofs_x = 1, .ofs_y = 0},
    {.bitmap_index = 12344, .adv_w = 195, .box_w = 10, .box_h = 14, .ofs_x = 1, .ofs_y = 0},
    {.bitmap_index = 12414, .adv_w = 195, .box_w = 10, .box_h = 14, .ofs_x = 1, .ofs_y = 0},
    {.bitmap_index = 12484, .adv_w = 161, .box_w = 12, .box_h = 18, .ofs_x = -1, .ofs_y = -4},
    {.bitmap_index = 12592, .adv_w = 196, .box_w = 11, .box_h = 18, .ofs_x = 1, .ofs_y = -4},
    {.bitmap_index = 12691, .adv_w = 161, .box_w = 12, .box_h = 18, .ofs_x = -1, .ofs_y = -4},
    {.bitmap_index = 12799, .adv_w = 192, .box_w = 11, .box_h = 17, .ofs_x = 1, .ofs_y = 0},
    {.bitmap_index = 12893, .adv_w = 192, .box_w = 11, .box_h = 16, .ofs_x = 1, .ofs_y = 0},
    {.bitmap_index = 12981, .adv_w = 240, .box_w = 15, .box_h = 13, .ofs_x = 0, .ofs_y = 0},
    {.bitmap_index = 13079, .adv_w = 166, .box_w = 10, .box_h = 17, .ofs_x = 1, .ofs_y = 0},
    {.bitmap_index = 13164, .adv_w = 204, .box_w = 13, .box_h = 13, .ofs_x = 0, .ofs_y = 0},
    {.bitmap_index = 13249, .adv_w = 183, .box_w = 11, .box_h = 13, .ofs_x = 0, .ofs_y = 0},
    {.bitmap_index = 13321, .adv_w = 91, .box_w = 3, .box_h = 13, .ofs_x = 1, .ofs_y = 0},
    {.bitmap_index = 13341, .adv_w = 89, .box_w = 6, .box_h = 16, .ofs_x = 0, .ofs_y = 0},
    {.bitmap_index = 13389, .adv_w = 156, .box_w = 8, .box_h = 13, .ofs_x = 0, .ofs_y = 0},
    {.bitmap_index = 13441, .adv_w = 342, .box_w = 21, .box_h = 13, .ofs_x = 0, .ofs_y = 0},
    {.bitmap_index = 13578, .adv_w = 340, .box_w = 20, .box_h = 13, .ofs_x = 1, .ofs_y = 0},
    {.bitmap_index = 13708, .adv_w = 242, .box_w = 15, .box_h = 13, .ofs_x = 0, .ofs_y = 0},
    {.bitmap_index = 13806, .adv_w = 205, .box_w = 12, .box_h = 17, .ofs_x = 1, .ofs_y = 0},
    {.bitmap_index = 13908, .adv_w = 237, .box_w = 12, .box_h = 17, .ofs_x = 1, .ofs_y = 0},
    {.bitmap_index = 14010, .adv_w = 199, .box_w = 13, .box_h = 17, .ofs_x = 0, .ofs_y = 0},
    {.bitmap_index = 14121, .adv_w = 232, .box_w = 12, .box_h = 16, .ofs_x = 1, .ofs_y = -3},
    {.bitmap_index = 14217, .adv_w = 218, .box_w = 14, .box_h = 13, .ofs_x = 0, .ofs_y = 0},
    {.bitmap_index = 14308, .adv_w = 211, .box_w = 12, .box_h = 13, .ofs_x = 1, .ofs_y = 0},
    {.bitmap_index = 14386, .adv_w = 215, .box_w = 12, .box_h = 13, .ofs_x = 1, .ofs_y = 0},
    {.bitmap_index = 14464, .adv_w = 166, .box_w = 10, .box_h = 13, .ofs_x = 1, .ofs_y = 0},
    {.bitmap_index = 14529, .adv_w = 232, .box_w = 14, .box_h = 16, .ofs_x = 0, .ofs_y = -3},
    {.bitmap_index = 14641, .adv_w = 192, .box_w = 11, .box_h = 13, .ofs_x = 1, .ofs_y = 0},
    {.bitmap_index = 14713, .adv_w = 296, .box_w = 19, .box_h = 13, .ofs_x = 0, .ofs_y = 0},
    {.bitmap_index = 14837, .adv_w = 185, .box_w = 11, .box_h = 13, .ofs_x = 0, .ofs_y = 0},
    {.bitmap_index = 14909, .adv_w = 237, .box_w = 12, .box_h = 13, .ofs_x = 1, .ofs_y = 0},
    {.bitmap_index = 14987, .adv_w = 237, .box_w = 12, .box_h = 17, .ofs_x = 1, .ofs_y = 0},
    {.bitmap_index = 15089, .adv_w = 205, .box_w = 12, .box_h = 13, .ofs_x = 1, .ofs_y = 0},
    {.bitmap_index = 15167, .adv_w = 228, .box_w = 13, .box_h = 13, .ofs_x = 0, .ofs_y = 0},
    {.bitmap_index = 15252, .adv_w = 277, .box_w = 15, .box_h = 13, .ofs_x = 1, .ofs_y = 0},
    {.bitmap_index = 15350, .adv_w = 236, .box_w = 12, .box_h = 13, .ofs_x = 1, .ofs_y = 0},
    {.bitmap_index = 15428, .adv_w = 244, .box_w = 15, .box_h = 13, .ofs_x = 0, .ofs_y = 0},
    {.bitmap_index = 15526, .adv_w = 236, .box_w = 12, .box_h = 13, .ofs_x = 1, .ofs_y = 0},
    {.bitmap_index = 15604, .adv_w = 206, .box_w = 12, .box_h = 13, .ofs_x = 1, .ofs_y = 0},
    {.bitmap_index = 15682, .adv_w = 207, .box_w = 13, .box_h = 13, .ofs_x = 0, .ofs_y = 0},
    {.bitmap_index = 15767, .adv_w = 174, .box_w = 11, .box_h = 13, .ofs_x = 0, .ofs_y = 0},
    {.bitmap_index = 15839, .adv_w = 199, .box_w = 13, .box_h = 13, .ofs_x = 0, .ofs_y = 0},
    {.bitmap_index = 15924, .adv_w = 267, .box_w = 16, .box_h = 15, .ofs_x = 0, .ofs_y = 0},
    {.bitmap_index = 16044, .adv_w = 192, .box_w = 12, .box_h = 13, .ofs_x = 0, .ofs_y = 0},
    {.bitmap_index = 16122, .adv_w = 239, .box_w = 14, .box_h = 16, .ofs_x = 1, .ofs_y = -3},
    {.bitmap_index = 16234, .adv_w = 212, .box_w = 12, .box_h = 13, .ofs_x = 0, .ofs_y = 0},
    {.bitmap_index = 16312, .adv_w = 315, .box_w = 17, .box_h = 13, .ofs_x = 1, .ofs_y = 0},
    {.bitmap_index = 16423, .adv_w = 323, .box_w = 19, .box_h = 16, .ofs_x = 1, .ofs_y = -3},
    {.bitmap_index = 16575, .adv_w = 238, .box_w = 15, .box_h = 13, .ofs_x = 0, .ofs_y = 0},
    {.bitmap_index = 16673, .adv_w = 286, .box_w = 15, .box_h = 13, .ofs_x = 1, .ofs_y = 0},
    {.bitmap_index = 16771, .adv_w = 205, .box_w = 12, .box_h = 13, .ofs_x = 1, .ofs_y = 0},
    {.bitmap_index = 16849, .adv_w = 204, .box_w = 12, .box_h = 13, .ofs_x = 0, .ofs_y = 0},
    {.bitmap_index = 16927, .adv_w = 317, .box_w = 18, .box_h = 13, .ofs_x = 1, .ofs_y = 0},
    {.bitmap_index = 17044, .adv_w = 211, .box_w = 11, .box_h = 13, .ofs_x = 1, .ofs_y = 0},
    {.bitmap_index = 17116, .adv_w = 170, .box_w = 10, .box_h = 10, .ofs_x = 0, .ofs_y = 0},
    {.bitmap_index = 17166, .adv_w = 191, .box_w = 11, .box_h = 15, .ofs_x = 1, .ofs_y = 0},
    {.bitmap_index = 17249, .adv_w = 177, .box_w = 10, .box_h = 10, .ofs_x = 1, .ofs_y = 0},
    {.bitmap_index = 17299, .adv_w = 141, .box_w = 8, .box_h = 10, .ofs_x = 1, .ofs_y = 0},
    {.bitmap_index = 17339, .adv_w = 191, .box_w = 12, .box_h = 13, .ofs_x = 0, .ofs_y = -3},
    {.bitmap_index = 17417, .adv_w = 181, .box_w = 11, .box_h = 10, .ofs_x = 0, .ofs_y = 0},
    {.bitmap_index = 17472, .adv_w = 245, .box_w = 16, .box_h = 10, .ofs_x = 0, .ofs_y = 0},
    {.bitmap_index = 17552, .adv_w = 157, .box_w = 9, .box_h = 10, .ofs_x = 0, .ofs_y = 0},
    {.bitmap_index = 17597, .adv_w = 200, .box_w = 10, .box_h = 10, .ofs_x = 1, .ofs_y = 0},
    {.bitmap_index = 17647, .adv_w = 200, .box_w = 10, .box_h = 14, .ofs_x = 1, .ofs_y = 0},
    {.bitmap_index = 17717, .adv_w = 172, .box_w = 10, .box_h = 10, .ofs_x = 1, .ofs_y = 0},
    {.bitmap_index = 17767, .adv_w = 185, .box_w = 10, .box_h = 10, .ofs_x = 0, .ofs_y = 0},
    {.bitmap_index = 17817, .adv_w = 230, .box_w = 12, .box_h = 10, .ofs_x = 1, .ofs_y = 0},
    {.bitmap_index = 17877, .adv_w = 196, .box_w = 10, .box_h = 10, .ofs_x = 1, .ofs_y = 0},
    {.bitmap_index = 17927, .adv_w = 185, .box_w = 11, .box_h = 10, .ofs_x = 0, .ofs_y = 0},
    {.bitmap_index = 17982, .adv_w = 195, .box_w = 10, .box_h = 10, .ofs_x = 1, .ofs_y = 0},
    {.bitmap_index = 18032, .adv_w = 198, .box_w = 11, .box_h = 14, .ofs_x = 1, .ofs_y = -4},
    {.bitmap_index = 18109, .adv_w = 164, .box_w = 10, .box_h = 10, .ofs_x = 0, .ofs_y = 0},
    {.bitmap_index = 18159, .adv_w = 142, .box_w = 9, .box_h = 10, .ofs_x = 0, .ofs_y = 0},
    {.bitmap_index = 18204, .adv_w = 164, .box_w = 12, .box_h = 14, .ofs_x = -1, .ofs_y = -4},
    {.bitmap_index = 18288, .adv_w = 232, .box_w = 14, .box_h = 18, .ofs_x = 0, .ofs_y = -4},
    {.bitmap_index = 18414, .adv_w = 156, .box_w = 10, .box_h = 10, .ofs_x = 0, .ofs_y = 0},
    {.bitmap_index = 18464, .adv_w = 199, .box_w = 11, .box_h = 13, .ofs_x = 1, .ofs_y = -3},
    {.bitmap_index = 18536, .adv_w = 175, .box_w = 10, .box_h = 10, .ofs_x = 0, .ofs_y = 0},
    {.bitmap_index = 18586, .adv_w = 271, .box_w = 15, .box_h = 10, .ofs_x = 1, .ofs_y = 0},
    {.bitmap_index = 18661, .adv_w = 271, .box_w = 16, .box_h = 12, .ofs_x = 1, .ofs_y = -2},
    {.bitmap_index = 18757, .adv_w = 184, .box_w = 11, .box_h = 10, .ofs_x = 0, .ofs_y = 0},
    {.bitmap_index = 18812, .adv_w = 232, .box_w = 12, .box_h = 10, .ofs_x = 1, .ofs_y = 0},
    {.bitmap_index = 18872, .adv_w = 166, .box_w = 9, .box_h = 10, .ofs_x = 1, .ofs_y = 0},
    {.bitmap_index = 18917, .adv_w = 166, .box_w = 10, .box_h = 10, .ofs_x = 0, .ofs_y = 0},
    {.bitmap_index = 18967, .adv_w = 252, .box_w = 14, .box_h = 10, .ofs_x = 1, .ofs_y = 0},
    {.bitmap_index = 19037, .adv_w = 176, .box_w = 10, .box_h = 10, .ofs_x = 0, .ofs_y = 0},
    {.bitmap_index = 19087, .adv_w = 181, .box_w = 11, .box_h = 14, .ofs_x = 0, .ofs_y = 0},
    {.bitmap_index = 19164, .adv_w = 181, .box_w = 11, .box_h = 13, .ofs_x = 0, .ofs_y = 0},
    {.bitmap_index = 19236, .adv_w = 194, .box_w = 12, .box_h = 18, .ofs_x = -1, .ofs_y = -4},
    {.bitmap_index = 19344, .adv_w = 141, .box_w = 8, .box_h = 14, .ofs_x = 1, .ofs_y = 0},
    {.bitmap_index = 19400, .adv_w = 166, .box_w = 10, .box_h = 10, .ofs_x = 0, .ofs_y = 0},
    {.bitmap_index = 19450, .adv_w = 154, .box_w = 9, .box_h = 10, .ofs_x = 0, .ofs_y = 0},
    {.bitmap_index = 19495, .adv_w = 82, .box_w = 3, .box_h = 14, .ofs_x = 1, .ofs_y = 0},
    {.bitmap_index = 19516, .adv_w = 80, .box_w = 5, .box_h = 13, .ofs_x = 0, .ofs_y = 0},
    {.bitmap_index = 19549, .adv_w = 82, .box_w = 6, .box_h = 18, .ofs_x = -2, .ofs_y = -4},
    {.bitmap_index = 19603, .adv_w = 269, .box_w = 17, .box_h = 10, .ofs_x = 0, .ofs_y = 0},
    {.bitmap_index = 19688, .adv_w = 274, .box_w = 16, .box_h = 10, .ofs_x = 1, .ofs_y = 0},
    {.bitmap_index = 19768, .adv_w = 194, .box_w = 12, .box_h = 14, .ofs_x = -1, .ofs_y = 0},
    {.bitmap_index = 19852, .adv_w = 172, .box_w = 10, .box_h = 14, .ofs_x = 1, .ofs_y = 0},
    {.bitmap_index = 19922, .adv_w = 200, .box_w = 10, .box_h = 14, .ofs_x = 1, .ofs_y = 0},
    {.bitmap_index = 19992, .adv_w = 164, .box_w = 12, .box_h = 18, .ofs_x = -1, .ofs_y = -4},
    {.bitmap_index = 20100, .adv_w = 186, .box_w = 9, .box_h = 13, .ofs_x = 1, .ofs_y = -3},
    {.bitmap_index = 20159, .adv_w = 234, .box_w = 14, .box_h = 14, .ofs_x = 0, .ofs_y = 0},
    {.bitmap_index = 20257, .adv_w = 177, .box_w = 11, .box_h = 14, .ofs_x = 0, .ofs_y = 0},
    {.bitmap_index = 20334, .adv_w = 259, .box_w = 16, .box_h = 13, .ofs_x = 0, .ofs_y = 0},
    {.bitmap_index = 20438, .adv_w = 203, .box_w = 13, .box_h = 10, .ofs_x = 0, .ofs_y = 0},
    {.bitmap_index = 20503, .adv_w = 244, .box_w = 15, .box_h = 13, .ofs_x = 0, .ofs_y = 0},
    {.bitmap_index = 20601, .adv_w = 187, .box_w = 11, .box_h = 10, .ofs_x = 0, .ofs_y = 0},
    {.bitmap_index = 20656, .adv_w = 219, .box_w = 14, .box_h = 14, .ofs_x = 0, .ofs_y = 0},
    {.bitmap_index = 20754, .adv_w = 172, .box_w = 11, .box_h = 10, .ofs_x = 0, .ofs_y = 0},
    {.bitmap_index = 20809, .adv_w = 245, .box_w = 14, .box_h = 20, .ofs_x = 1, .ofs_y = -3},
    {.bitmap_index = 20949, .adv_w = 206, .box_w = 12, .box_h = 16, .ofs_x = 1, .ofs_y = -2},
    {.bitmap_index = 21045, .adv_w = 213, .box_w = 13, .box_h = 14, .ofs_x = 0, .ofs_y = 0},
    {.bitmap_index = 21136, .adv_w = 175, .box_w = 11, .box_h = 10, .ofs_x = 0, .ofs_y = 0},
    {.bitmap_index = 21191, .adv_w = 211, .box_w = 12, .box_h = 13, .ofs_x = 1, .ofs_y = 0},
    {.bitmap_index = 21269, .adv_w = 201, .box_w = 11, .box_h = 14, .ofs_x = 1, .ofs_y = -4},
    {.bitmap_index = 21346, .adv_w = 167, .box_w = 10, .box_h = 16, .ofs_x = 1, .ofs_y = 0},
    {.bitmap_index = 21426, .adv_w = 134, .box_w = 8, .box_h = 12, .ofs_x = 1, .ofs_y = 0},
    {.bitmap_index = 21474, .adv_w = 178, .box_w = 11, .box_h = 13, .ofs_x = 0, .ofs_y = 0},
    {.bitmap_index = 21546, .adv_w = 149, .box_w = 9, .box_h = 10, .ofs_x = 0, .ofs_y = 0},
    {.bitmap_index = 21591, .adv_w = 202, .box_w = 11, .box_h = 16, .ofs_x = 1, .ofs_y = -3},
    {.bitmap_index = 21679, .adv_w = 173, .box_w = 10, .box_h = 14, .ofs_x = 1, .ofs_y = -4},
    {.bitmap_index = 21749, .adv_w = 308, .box_w = 19, .box_h = 16, .ofs_x = 0, .ofs_y = -3},
    {.bitmap_index = 21901, .adv_w = 254, .box_w = 16, .box_h = 12, .ofs_x = 0, .ofs_y = -2},
    {.bitmap_index = 21997, .adv_w = 185, .box_w = 11, .box_h = 16, .ofs_x = 0, .ofs_y = -3},
    {.bitmap_index = 22085, .adv_w = 157, .box_w = 9, .box_h = 12, .ofs_x = 0, .ofs_y = -2},
    {.bitmap_index = 22139, .adv_w = 217, .box_w = 13, .box_h = 16, .ofs_x = 1, .ofs_y = -3},
    {.bitmap_index = 22243, .adv_w = 172, .box_w = 11, .box_h = 12, .ofs_x = 1, .ofs_y = -2},
    {.bitmap_index = 22309, .adv_w = 213, .box_w = 12, .box_h = 13, .ofs_x = 1, .ofs_y = 0},
    {.bitmap_index = 22387, .adv_w = 177, .box_w = 10, .box_h = 10, .ofs_x = 1, .ofs_y = 0},
    {.bitmap_index = 22437, .adv_w = 211, .box_w = 13, .box_h = 13, .ofs_x = 0, .ofs_y = 0},
    {.bitmap_index = 22522, .adv_w = 172, .box_w = 11, .box_h = 14, .ofs_x = 0, .ofs_y = 0},
    {.bitmap_index = 22599, .adv_w = 238, .box_w = 15, .box_h = 13, .ofs_x = 0, .ofs_y = 0},
    {.bitmap_index = 22697, .adv_w = 193, .box_w = 12, .box_h = 10, .ofs_x = 0, .ofs_y = 0},
    {.bitmap_index = 22757, .adv_w = 244, .box_w = 14, .box_h = 16, .ofs_x = 1, .ofs_y = -3},
    {.bitmap_index = 22869, .adv_w = 202, .box_w = 12, .box_h = 12, .ofs_x = 1, .ofs_y = -2},
    {.bitmap_index = 22941, .adv_w = 313, .box_w = 19, .box_h = 13, .ofs_x = 1, .ofs_y = 0},
    {.bitmap_index = 23065, .adv_w = 255, .box_w = 15, .box_h = 10, .ofs_x = 1, .ofs_y = 0},
    {.bitmap_index = 23140, .adv_w = 344, .box_w = 20, .box_h = 16, .ofs_x = 1, .ofs_y = -3},
    {.bitmap_index = 23300, .adv_w = 281, .box_w = 17, .box_h = 14, .ofs_x = 1, .ofs_y = -4},
    {.bitmap_index = 23419, .adv_w = 281, .box_w = 16, .box_h = 13, .ofs_x = 1, .ofs_y = 0},
    {.bitmap_index = 23523, .adv_w = 232, .box_w = 14, .box_h = 10, .ofs_x = 0, .ofs_y = 0},
    {.bitmap_index = 23593, .adv_w = 207, .box_w = 13, .box_h = 16, .ofs_x = 0, .ofs_y = -3},
    {.bitmap_index = 23697, .adv_w = 164, .box_w = 10, .box_h = 12, .ofs_x = 0, .ofs_y = -2},
    {.bitmap_index = 23757, .adv_w = 174, .box_w = 11, .box_h = 16, .ofs_x = 0, .ofs_y = -3},
    {.bitmap_index = 23845, .adv_w = 142, .box_w = 9, .box_h = 12, .ofs_x = 0, .ofs_y = -2},
    {.bitmap_index = 23899, .adv_w = 192, .box_w = 12, .box_h = 13, .ofs_x = 0, .ofs_y = 0},
    {.bitmap_index = 23977, .adv_w = 165, .box_w = 11, .box_h = 14, .ofs_x = 0, .ofs_y = -4},
    {.bitmap_index = 24054, .adv_w = 186, .box_w = 13, .box_h = 13, .ofs_x = -1, .ofs_y = 0},
    {.bitmap_index = 24139, .adv_w = 165, .box_w = 11, .box_h = 14, .ofs_x = 0, .ofs_y = -4},
    {.bitmap_index = 24216, .adv_w = 203, .box_w = 13, .box_h = 16, .ofs_x = 0, .ofs_y = -3},
    {.bitmap_index = 24320, .adv_w = 156, .box_w = 11, .box_h = 12, .ofs_x = 0, .ofs_y = -2},
    {.bitmap_index = 24386, .adv_w = 281, .box_w = 18, .box_h = 16, .ofs_x = 0, .ofs_y = -3},
    {.bitmap_index = 24530, .adv_w = 222, .box_w = 14, .box_h = 13, .ofs_x = 0, .ofs_y = -3},
    {.bitmap_index = 24621, .adv_w = 220, .box_w = 14, .box_h = 16, .ofs_x = 0, .ofs_y = -3},
    {.bitmap_index = 24733, .adv_w = 183, .box_w = 11, .box_h = 12, .ofs_x = 0, .ofs_y = -2},
    {.bitmap_index = 24799, .adv_w = 212, .box_w = 12, .box_h = 13, .ofs_x = 0, .ofs_y = 0},
    {.bitmap_index = 24877, .adv_w = 175, .box_w = 10, .box_h = 10, .ofs_x = 0, .ofs_y = 0},
    {.bitmap_index = 24927, .adv_w = 212, .box_w = 12, .box_h = 13, .ofs_x = 1, .ofs_y = 0},
    {.bitmap_index = 25005, .adv_w = 194, .box_w = 10, .box_h = 14, .ofs_x = 1, .ofs_y = 0},
    {.bitmap_index = 25075, .adv_w = 285, .box_w = 18, .box_h = 13, .ofs_x = 0, .ofs_y = 0},
    {.bitmap_index = 25192, .adv_w = 222, .box_w = 14, .box_h = 10, .ofs_x = 0, .ofs_y = 0},
    {.bitmap_index = 25262, .adv_w = 285, .box_w = 18, .box_h = 16, .ofs_x = 0, .ofs_y = -3},
    {.bitmap_index = 25406, .adv_w = 222, .box_w = 14, .box_h = 12, .ofs_x = 0, .ofs_y = -2},
    {.bitmap_index = 25490, .adv_w = 92, .box_w = 3, .box_h = 13, .ofs_x = 1, .ofs_y = 0},
    {.bitmap_index = 25510, .adv_w = 296, .box_w = 19, .box_h = 17, .ofs_x = 0, .ofs_y = 0},
    {.bitmap_index = 25672, .adv_w = 245, .box_w = 16, .box_h = 14, .ofs_x = 0, .ofs_y = 0},
    {.bitmap_index = 25784, .adv_w = 206, .box_w = 12, .box_h = 17, .ofs_x = 1, .ofs_y = -4},
    {.bitmap_index = 25886, .adv_w = 172, .box_w = 10, .box_h = 14, .ofs_x = 1, .ofs_y = -4},
    {.bitmap_index = 25956, .adv_w = 191, .box_w = 12, .box_h = 13, .ofs_x = 0, .ofs_y = -3},
    {.bitmap_index = 26034, .adv_w = 235, .box_w = 12, .box_h = 17, .ofs_x = 1, .ofs_y = -4},
    {.bitmap_index = 26136, .adv_w = 198, .box_w = 10, .box_h = 14, .ofs_x = 1, .ofs_y = -4},
    {.bitmap_index = 26206, .adv_w = 244, .box_w = 14, .box_h = 16, .ofs_x = 1, .ofs_y = -3},
    {.bitmap_index = 26318, .adv_w = 202, .box_w = 12, .box_h = 12, .ofs_x = 1, .ofs_y = -2},
    {.bitmap_index = 26390, .adv_w = 211, .box_w = 12, .box_h = 16, .ofs_x = 0, .ofs_y = -3},
    {.bitmap_index = 26486, .adv_w = 175, .box_w = 10, .box_h = 12, .ofs_x = 0, .ofs_y = -2},
    {.bitmap_index = 26546, .adv_w = 288, .box_w = 17, .box_h = 16, .ofs_x = 1, .ofs_y = -3},
    {.bitmap_index = 26682, .adv_w = 239, .box_w = 14, .box_h = 12, .ofs_x = 1, .ofs_y = -2},
    {.bitmap_index = 26766, .adv_w = 82, .box_w = 3, .box_h = 14, .ofs_x = 1, .ofs_y = 0},
    {.bitmap_index = 26787, .adv_w = 218, .box_w = 14, .box_h = 17, .ofs_x = 0, .ofs_y = 0},
    {.bitmap_index = 26906, .adv_w = 170, .box_w = 10, .box_h = 14, .ofs_x = 0, .ofs_y = 0},
    {.bitmap_index = 26976, .adv_w = 218, .box_w = 14, .box_h = 16, .ofs_x = 0, .ofs_y = 0},
    {.bitmap_index = 27088, .adv_w = 170, .box_w = 10, .box_h = 13, .ofs_x = 0, .ofs_y = 0},
    {.bitmap_index = 27153, .adv_w = 301, .box_w = 18, .box_h = 13, .ofs_x = 0, .ofs_y = 0},
    {.bitmap_index = 27270, .adv_w = 287, .box_w = 18, .box_h = 10, .ofs_x = 0, .ofs_y = 0},
    {.bitmap_index = 27360, .adv_w = 192, .box_w = 11, .box_h = 17, .ofs_x = 1, .ofs_y = 0},
    {.bitmap_index = 27454, .adv_w = 181, .box_w = 11, .box_h = 14, .ofs_x = 0, .ofs_y = 0},
    {.bitmap_index = 27531, .adv_w = 237, .box_w = 14, .box_h = 13, .ofs_x = 0, .ofs_y = 0},
    {.bitmap_index = 27622, .adv_w = 181, .box_w = 10, .box_h = 10, .ofs_x = 1, .ofs_y = 0},
    {.bitmap_index = 27672, .adv_w = 237, .box_w = 14, .box_h = 17, .ofs_x = 0, .ofs_y = 0},
    {.bitmap_index = 27791, .adv_w = 181, .box_w = 10, .box_h = 13, .ofs_x = 1, .ofs_y = 0},
    {.bitmap_index = 27856, .adv_w = 296, .box_w = 19, .box_h = 16, .ofs_x = 0, .ofs_y = 0},
    {.bitmap_index = 28008, .adv_w = 245, .box_w = 16, .box_h = 13, .ofs_x = 0, .ofs_y = 0},
    {.bitmap_index = 28112, .adv_w = 185, .box_w = 11, .box_h = 17, .ofs_x = 0, .ofs_y = 0},
    {.bitmap_index = 28206, .adv_w = 157, .box_w = 9, .box_h = 13, .ofs_x = 0, .ofs_y = 0},
    {.bitmap_index = 28265, .adv_w = 179, .box_w = 11, .box_h = 13, .ofs_x = 0, .ofs_y = 0},
    {.bitmap_index = 28337, .adv_w = 152, .box_w = 10, .box_h = 14, .ofs_x = -1, .ofs_y = -4},
    {.bitmap_index = 28407, .adv_w = 237, .box_w = 12, .box_h = 16, .ofs_x = 1, .ofs_y = 0},
    {.bitmap_index = 28503, .adv_w = 200, .box_w = 10, .box_h = 13, .ofs_x = 1, .ofs_y = 0},
    {.bitmap_index = 28568, .adv_w = 237, .box_w = 12, .box_h = 16, .ofs_x = 1, .ofs_y = 0},
    {.bitmap_index = 28664, .adv_w = 200, .box_w = 10, .box_h = 13, .ofs_x = 1, .ofs_y = 0},
    {.bitmap_index = 28729, .adv_w = 244, .box_w = 15, .box_h = 17, .ofs_x = 0, .ofs_y = 0},
    {.bitmap_index = 28857, .adv_w = 185, .box_w = 11, .box_h = 13, .ofs_x = 0, .ofs_y = 0},
    {.bitmap_index = 28929, .adv_w = 244, .box_w = 15, .box_h = 13, .ofs_x = 0, .ofs_y = 0},
    {.bitmap_index = 29027, .adv_w = 187, .box_w = 11, .box_h = 10, .ofs_x = 0, .ofs_y = 0},
    {.bitmap_index = 29082, .adv_w = 244, .box_w = 15, .box_h = 17, .ofs_x = 0, .ofs_y = 0},
    {.bitmap_index = 29210, .adv_w = 187, .box_w = 11, .box_h = 13, .ofs_x = 0, .ofs_y = 0},
    {.bitmap_index = 29282, .adv_w = 204, .box_w = 12, .box_h = 17, .ofs_x = 0, .ofs_y = 0},
    {.bitmap_index = 29384, .adv_w = 166, .box_w = 10, .box_h = 13, .ofs_x = 0, .ofs_y = 0},
    {.bitmap_index = 29449, .adv_w = 199, .box_w = 13, .box_h = 16, .ofs_x = 0, .ofs_y = 0},
    {.bitmap_index = 29553, .adv_w = 164, .box_w = 12, .box_h = 17, .ofs_x = -1, .ofs_y = -4},
    {.bitmap_index = 29655, .adv_w = 199, .box_w = 13, .box_h = 17, .ofs_x = 0, .ofs_y = 0},
    {.bitmap_index = 29766, .adv_w = 164, .box_w = 12, .box_h = 17, .ofs_x = -1, .ofs_y = -4},
    {.bitmap_index = 29868, .adv_w = 199, .box_w = 13, .box_h = 17, .ofs_x = 0, .ofs_y = 0},
    {.bitmap_index = 29979, .adv_w = 164, .box_w = 12, .box_h = 18, .ofs_x = -1, .ofs_y = -4},
    {.bitmap_index = 30087, .adv_w = 212, .box_w = 12, .box_h = 16, .ofs_x = 0, .ofs_y = 0},
    {.bitmap_index = 30183, .adv_w = 175, .box_w = 10, .box_h = 13, .ofs_x = 0, .ofs_y = 0},
    {.bitmap_index = 30248, .adv_w = 166, .box_w = 10, .box_h = 16, .ofs_x = 1, .ofs_y = -3},
    {.bitmap_index = 30328, .adv_w = 141, .box_w = 8, .box_h = 12, .ofs_x = 1, .ofs_y = -2},
    {.bitmap_index = 30376, .adv_w = 286, .box_w = 15, .box_h = 16, .ofs_x = 1, .ofs_y = 0},
    {.bitmap_index = 30496, .adv_w = 232, .box_w = 12, .box_h = 13, .ofs_x = 1, .ofs_y = 0},
    {.bitmap_index = 30574, .adv_w = 178, .box_w = 11, .box_h = 17, .ofs_x = 0, .ofs_y = -4},
    {.bitmap_index = 30668, .adv_w = 142, .box_w = 9, .box_h = 14, .ofs_x = 0, .ofs_y = -4},
    {.bitmap_index = 30731, .adv_w = 194, .box_w = 12, .box_h = 17, .ofs_x = 0, .ofs_y = -4},
    {.bitmap_index = 30833, .adv_w = 156, .box_w = 10, .box_h = 14, .ofs_x = 0, .ofs_y = -4},
    {.bitmap_index = 30903, .adv_w = 197, .box_w = 12, .box_h = 13, .ofs_x = 0, .ofs_y = 0},
    {.bitmap_index = 30981, .adv_w = 164, .box_w = 10, .box_h = 10, .ofs_x = 0, .ofs_y = 0},
    {.bitmap_index = 31031, .adv_w = 90, .box_w = 4, .box_h = 4, .ofs_x = 1, .ofs_y = 3},
    {.bitmap_index = 31039, .adv_w = 288, .box_w = 19, .box_h = 19, .ofs_x = 0, .ofs_y = -3},
    {.bitmap_index = 31220, .adv_w = 288, .box_w = 18, .box_h = 14, .ofs_x = 0, .ofs_y = 0},
    {.bitmap_index = 31346, .adv_w = 288, .box_w = 18, .box_h = 17, .ofs_x = 0, .ofs_y = -2},
    {.bitmap_index = 31499, .adv_w = 288, .box_w = 18, .box_h = 14, .ofs_x = 0, .ofs_y = 0},
    {.bitmap_index = 31625, .adv_w = 198, .box_w = 13, .box_h = 13, .ofs_x = 0, .ofs_y = 0},
    {.bitmap_index = 31710, .adv_w = 288, .box_w = 19, .box_h = 18, .ofs_x = 0, .ofs_y = -2},
    {.bitmap_index = 31881, .adv_w = 288, .box_w = 18, .box_h = 19, .ofs_x = 0, .ofs_y = -3},
    {.bitmap_index = 32052, .adv_w = 324, .box_w = 21, .box_h = 17, .ofs_x = 0, .ofs_y = -2},
    {.bitmap_index = 32231, .adv_w = 288, .box_w = 18, .box_h = 19, .ofs_x = 0, .ofs_y = -3},
    {.bitmap_index = 32402, .adv_w = 324, .box_w = 21, .box_h = 14, .ofs_x = 0, .ofs_y = 0},
    {.bitmap_index = 32549, .adv_w = 288, .box_w = 18, .box_h = 19, .ofs_x = 0, .ofs_y = -3},
    {.bitmap_index = 32720, .adv_w = 144, .box_w = 9, .box_h = 15, .ofs_x = 0, .ofs_y = -1},
    {.bitmap_index = 32788, .adv_w = 216, .box_w = 14, .box_h = 15, .ofs_x = 0, .ofs_y = -1},
    {.bitmap_index = 32893, .adv_w = 324, .box_w = 21, .box_h = 18, .ofs_x = 0, .ofs_y = -2},
    {.bitmap_index = 33082, .adv_w = 288, .box_w = 18, .box_h = 14, .ofs_x = 0, .ofs_y = 0},
    {.bitmap_index = 33208, .adv_w = 198, .box_w = 13, .box_h = 19, .ofs_x = 0, .ofs_y = -3},
    {.bitmap_index = 33332, .adv_w = 252, .box_w = 12, .box_h = 17, .ofs_x = 2, .ofs_y = -2},
    {.bitmap_index = 33434, .adv_w = 252, .box_w = 16, .box_h = 19, .ofs_x = 0, .ofs_y = -3},
    {.bitmap_index = 33586, .adv_w = 252, .box_w = 16, .box_h = 17, .ofs_x = 0, .ofs_y = -2},
    {.bitmap_index = 33722, .adv_w = 252, .box_w = 16, .box_h = 17, .ofs_x = 0, .ofs_y = -2},
    {.bitmap_index = 33858, .adv_w = 252, .box_w = 12, .box_h = 17, .ofs_x = 2, .ofs_y = -2},
    {.bitmap_index = 33960, .adv_w = 252, .box_w = 18, .box_h = 17, .ofs_x = -1, .ofs_y = -2},
    {.bitmap_index = 34113, .adv_w = 180, .box_w = 11, .box_h = 16, .ofs_x = 0, .ofs_y = -1},
    {.bitmap_index = 34201, .adv_w = 180, .box_w = 11, .box_h = 16, .ofs_x = 0, .ofs_y = -1},
    {.bitmap_index = 34289, .adv_w = 252, .box_w = 16, .box_h = 17, .ofs_x = 0, .ofs_y = -2},
    {.bitmap_index = 34425, .adv_w = 252, .box_w = 16, .box_h = 4, .ofs_x = 0, .ofs_y = 5},
    {.bitmap_index = 34457, .adv_w = 324, .box_w = 21, .box_h = 14, .ofs_x = 0, .ofs_y = 0},
    {.bitmap_index = 34604, .adv_w = 360, .box_w = 23, .box_h = 19, .ofs_x = 0, .ofs_y = -3},
    {.bitmap_index = 34823, .adv_w = 324, .box_w = 22, .box_h = 19, .ofs_x = -1, .ofs_y = -3},
    {.bitmap_index = 35032, .adv_w = 288, .box_w = 18, .box_h = 17, .ofs_x = 0, .ofs_y = -2},
    {.bitmap_index = 35185, .adv_w = 252, .box_w = 16, .box_h = 10, .ofs_x = 0, .ofs_y = 2},
    {.bitmap_index = 35265, .adv_w = 252, .box_w = 16, .box_h = 10, .ofs_x = 0, .ofs_y = 2},
    {.bitmap_index = 35345, .adv_w = 360, .box_w = 24, .box_h = 15, .ofs_x = -1, .ofs_y = -1},
    {.bitmap_index = 35525, .adv_w = 288, .box_w = 18, .box_h = 14, .ofs_x = 0, .ofs_y = 0},
    {.bitmap_index = 35651, .adv_w = 288, .box_w = 18, .box_h = 19, .ofs_x = 0, .ofs_y = -3},
    {.bitmap_index = 35822, .adv_w = 288, .box_w = 19, .box_h = 19, .ofs_x = -1, .ofs_y = -3},
    {.bitmap_index = 36003, .adv_w = 252, .box_w = 16, .box_h = 17, .ofs_x = 0, .ofs_y = -2},
    {.bitmap_index = 36139, .adv_w = 252, .box_w = 16, .box_h = 19, .ofs_x = 0, .ofs_y = -3},
    {.bitmap_index = 36291, .adv_w = 252, .box_w = 16, .box_h = 17, .ofs_x = 0, .ofs_y = -2},
    {.bitmap_index = 36427, .adv_w = 252, .box_w = 16, .box_h = 15, .ofs_x = 0, .ofs_y = -1},
    {.bitmap_index = 36547, .adv_w = 288, .box_w = 18, .box_h = 14, .ofs_x = 0, .ofs_y = 0},
    {.bitmap_index = 36673, .adv_w = 180, .box_w = 13, .box_h = 19, .ofs_x = -1, .ofs_y = -3},
    {.bitmap_index = 36797, .adv_w = 252, .box_w = 16, .box_h = 19, .ofs_x = 0, .ofs_y = -3},
    {.bitmap_index = 36949, .adv_w = 252, .box_w = 16, .box_h = 19, .ofs_x = 0, .ofs_y = -3},
    {.bitmap_index = 37101, .adv_w = 324, .box_w = 21, .box_h = 14, .ofs_x = 0, .ofs_y = 0},
    {.bitmap_index = 37248, .adv_w = 288, .box_w = 20, .box_h = 20, .ofs_x = -1, .ofs_y = -3},
    {.bitmap_index = 37448, .adv_w = 216, .box_w = 14, .box_h = 19, .ofs_x = 0, .ofs_y = -3},
    {.bitmap_index = 37581, .adv_w = 360, .box_w = 23, .box_h = 18, .ofs_x = 0, .ofs_y = -2},
    {.bitmap_index = 37788, .adv_w = 360, .box_w = 23, .box_h = 12, .ofs_x = 0, .ofs_y = 1},
    {.bitmap_index = 37926, .adv_w = 360, .box_w = 23, .box_h = 12, .ofs_x = 0, .ofs_y = 1},
    {.bitmap_index = 38064, .adv_w = 360, .box_w = 23, .box_h = 12, .ofs_x = 0, .ofs_y = 1},
    {.bitmap_index = 38202, .adv_w = 360, .box_w = 23, .box_h = 12, .ofs_x = 0, .ofs_y = 1},
    {.bitmap_index = 38340, .adv_w = 360, .box_w = 23, .box_h = 12, .ofs_x = 0, .ofs_y = 1},
    {.bitmap_index = 38478, .adv_w = 360, .box_w = 23, .box_h = 15, .ofs_x = 0, .ofs_y = -1},
    {.bitmap_index = 38651, .adv_w = 252, .box_w = 14, .box_h = 19, .ofs_x = 1, .ofs_y = -3},
    {.bitmap_index = 38784, .adv_w = 252, .box_w = 16, .box_h = 19, .ofs_x = 0, .ofs_y = -3},
    {.bitmap_index = 38936, .adv_w = 288, .box_w = 19, .box_h = 19, .ofs_x = -1, .ofs_y = -3},
    {.bitmap_index = 39117, .adv_w = 360, .box_w = 23, .box_h = 14, .ofs_x = 0, .ofs_y = 0},
    {.bitmap_index = 39278, .adv_w = 216, .box_w = 14, .box_h = 19, .ofs_x = 0, .ofs_y = -3},
    {.bitmap_index = 39411, .adv_w = 290, .box_w = 19, .box_h = 12, .ofs_x = 0, .ofs_y = 1}
};

/*---------------------
 *  CHARACTER MAPPING
 *--------------------*/

static const uint16_t unicode_list_3[] = {
    0x0, 0x1, 0x8, 0x9, 0x10, 0x11, 0x12, 0x13
};

static const uint16_t unicode_list_6[] = {
    0x0, 0xcfdf, 0xcfe6, 0xcfe9, 0xcfea, 0xcfeb, 0xcfef, 0xcff1,
    0xcff3, 0xcff7, 0xcffa, 0xcfff, 0xd004, 0xd005, 0xd006, 0xd01c,
    0xd021, 0xd026, 0xd029, 0xd02a, 0xd02b, 0xd02f, 0xd030, 0xd031,
    0xd032, 0xd045, 0xd046, 0xd04c, 0xd04e, 0xd04f, 0xd052, 0xd055,
    0xd056, 0xd057, 0xd059, 0xd071, 0xd073, 0xd0a2, 0xd0a3, 0xd0a5,
    0xd0a7, 0xd0be, 0xd0c5, 0xd0c8, 0xd0d1, 0xd0fa, 0xd102, 0xd139,
    0xd1c9, 0xd21e, 0xd21f, 0xd220, 0xd221, 0xd222, 0xd265, 0xd271,
    0xd2cb, 0xd2e2, 0xd538, 0xd7a0, 0xd880
};

/*Collect the unicode lists and glyph_id offsets*/
static const lv_font_fmt_txt_cmap_t cmaps[] =
{
    {
        .range_start = 32, .range_length = 95, .glyph_id_start = 1,
        .unicode_list = NULL, .glyph_id_ofs_list = NULL, .list_length = 0, .type = LV_FONT_FMT_TXT_CMAP_FORMAT0_TINY
    },
    {
        .range_start = 160, .range_length = 96, .glyph_id_start = 96,
        .unicode_list = NULL, .glyph_id_ofs_list = NULL, .list_length = 0, .type = LV_FONT_FMT_TXT_CMAP_FORMAT0_TINY
    },
    {
        .range_start = 1024, .range_length = 96, .glyph_id_start = 192,
        .unicode_list = NULL, .glyph_id_ofs_list = NULL, .list_length = 0, .type = LV_FONT_FMT_TXT_CMAP_FORMAT0_TINY
    },
    {
        .range_start = 1122, .range_length = 20, .glyph_id_start = 288,
        .unicode_list = unicode_list_3, .glyph_id_ofs_list = NULL, .list_length = 8, .type = LV_FONT_FMT_TXT_CMAP_SPARSE_TINY
    },
    {
        .range_start = 1162, .range_length = 59, .glyph_id_start = 296,
        .unicode_list = NULL, .glyph_id_ofs_list = NULL, .list_length = 0, .type = LV_FONT_FMT_TXT_CMAP_FORMAT0_TINY
    },
    {
        .range_start = 1222, .range_length = 58, .glyph_id_start = 355,
        .unicode_list = NULL, .glyph_id_ofs_list = NULL, .list_length = 0, .type = LV_FONT_FMT_TXT_CMAP_FORMAT0_TINY
    },
    {
        .range_start = 8226, .range_length = 55425, .glyph_id_start = 413,
        .unicode_list = unicode_list_6, .glyph_id_ofs_list = NULL, .list_length = 61, .type = LV_FONT_FMT_TXT_CMAP_SPARSE_TINY
    }
};

/*-----------------
 *    KERNING
 *----------------*/


/*Map glyph_ids to kern left classes*/
static const uint8_t kern_left_class_mapping[] =
{
    0, 0, 1, 2, 0, 3, 4, 5,
    2, 6, 7, 8, 9, 10, 9, 10,
    11, 12, 0, 13, 14, 15, 16, 17,
    18, 19, 12, 20, 20, 0, 0, 0,
    21, 22, 23, 24, 25, 22, 26, 27,
    28, 29, 29, 30, 31, 32, 29, 29,
    22, 33, 34, 35, 3, 36, 30, 37,
    37, 38, 39, 40, 41, 42, 43, 0,
    44, 0, 45, 46, 47, 48, 49, 50,
    51, 45, 52, 52, 53, 48, 45, 45,
    46, 46, 54, 55, 56, 57, 51, 58,
    58, 59, 58, 60, 41, 0, 0, 9,
    0, 61, 47, 62, 63, 64, 0, 65,
    0, 22, 8, 66, 0, 9, 22, 0,
    67, 0, 0, 0, 0, 51, 29, 9,
    0, 0, 8, 9, 0, 0, 0, 68,
    23, 23, 23, 23, 23, 23, 26, 25,
    26, 26, 26, 26, 29, 29, 29, 29,
    22, 29, 22, 22, 22, 22, 22, 0,
    22, 30, 30, 30, 30, 39, 69, 46,
    45, 45, 45, 45, 45, 45, 49, 47,
    49, 49, 49, 49, 51, 51, 70, 51,
    71, 45, 46, 46, 46, 46, 46, 9,
    46, 51, 51, 51, 51, 58, 46, 58,
    26, 26, 72, 73, 25, 3, 29, 29,
    30, 74, 74, 72, 38, 29, 75, 29,
    23, 76, 24, 73, 77, 26, 38, 24,
    29, 29, 38, 29, 29, 29, 22, 29,
    33, 25, 78, 75, 22, 38, 77, 29,
    29, 77, 74, 29, 74, 22, 22, 29,
    51, 46, 79, 80, 51, 49, 59, 79,
    51, 51, 59, 51, 51, 51, 46, 51,
    46, 47, 80, 58, 46, 59, 51, 51,
    51, 51, 81, 51, 81, 46, 46, 51,
    49, 49, 51, 0, 47, 56, 51, 51,
    51, 81, 81, 45, 59, 51, 58, 51,
    82, 83, 38, 59, 22, 46, 75, 58,
    77, 51, 74, 83, 33, 46, 73, 0,
    84, 80, 82, 83, 38, 59, 24, 79,
    38, 59, 38, 59, 31, 53, 38, 59,
    77, 51, 73, 80, 85, 51, 46, 46,
    25, 47, 78, 55, 86, 58, 86, 58,
    38, 59, 77, 51, 77, 51, 29, 51,
    85, 45, 22, 49, 22, 49, 29, 38,
    59, 31, 59, 51, 29, 51, 77, 51,
    29, 51, 77, 51, 48, 23, 45, 23,
    45, 26, 49, 26, 49, 22, 46, 22,
    46, 38, 59, 24, 79, 24, 79, 29,
    51, 29, 51, 22, 46, 22, 46, 22,
    46, 22, 46, 75, 58, 75, 58, 75,
    58, 29, 51, 73, 0, 29, 51, 78,
    55, 38, 87, 38, 59, 9, 0, 0,
    0, 0, 0, 0, 0, 0, 0, 0,
    0, 0, 0, 0, 0, 0, 0, 0,
    0, 0, 0, 0, 0, 0, 0, 0,
    0, 0, 0, 0, 0, 0, 0, 0,
    0, 0, 0, 0, 0, 0, 0, 0,
    0, 0, 0, 0, 0, 0, 0, 0,
    0, 0, 0, 0, 0, 0, 0, 0,
    0, 0
};

/*Map glyph_ids to kern right classes*/
static const uint8_t kern_right_class_mapping[] =
{
    0, 0, 1, 2, 0, 3, 4, 5,
    2, 6, 7, 8, 9, 10, 9, 10,
    11, 12, 13, 14, 15, 16, 17, 12,
    18, 19, 20, 21, 21, 0, 0, 0,
    22, 23, 24, 25, 23, 25, 25, 25,
    23, 25, 25, 26, 25, 25, 25, 25,
    23, 25, 23, 25, 3, 27, 28, 29,
    29, 30, 31, 32, 33, 34, 35, 0,
    36, 0, 37, 38, 39, 39, 39, 0,
    39, 38, 40, 41, 38, 38, 42, 42,
    39, 42, 39, 42, 43, 44, 45, 46,
    46, 47, 46, 48, 0, 0, 35, 9,
    0, 49, 39, 50, 51, 52, 0, 53,
    0, 23, 8, 9, 9, 9, 23, 0,
    54, 0, 0, 0, 0, 42, 55, 9,
    0, 0, 8, 56, 0, 0, 0, 57,
    24, 24, 24, 24, 24, 24, 24, 23,
    25, 25, 25, 25, 25, 25, 25, 25,
    25, 25, 23, 23, 23, 23, 23, 0,
    23, 28, 28, 28, 28, 31, 25, 38,
    37, 37, 37, 37, 37, 37, 37, 39,
    39, 39, 39, 39, 58, 42, 59, 60,
    39, 42, 39, 39, 39, 39, 39, 9,
    39, 45, 45, 45, 45, 46, 38, 46,
    25, 25, 27, 25, 23, 3, 25, 25,
    26, 61, 25, 27, 25, 25, 30, 25,
    24, 25, 25, 25, 61, 25, 30, 62,
    25, 25, 25, 61, 25, 25, 23, 25,
    25, 23, 27, 30, 23, 30, 25, 63,
    25, 25, 27, 25, 25, 62, 25, 30,
    37, 23, 42, 42, 64, 39, 47, 65,
    42, 42, 42, 64, 42, 42, 39, 42,
    42, 39, 66, 46, 39, 47, 42, 45,
    42, 42, 66, 42, 42, 65, 42, 47,
    39, 39, 38, 42, 39, 43, 42, 42,
    67, 64, 42, 68, 42, 42, 46, 42,
    27, 66, 30, 47, 23, 39, 29, 46,
    25, 42, 25, 69, 25, 42, 25, 42,
    0, 70, 25, 42, 30, 47, 62, 65,
    25, 42, 25, 42, 25, 38, 27, 66,
    25, 42, 25, 42, 25, 42, 23, 39,
    23, 39, 27, 66, 31, 46, 31, 46,
    30, 47, 27, 66, 63, 45, 63, 45,
    25, 38, 71, 72, 71, 72, 25, 30,
    47, 25, 42, 64, 25, 42, 25, 42,
    63, 45, 25, 42, 38, 24, 37, 24,
    37, 24, 37, 25, 39, 23, 39, 23,
    39, 30, 47, 62, 65, 62, 65, 25,
    42, 25, 42, 23, 39, 23, 39, 23,
    39, 62, 65, 30, 46, 30, 46, 30,
    46, 63, 45, 25, 42, 25, 42, 25,
    42, 30, 47, 30, 47, 9, 0, 0,
    0, 0, 0, 0, 0, 0, 0, 0,
    0, 0, 0, 0, 0, 0, 0, 0,
    0, 0, 0, 0, 0, 0, 0, 0,
    0, 0, 0, 0, 0, 0, 0, 0,
    0, 0, 0, 0, 0, 0, 0, 0,
    0, 0, 0, 0, 0, 0, 0, 0,
    0, 0, 0, 0, 0, 0, 0, 0,
    0, 0
};

/*Kern values between classes*/
static const int8_t kern_class_values[] =
{
    0, 1, 0, 0, 0, 0, 0, 0,
    0, 1, 0, 0, 3, 0, 0, 0,
    0, 2, 0, 0, 0, 0, 0, 0,
    0, 0, 0, 0, 0, 0, 0, 0,
    0, 0, 1, 0, 0, 0, 0, 0,
    0, 0, 0, 0, 0, 0, 0, 0,
    0, 0, 0, 3, 0, 0, 0, 0,
    0, 0, 0, 0, 0, 0, 0, 0,
    0, 0, 0, 0, 0, 0, 0, 0,
    1, 13, 0, 8, -6, 0, 0, 0,
    0, -16, -17, 2, 14, 6, 5, -12,
    2, 14, 1, 12, 3, 9, 0, 0,
    0, 0, 0, 0, 0, 0, 0, 0,
    0, 17, 2, -2, 0, 0, 0, 0,
    0, 0, 0, 0, 0, 0, 0, 0,
    0, 0, -6, 6, 0, 6, 13, 0,
    -12, 0, 0, 0, 0, 0, 0, 0,
    0, 0, 0, 0, 0, 0, 0, 0,
    0, -9, 0, 0, 0, 0, 0, -6,
    5, 6, 0, 0, -3, 0, -2, 3,
    0, -3, 0, -3, -1, -6, 0, 0,
    0, 0, -3, 0, 0, -4, -4, 0,
    0, -3, 0, -6, 0, 0, 0, 0,
    0, 0, 0, 0, 0, -3, -3, 0,
    -1, 0, 0, 0, 0, -4, 0, 0,
    -3, 0, 0, 0, -5, 0, -6, 0,
    -2, -3, 0, 0, -4, 0, -9, -6,
    0, -8, 0, -35, 0, 0, -6, 0,
    6, 9, 0, 0, -6, 3, 3, 10,
    6, -5, 6, 0, 0, -16, 0, 0,
    0, 0, 0, 0, 0, 0, 0, 0,
    0, -11, 0, 0, 0, 0, 0, 0,
    0, 0, 0, 0, 0, 0, 0, 0,
    0, 0, 0, 0, 0, -8, 0, 0,
    0, 0, 0, 0, 0, 0, 0, 0,
    0, 0, 0, 0, 0, 0, 0, 0,
    -3, -14, 0, -12, -2, 0, 0, 0,
    0, 1, 11, 0, -9, -2, -1, 1,
    0, -5, 0, 0, -2, -21, 0, 0,
    0, 0, 0, 0, 0, 0, 0, 0,
    0, -23, -2, 11, 0, 0, 0, 0,
    0, 0, 0, 0, 0, 0, 0, 0,
    -3, 0, 0, 0, 0, -12, -13, 0,
    -1, 0, 0, 0, 0, 0, 0, 0,
    0, 0, 0, 0, 0, 0, 0, 0,
    0, 0, 0, 0, 0, 0, 0, 0,
    0, 0, 10, 0, 3, 0, 0, -6,
    0, 0, 0, 0, 0, 0, 0, 0,
    0, 0, 0, 0, 0, 0, 0, 0,
    0, 11, 2, 1, 0, 0, 0, 0,
    0, 0, 0, 0, 0, 0, 0, 0,
    0, 0, 0, 4, 0, 0, 0, 0,
    0, 0, 0, 0, 0, 0, 0, 0,
    0, 0, 0, 0, 0, 0, 0, 0,
    0, 0, 0, 0, 0, 0, 0, 0,
    0, 0, 0, 0, 0, 0, 0, 0,
    0, 0, 0, 0, 0, 0, 0, 0,
    0, 0, -11, 0, 0, 0, 0, 0,
    0, 0, 0, 0, 0, 0, 0, 0,
    0, 0, 0, 0, 0, 0, 0, 0,
    0, 0, 0, 0, 0, 0, 0, 0,
    0, 0, 0, 0, 0, 0, -10, 0,
    0, 0, 0, 0, 0, 0, 0, 0,
    2, 6, 3, 9, -3, 0, 0, 6,
    -3, -10, -39, 2, 8, 6, 1, -4,
    0, 10, 0, 9, 0, 9, 0, -27,
    0, -3, 9, 0, 10, -3, 6, 3,
    0, 0, 1, -3, 0, 0, -5, 23,
    0, 23, 0, 9, 0, 12, 4, 5,
    0, 0, 2, 0, 0, 9, 11, 4,
    -24, 23, 23, 23, 0, 0, 0, 0,
    0, 0, 0, 0, 0, 0, 0, 0,
    0, 0, 0, -11, 0, 0, 0, 0,
    1, -2, 0, 2, -5, -4, -6, 2,
    0, -3, 0, 0, 0, -12, 0, 0,
    0, 0, 0, 0, 0, 0, 0, 0,
    0, -19, 0, 0, 0, 0, 0, 0,
    0, 0, 0, 0, 0, 0, 0, 0,
    0, 0, 2, -7, 3, 0, -25, -3,
    0, 0, 0, 0, 0, 0, 0, 0,
    0, 0, 0, 0, 0, 0, 0, 0,
    1, -16, 0, -18, 0, 0, 0, 0,
    -2, 0, 29, -3, -4, 3, 3, -3,
    0, -4, 3, 0, 0, -15, 0, 0,
    0, 0, 0, 0, 0, 0, 0, 0,
    0, -28, 0, 3, 0, 0, 0, 0,
    0, 0, 0, 0, 0, 0, 0, 0,
    1, 0, -3, -9, 0, -18, -37, 1,
    3, 0, 0, 0, 0, 0, 0, 0,
    0, 0, 0, 0, 0, 0, 0, 0,
    0, 17, 0, 0, -11, 0, 10, 0,
    -20, -28, -20, -6, 9, 0, 0, -19,
    0, 3, -7, 0, -4, 0, 0, 0,
    0, 0, 0, 0, 0, 0, 0, 0,
    0, 7, 9, -35, 0, 0, 0, 0,
    0, 0, 0, 0, 0, 0, 0, 0,
    -19, -3, 0, 12, -6, 14, 0, -14,
    -22, 0, 0, 0, 0, 0, 0, 0,
    0, 0, 0, 0, 0, 0, 0, 0,
    0, 2, 0, 0, 0, 0, 0, 2,
    2, -3, -6, 0, -1, -1, -3, 0,
    0, -2, 0, 0, 0, -6, 0, -2,
    0, -7, -6, 0, -7, -10, -10, -5,
    0, -6, 0, -6, 0, 0, 0, 0,
    -2, 0, 0, 3, 0, 2, -3, 0,
    0, 0, 0, -3, 0, 1, 0, 0,
    -9, 0, 0, 0, 0, 0, 0, 0,
    0, 0, -2, 0, 0, 0, 0, 0,
    0, 0, 0, 3, -2, 0, 0, 0,
    -2, 3, 3, -1, 0, 0, 0, -5,
    0, -1, 0, 0, 0, 0, 0, 1,
    0, 4, -2, 0, -3, 0, -5, 0,
    0, -2, 0, 9, 0, 0, -3, 0,
    0, 0, 0, 0, -1, 1, -2, -2,
    0, 0, 0, 0, 0, 0, 0, 0,
    0, 0, 0, 0, 0, 0, 0, 0,
    0, 0, 0, 0, 0, 0, 0, 0,
    0, -3, 0, -3, 0, 0, 0, 0,
    0, 0, 0, 0, 0, -1, -1, 0,
    -3, -3, 0, 0, 0, 0, 0, 1,
    0, 0, -2, 0, -3, -3, -3, 0,
    0, 0, 0, 0, 0, 0, 0, 0,
    -2, 0, 0, 0, 0, -2, -4, 0,
    0, 0, 0, 0, 0, -4, 0, 0,
    0, 0, 0, 0, 0, 0, 0, 0,
    0, 0, -2, 0, 0, 0, 0, 0,
    0, -9, -2, -9, 6, 0, 0, -6,
    3, 6, 8, 0, -7, -1, -3, 0,
    -1, -14, 3, -2, 2, -15, 3, 0,
    0, 1, -15, 0, -15, -2, -25, -2,
    0, -14, 0, 6, 8, 0, 4, 0,
    0, 0, 0, 1, 0, -5, -4, 0,
    0, 3, 3, -3, 6, -9, -5, 0,
    3, 0, 0, 0, 0, 0, 0, 0,
    0, 0, 0, 0, 0, 0, 0, 0,
    0, 0, 0, -3, 0, 0, 0, -3,
    0, 0, 0, 0, 0, -1, -1, 0,
    -1, -4, 0, 0, 0, 0, 0, 0,
    0, -3, -3, 0, -2, -3, -2, 0,
    0, -3, 0, 0, 0, 0, 0, 0,
    0, 0, 0, 0, 0, -2, -2, 0,
    0, 0, 0, 0, 0, -3, 0, 0,
    0, 0, 0, 0, 0, 0, 0, 0,
    0, 0, 0, 0, 0, 0, 0, 0,
    0, -2, 0, -6, 3, 0, 0, -3,
    1, 3, 3, 0, 0, 0, 0, 0,
    0, -2, 0, 0, 0, 0, 0, 2,
    0, 0, -3, 0, -3, -2, -3, 0,
    0, 0, 0, 0, 0, 0, 2, 0,
    -2, 0, 0, 0, 0, -3, -4, 0,
    0, 0, 3, 0, 6, -5, 0, 0,
    0, 0, 0, 0, 0, 0, 0, 0,
    0, 0, -2, 0, 0, 0, 0, 0,
    0, 9, -2, 1, -9, 0, 0, 8,
    -14, -15, -12, -6, 3, 0, -2, -19,
    -5, 0, -5, 0, -6, 4, -5, -18,
    0, -8, 0, 0, 1, -1, 2, -2,
    0, 3, 0, -9, -11, 0, -14, -7,
    -6, -7, -9, -3, -8, -1, -5, -8,
    -8, -4, -6, 4, -3, 2, 8, -5,
    -18, -7, -7, -7, 0, 0, 0, 0,
    0, 0, -6, 0, 0, 0, 0, 0,
    0, 1, 0, -3, 0, 0, 0, 2,
    0, 3, 0, 0, 0, 0, 0, 0,
    0, 0, 0, 0, 0, -3, 0, -1,
    0, -1, -3, 0, -5, -6, -6, -1,
    0, -9, 0, 0, 0, 0, 0, 0,
    -2, 0, 0, 0, 0, 1, -2, 0,
    0, 0, 0, -3, 3, 0, 0, 0,
    -6, 0, 0, 0, 0, 0, 0, 0,
    0, 0, -2, 0, 0, 0, 0, 0,
    0, 3, 0, 0, 0, 0, 0, 0,
    0, 0, 14, 0, 0, 0, 0, 0,
    0, 2, 0, 0, 0, -3, 0, 0,
    0, 0, 0, 0, 0, 0, 0, 0,
    0, -5, 0, 3, 0, 0, 0, 0,
    0, 0, 0, 0, 0, 0, 0, 0,
    0, 0, 0, -12, 0, 0, 0, 0,
    0, 0, 0, 0, 0, 0, 0, 0,
    0, 0, 0, 0, 0, 0, 0, 0,
    -2, 0, 0, 0, -5, 0, 0, 0,
    0, -14, -9, 0, 0, 0, -4, -14,
    0, 0, -3, 3, 0, -8, 0, 0,
    0, 0, 0, 0, 0, 0, 0, 0,
    -5, 0, 0, -5, 0, 0, 0, 0,
    0, 0, 0, 0, 0, 0, 0, 0,
    -2, 0, 0, -4, 0, 3, 0, 3,
    -31, 0, 0, 0, 0, 0, 0, 0,
    0, 0, 0, 0, 0, 0, 0, 0,
    0, -5, 0, 0, 0, 0, 3, 0,
    2, -6, -6, 0, -3, -3, -3, 0,
    0, 0, 0, 0, 0, -9, 0, -3,
    0, -4, -3, 0, -6, -7, -9, -2,
    0, -6, 0, -9, 0, 0, 0, 0,
    23, 0, 0, 1, 0, 0, -4, 0,
    0, 0, 0, 0, 0, 3, 0, 0,
    -6, 0, 0, 0, -6, -6, -4, -5,
    -5, -3, 23, 0, -4, 0, 0, -5,
    0, -12, 0, 0, 0, 0, 0, -27,
    -5, 10, 9, -2, -12, 0, 3, -4,
    0, -14, -1, -4, 3, -20, -3, 4,
    0, 4, -10, -4, -11, -10, -12, 0,
    0, -17, 0, 16, 0, 0, -1, 0,
    0, 0, -1, -1, -3, -8, -10, -1,
    3, 0, 0, 0, 0, -27, -23, 3,
    6, 0, 0, 0, 1, 0, -14, 1,
    0, -13, 0, 0, -7, -3, -20, -12,
    0, 0, 0, 0, 0, 0, 0, 0,
    0, 1, 0, 0, 0, 0, 0, 0,
    0, 0, 0, 0, 0, 0, 0, 0,
    0, 0, -3, 0, -1, -3, -4, 0,
    0, -6, 0, -3, 0, 0, 0, 0,
    0, 0, 0, 0, 0, 0, 0, 0,
    0, 0, 0, 0, 0, 0, 0, 0,
    0, 0, 0, 0, 0, 0, 0, 0,
    0, 0, 0, 0, -6, 0, 0, -3,
    0, 0, -1, 0, -6, 0, 0, 6,
    -1, 4, 0, -6, 3, -2, -1, -7,
    -3, 0, -4, -3, -2, 0, -4, -5,
    0, 0, -2, -1, -2, -5, -3, 0,
    0, -3, 0, 3, -2, 0, -6, 0,
    0, 0, -6, 0, -5, 0, -5, -5,
    -3, 0, 0, 0, -2, 3, 2, -1,
    -3, 0, 0, 0, -5, 0, -3, -7,
    -3, -4, 0, 0, -8, 0, -9, -17,
    0, 0, 0, 0, 0, 0, 0, 0,
    -6, 3, 0, -4, 0, -2, -3, -9,
    -2, -2, -2, -1, -2, -3, -1, 0,
    0, 0, 0, 0, -3, -2, -2, 0,
    0, 0, 0, 3, -2, 0, -2, 0,
    0, 0, -2, -3, -2, -3, -3, -3,
    -2, 0, 0, 0, -2, 0, 0, 0,
    0, 0, 0, 0, 0, 0, 0, 0,
    0, 0, 0, 0, -3, 0, 0, -3,
    2, 12, -1, 0, -8, 0, -2, 6,
    0, -3, -12, -4, 4, 0, 0, -14,
    -5, 3, -5, 2, 0, -2, -2, -9,
    0, -4, 1, 0, 0, -5, 0, 0,
    0, 3, 3, -6, -5, 0, -5, -3,
    -4, -3, -3, 0, -5, 1, -5, -5,
    -3, 0, 0, 0, -2, 9, 3, -4,
    -14, -3, 3, 1, -11, -3, -3, -11,
    -7, -3, -4, 0, -6, 0, -7, -7,
    0, 0, 0, 0, 0, 0, 0, 0,
    0, 3, 0, 0, 0, 0, 0, 0,
    0, 0, 0, 0, 0, 0, 0, 0,
    0, 0, 0, 0, 0, 0, 0, 0,
    0, -5, 0, 0, 0, 0, 0, 0,
    0, 0, 0, 0, 0, 0, 0, 0,
    0, 0, 0, 0, 0, 0, 0, 0,
    0, 0, 0, 0, 0, 0, 0, 0,
    0, 0, 0, 0, 0, 0, 0, 0,
    0, 0, 0, 0, 0, 0, 0, 0,
    0, 0, 0, 0, 0, 0, 0, 0,
    0, 0, 0, 0, 0, 0, 0, 0,
    0, 0, 0, 0, -2, 0, 0, 0,
    0, 0, 0, 0, 0, 0, 0, 0,
    0, 0, 0, 0, 0, 0, 0, 0,
    0, 0, 0, 0, 0, 0, 0, 0,
    0, 0, 0, 0, -3, 0, -6, 0,
    0, 0, 0, 0, -2, 0, -3, -3,
    0, 0, 0, 0, 0, 0, 0, 0,
    0, -2, -3, 0, 0, 0, 0, 0,
    0, 0, 0, 0, 0, 0, 0, -4,
    0, 0, -4, 0, 0, -3, -3, 0,
    0, 0, 0, -3, 0, 0, 0, 0,
    -1, 0, 0, 0, 0, 0, -2, 0,
    0, 0, 0, 0, 0, 0, 0, 0,
    -2, 0, 0, 0, -6, 0, -7, -4,
    -4, -4, -1, 0, -5, 0, -5, -8,
    0, 0, -4, 0, -6, 0, 0, 0,
    -10, 0, 2, -6, 6, 1, -2, -14,
    0, 0, -6, -3, 0, -12, -7, -8,
    0, 0, -12, -3, -12, -11, -14, 0,
    -7, 0, 2, 19, -4, 0, -7, -3,
    -1, -3, -5, -8, -5, -11, -12, -7,
    0, 0, 0, 0, 0, -3, -2, -1,
    0, -3, -3, -3, -1, -7, -8, 0,
    -7, -12, -1, 0, -13, 0, -17, -23,
    0, 0, -2, 0, 1, 0, 0, -20,
    -3, 9, 6, -6, -11, 0, 1, -9,
    0, -14, -2, -3, 6, -26, -4, 1,
    0, 0, -19, -3, -15, -3, -21, 0,
    0, -20, 0, 17, 1, 0, -2, 0,
    0, 0, 0, -1, -2, -11, -2, 0,
    0, 0, 0, 0, 0, -19, -22, 2,
    0, 0, 0, 0, 0, 0, 0, 0,
    0, 0, 0, 0, 0, 0, 0, 0,
    0, 0, 0, 0, -9, 0, -3, 0,
    -1, -8, -14, 0, 0, -1, -4, -9,
    -3, 0, -2, 0, 0, 0, 0, -13,
    -3, -10, -9, -2, -5, -7, -3, -5,
    0, -6, -3, -10, -4, 0, -3, -5,
    -3, -5, 0, 1, 0, -2, -10, 0,
    0, 0, 0, 0, 0, 6, 0, 0,
    -15, -5, -5, -5, -11, -5, -5, -12,
    -5, -3, -3, 0, -6, 0, -2, -5,
    0, -5, 0, 0, 0, 0, 3, 0,
    2, -6, 12, 0, -3, -3, -3, 0,
    0, 0, 0, 0, 0, -9, 0, -3,
    0, -4, -3, 0, -6, -7, -9, -2,
    0, -6, 2, 12, 0, 0, 0, 0,
    23, 0, 0, 1, 0, 0, -4, 0,
    0, 0, 0, 0, 0, 3, 0, 0,
    -6, 0, 0, 0, -6, -6, -4, -5,
    -5, -3, 23, 0, -4, 0, 0, -5,
    0, 0, 0, 0, 0, 0, 0, 0,
    -1, 0, 0, 0, 0, 0, -2, -6,
    0, 0, 0, 0, 0, -1, 0, 0,
    0, -3, -3, 0, 0, -6, -3, 0,
    0, -6, 0, 5, -1, 0, 0, 0,
    0, 0, 0, 1, 0, 0, 0, 0,
    0, 0, 0, 0, 0, 4, 0, 0,
    -3, 0, 0, 0, 0, 0, 0, 0,
    0, 0, 0, 0, 0, 0, 0, 0,
    6, 2, -3, 0, -9, -5, 0, 9,
    -10, -9, -6, -6, 12, 5, 3, -25,
    -2, 6, -3, 0, -3, 3, -3, -10,
    0, -3, 3, -4, -2, -9, -2, 0,
    0, 9, 6, 0, -8, 0, -16, -4,
    8, -4, -11, 1, -4, -10, -10, -3,
    -6, 0, 0, 0, 0, 12, 9, -4,
    -16, 3, 10, 5, -11, 0, -3, -19,
    -12, -5, 8, 12, -8, 0, -7, -31,
    3, 0, -4, 0, -8, 0, 2, 10,
    -7, -11, -12, -7, 9, 0, 1, -21,
    -2, 3, -5, -2, -7, 0, -6, -11,
    -4, -4, -2, 0, 0, -7, -6, -3,
    0, 9, 7, -3, -16, 0, -16, -4,
    0, -10, -17, -1, -9, -5, -10, -8,
    -9, 0, 0, 0, 0, 8, 6, -4,
    -21, 5, 10, 5, -7, -2, 0, -11,
    -14, -6, -6, 7, -10, 0, -8, -17,
    0, 0, -4, 0, -6, -3, 0, -3,
    -5, 0, 5, -10, 3, 0, 0, -15,
    0, -3, -6, -5, -2, -9, -7, -10,
    -7, 0, -9, -3, -7, -5, -9, -3,
    0, 0, 1, 14, -5, 0, -9, -3,
    0, -3, -6, -7, -8, -8, -11, -4,
    -3, 0, 0, 0, 0, -6, 0, -2,
    1, -3, -3, -3, -3, -15, -11, -3,
    -10, -15, 0, 0, -10, 0, -17, -24,
    6, 0, -4, 0, -14, -3, 2, 6,
    -9, -11, -6, -10, 10, -3, 1, -27,
    -5, 6, -6, -5, -11, 0, -9, -12,
    -3, -3, -2, -3, -6, -9, -1, 0,
    0, 9, 8, -2, -19, 0, -17, -7,
    7, -11, -20, -6, -10, -12, -14, -10,
    -12, 0, 0, 0, -6, 6, 6, -5,
    -24, 10, 8, 7, -9, 0, -3, -17,
    -16, -7, 7, 6, -10, 0, -7, -25,
    0, 0, 0, 0, -3, 0, 0, 3,
    -3, 6, 2, -5, 6, 0, 0, -9,
    -1, 0, -1, 0, 1, 1, -2, 0,
    0, 0, 0, 0, 0, -3, 0, 0,
    0, 0, 2, 9, 1, 0, -3, 0,
    0, 0, 0, -2, -2, -3, 0, 0,
    1, 0, 0, 0, 0, 0, 0, 0,
    0, 0, 0, 0, 0, 0, 0, 0,
    0, 0, 0, 0, 0, 0, 0, 0,
    1, 2, 0, 0, 0, 0, 2, 0,
    -2, 0, 11, 0, 5, 1, 1, -4,
    0, 6, 0, 0, 0, 2, 0, 0,
    0, 0, 0, 0, 0, 0, 0, 0,
    0, 9, 0, 8, 0, 0, 0, 0,
    0, 0, 0, 0, 0, 0, 0, 0,
    1, 0, 0, 4, 0, 0, 1, 0,
    0, 0, 0, 0, 0, 0, 0, 0,
    0, 0, 0, 0, 0, 0, 0, 0,
    0, -17, 0, -3, 5, 0, 9, 0,
    0, 29, 3, -6, -6, 3, 3, -2,
    1, -14, 0, 0, 14, -17, 0, 0,
    0, 0, 0, 0, 0, 0, 0, 0,
    0, -20, 11, 40, 0, 0, 0, 0,
    0, 0, 0, 0, 0, 0, 0, 0,
    12, 0, 0, 0, 9, -17, -9, 3,
    9, 0, 0, 0, 0, 0, 0, 0,
    0, 0, 0, 0, 0, 0, 0, 0,
    0, 0, 0, 0, 0, 0, 0, 0,
    0, 0, 0, 0, 0, 0, 0, 0,
    0, 0, 0, 0, 0, 0, 0, 0,
    0, 0, -5, 0, 0, -5, -3, 0,
    0, 0, 0, 0, 0, 0, 0, 0,
    0, 0, 0, 0, 0, 0, 0, 0,
    0, 0, 0, 0, 0, 0, 0, 0,
    0, 0, 0, 0, -3, -3, -4, -4,
    -3, 0, 0, 0, 0, 0, -6, -6,
    0, -2, 0, -8, 0, 0, 1, 0,
    0, 3, 37, -6, -2, 9, 8, -8,
    3, 0, 0, 3, 3, -4, 0, 0,
    0, 0, 0, 0, 0, 0, 0, 0,
    0, -37, 8, 0, 0, 0, 0, 0,
    0, 0, 0, 0, 0, 0, 0, 0,
    3, 5, -2, -3, 8, 0, -20, 3,
    0, 0, 0, 0, 0, 0, 0, 0,
    0, 0, 0, 0, 0, 0, 0, 0,
    0, 0, 0, -8, 0, 0, 0, -8,
    0, 0, 0, 0, -6, -1, 0, 0,
    0, -6, 0, -3, 0, -14, 0, 0,
    0, 0, 0, 0, 0, 0, 0, 0,
    0, -19, 0, 0, 0, 0, 1, 0,
    0, 0, 0, 0, 0, -3, 0, 0,
    0, 0, 0, 0, 0, -5, -6, 0,
    0, 0, 0, 0, 0, 0, -15, 0,
    0, -4, 0, 0, -3, 0, -15, -2,
    0, -4, 0, -8, 0, 0, 0, -5,
    3, -3, 0, 0, -8, -3, -7, 0,
    0, -8, 0, -3, 0, -14, 0, -3,
    0, 0, -23, -5, -12, -3, -10, 0,
    0, -19, 0, -8, -1, 0, 0, 0,
    0, 0, 0, 0, 0, -4, -5, -2,
    0, 0, 0, 0, 0, -5, -7, 0,
    -3, 0, 0, 0, -2, -7, -8, -1,
    -2, -6, 0, 0, -5, 0, -11, -5,
    0, 0, 0, 0, -6, 0, -6, 4,
    -3, 6, 0, -2, -7, -2, -5, -5,
    0, -3, -1, -2, 2, -8, -1, 0,
    0, 0, -25, -2, -4, 0, -6, 0,
    -2, -14, -3, 0, 0, -2, -2, 0,
    0, 0, 0, 2, 0, -2, -5, -2,
    0, 0, 0, 0, -3, 5, 0, 0,
    -2, 0, 0, 0, 0, 0, -1, -5,
    -5, -2, 0, 0, -5, 0, -2, -8,
    0, 0, 0, 0, 0, 0, 0, 0,
    0, 0, 0, 0, 0, 0, 0, 0,
    0, 0, 0, 0, 0, 0, 0, 0,
    0, 0, 0, 0, 0, 0, 0, 0,
    0, 0, 0, 0, 0, 0, 0, 0,
    0, 0, 0, 4, 0, 0, 0, 0,
    0, 0, 0, 0, 0, 0, 0, 0,
    0, 0, 0, 0, 0, 0, 0, 0,
    0, 0, 0, 0, 0, 0, 0, -2,
    0, -6, 0, -2, 0, 0, 0, -6,
    3, 0, 0, 0, -8, -3, -6, 0,
    0, -8, 0, -3, 0, -14, 0, 0,
    0, 0, -28, 0, -6, -11, -14, 0,
    0, -19, 0, -2, -4, 0, 0, 0,
    0, 0, 0, 0, 0, -3, -4, -1,
    0, 0, 0, 0, 0, -4, -6, 0,
    -3, 0, 0, 0, -5, 0, -6, -3,
    -3, -6, 0, 0, -5, 0, -6, -3,
    1, 0, 0, 5, -4, 0, 9, 14,
    -3, -3, -9, 3, 14, 5, 6, -8,
    3, 12, 3, 8, 6, 8, 0, 0,
    0, 0, 0, 0, 0, 0, 0, 0,
    0, 18, 14, -5, -3, 0, -2, 23,
    12, 23, 0, 0, 0, 3, 0, 0,
    0, 0, 0, 0, 0, 11, 12, -1,
    -4, 19, 14, 17, 0, 0, 0, 0,
    0, 0, 12, 0, 0, 0, 0, 0,
    0, 0, -5, 0, 0, 0, 0, 0,
    0, 0, 0, 0, -2, 0, 0, 0,
    0, 0, 0, 0, 0, 4, 0, 0,
    0, 0, -24, -3, -2, -12, -14, 0,
    0, -19, 0, 0, 0, 0, 0, 0,
    0, 0, 0, 0, 0, 0, 0, 0,
    0, 0, 0, 0, 0, 0, 0, 0,
    0, 0, 0, 0, 0, -5, -12, 0,
    -3, 0, 0, 0, -2, 0, -7, 0,
    0, 0, -5, 0, 0, 0, 0, 0,
    0, 0, 0, 0, -2, 0, 0, 0,
    0, 0, 0, 0, 0, 4, 0, 0,
    0, 0, -24, -3, -2, -12, -14, 0,
    0, -12, 0, 0, 0, 0, 0, 0,
    0, 0, 0, 0, 0, 0, 0, 0,
    0, 0, 0, 0, 0, 0, 0, 0,
    0, 0, 0, 0, 0, -5, -12, 0,
    -3, 0, 0, 0, -2, 0, -7, 0,
    0, 0, 0, 0, -2, 0, 0, 0,
    -7, 3, 0, -3, 2, 5, 3, -9,
    0, -1, -2, 3, 0, 2, 0, 0,
    0, 0, -7, 0, -3, -2, -6, 0,
    -3, -12, 0, 18, -3, 0, -6, -2,
    0, -2, -5, 0, -3, -8, -6, -3,
    0, 0, 0, 0, 0, 0, 0, 0,
    0, -2, -2, -2, 1, 0, -5, 2,
    -7, 0, 0, 0, -5, 0, -3, -12,
    0, 0, -5, 0, 0, 0, 0, 0,
    0, 0, 0, 0, -2, 0, 0, 0,
    0, 0, 0, 0, 0, 4, 0, 0,
    0, 0, -24, -3, -2, -12, -14, 0,
    0, -19, 0, 0, 0, 0, 0, 0,
    14, 0, 0, 0, 0, 0, 0, 0,
    0, 0, 0, 0, 0, 0, 0, 0,
    0, 0, 0, 0, 0, -5, -12, 0,
    -3, 0, 0, 0, -2, 0, -7, 0,
    0, 0, -5, 0, -9, -3, -3, 9,
    -3, -3, -12, 1, -2, 1, -2, -8,
    1, 6, 1, 2, 1, 2, -7, -12,
    -3, 0, -11, -5, -8, -12, -11, 0,
    -5, -6, -3, -4, -2, -2, -3, -2,
    0, -2, -1, 4, 0, 4, -2, 0,
    0, 0, 0, 0, 3, 9, 9, 1,
    -11, -2, -2, -2, -11, -5, -5, -10,
    -6, 0, 0, 0, -3, 0, -3, -9,
    0, 0, 0, 0, 0, 0, 0, 0,
    0, 0, 0, 0, -2, -3, -3, 0,
    0, -8, 0, -1, 0, -5, 0, 0,
    0, 0, 0, 0, 0, 0, 0, 0,
    0, -17, 0, 0, 0, 0, 0, 0,
    0, 0, 0, 0, 0, -3, -3, 0,
    0, 0, 0, 0, 0, -4, -7, 0,
    0, 0, 0, 0, 0, 0, 0, 0,
    0, 0, 0, 0, -2, 0, 0, -3,
    0, 0, 0, 0, -2, 0, 0, -5,
    -3, 3, 0, -5, -5, -2, 0, -8,
    -2, -6, -2, -3, 0, -5, 0, 0,
    0, 0, 0, 0, 0, 0, 0, 0,
    0, -19, 0, 9, 0, 0, -5, 0,
    0, 0, 0, -4, 0, -3, 0, 0,
    0, 0, 0, 0, -3, -1, -6, 0,
    0, 0, 0, 0, 0, 0, 0, 0,
    0, 0, 0, 0, 0, 0, 0, 0,
    0, 0, -2, 0, -7, 0, 0, 12,
    -4, -10, -9, 2, 3, 3, -1, -8,
    2, 4, 2, 9, 2, 10, -2, -8,
    0, 0, -12, 0, 0, -9, -8, 0,
    0, -6, 0, -4, -5, 0, -4, 0,
    -4, 0, -2, 4, 0, -2, -9, -3,
    0, 0, 0, 0, 0, 11, 9, 0,
    -10, 0, 0, 0, -7, 0, -3, -8,
    -4, 1, -4, 0, -2, 0, -3, -8,
    0, 0, -3, 0, -6, 0, 0, 4,
    -7, 0, 3, -3, 2, 0, 0, -10,
    0, -2, -1, 0, -3, 3, -2, 0,
    0, 0, -12, -3, -6, 0, -9, 0,
    0, -14, 0, 11, -3, 0, -5, 0,
    2, 0, -3, 0, -3, -9, 0, -3,
    0, 0, 0, 0, 0, 3, 1, 0,
    0, 0, 0, 0, 0, -2, -6, 0,
    -8, -3, 2, 0, -4, 0, -5, -10,
    0, 0, 0, 0, -2, 0, 0, 3,
    -4, 1, 0, 0, -3, -2, 0, -3,
    0, 0, 0, 0, 0, 0, 0, 0,
    0, 0, 0, 0, 0, 0, 0, 0,
    0, -18, 0, 6, 0, 0, -2, 0,
    0, 0, 0, 1, 0, -3, -3, 0,
    0, 0, 0, 0, 0, 0, 0, 0,
    0, 0, 0, 0, 0, 0, 0, 0,
    0, 0, 0, 0, 0, 0, 0, 0,
    0, 0, 0, 0, 0, 0, 0, 0,
    0, 1, 12, 0, -6, 0, 0, 0,
    0, 0, 0, 0, 0, -1, 0, 0,
    0, 0, 0, 0, 0, 0, 0, 0,
    0, -16, 1, 3, 0, 0, 0, 0,
    0, 0, 0, 0, 0, 0, 0, 0,
    0, 0, 0, -6, 0, 0, 0, 0,
    0, 0, 0, 0, 0, 0, 0, 0,
    0, 0, 0, 0, 0, 0, 0, 0,
    0, 0, -3, 0, -11, 0, 0, 7,
    -9, -1, 3, -11, 5, -3, -3, -10,
    -4, 2, -10, -6, -9, 0, -4, -13,
    0, -6, 0, 0, 0, -3, 3, 0,
    0, 5, 1, 5, -12, 0, -9, -6,
    -7, -6, -12, -6, -8, -6, -7, -12,
    -7, 0, 0, 0, -3, 0, 3, -4,
    -6, -6, 8, 2, -3, 0, 0, 0,
    0, 0, -7, 0, -8, 0, 0, -4,
    0, 0, 0, 0, 0, 0, 0, 0,
    2, -3, 0, 0, 0, -2, 0, 0,
    0, -3, 0, 0, 0, 0, 0, 0,
    0, 0, 0, 0, 0, 0, 0, 0,
    0, 0, 0, -2, 0, 0, 0, 0,
    0, 0, 0, 0, 0, 0, 0, 0,
    0, 0, 0, 0, 0, 0, 0, 0,
    -2, 0, 0, 0, 0, 0, 0, 0,
    0, 0, 0, 0, 0, 0, 0, 0,
    3, 6, 0, 0, 0, 0, 4, 0,
    -7, -9, -9, -3, 9, 0, 3, -3,
    0, 8, -3, 0, -12, 0, 0, 0,
    0, 0, 0, 0, 0, 0, 0, 0,
    0, 14, 4, -3, 0, 0, 0, 0,
    0, 0, 0, 0, 0, 0, 0, 0,
    -6, 0, 0, 0, 0, 0, 0, 0,
    -12, 0, 0, 0, 0, 0, 0, 0,
    0, 0, 0, 0, 0, 0, 0, 0,
    0, 0, 0, 0, 0, 0, 0, 0,
    6, 0, 6, 0, 0, 0, 0, 5,
    0, 2, 3, 0, 0, 0, 0, 0,
    0, 0, 0, 0, 0, 0, 0, 0,
    0, 0, 0, 2, 0, 0, 0, 0,
    0, 0, 0, 0, 0, 0, 0, 0,
    0, 0, 0, 0, 0, 0, 0, 0,
    0, 0, 0, 0, 0, 0, 0, 0,
    0, 0, 0, 0, 0, 0, 0, 0,
    0, 0, 0, 0, 0, 0, 0, 0,
    -3, 1, 3, 0, -1, 0, 0, 2,
    2, 0, 0, 0, 0, -3, 0, 0,
    0, 0, 0, 0, 0, 0, 0, 0,
    0, -16, 0, 3, 0, 0, 0, 0,
    0, 0, 0, 0, 0, 0, 0, 0,
    0, 0, 0, 0, 0, 0, 0, 0,
    2, 0, 0, 0, 0, 0, 0, 0,
    0, 0, 0, 0, 0, 0, 0, 0,
    0, 6, 0, 7, 0, 0, 0, 0,
    0, -18, -16, 1, 12, 9, 5, -12,
    2, 12, 0, 11, 0, 6, 0, 0,
    0, 0, 0, 0, 0, 0, 0, 0,
    0, 15, 0, 0, 0, 0, 0, 0,
    0, 0, 0, 0, 0, 0, 0, 0,
    0, 0, 0, 0, 0, 0, 0, 0,
    -18, 0, 0, 0, 0, 0, 0, 0,
    0, 0, 0, 0, 0, 0, 0, 0,
    -1, -10, 0, -17, -5, 0, 0, 0,
    -12, 1, 12, -14, -12, 0, 0, -12,
    0, -12, -12, 0, -1, -38, 0, 0,
    0, 0, 0, 0, 0, 0, 0, 0,
    0, -27, 2, 14, 0, 0, 0, 0,
    0, 0, 0, 0, 0, 0, 0, 0,
    0, 2, -5, -14, 1, -17, -25, -3,
    -7, 0, 0, 0, 0, 0, 0, 0,
    0, 0, 0, 0, 0, 0, 0, 0,
    0, 0, 0, 0, 0, 0, 0, 0,
    0, -7, -9, 0, -6, -7, -6, 0,
    -3, 0, 0, 0, 0, -9, 0, -9,
    0, -12, -7, 0, -3, -9, -9, -5,
    0, -12, 0, -9, -3, 0, 0, 0,
    -3, 0, 0, 1, 0, 0, -3, 0,
    0, 0, 0, 0, 0, 0, 0, 0,
    -7, 0, 0, 0, 0, 0, 0, 0,
    0, 0, -3, 0, 0, 0, 0, 0,
    0, 0, -5, 0, 0, 0, 0, 23,
    0, 0, 0, 0, -2, 0, 0, 0,
    0, 0, 0, 0, 0, 12, 0, 0,
    0, 0, -24, -3, -2, -12, -14, 0,
    0, -19, 0, 0, 0, 0, 0, 0,
    0, 0, 0, 0, 0, 0, 0, 0,
    0, 0, 0, 0, 0, 0, 0, 0,
    0, 0, 0, 0, 0, -5, -12, 0,
    -3, 0, 0, 0, -2, 0, -7, 0,
    0, 0, 0, 0, 0, 0, 0, 3,
    0, -5, 0, 2, 0, 0, -2, 0,
    0, 0, 0, 0, 0, -2, 0, 0,
    0, 0, 0, 0, 0, 0, 0, 0,
    0, -3, 0, -6, 0, 0, 0, 0,
    0, 0, 0, 0, 0, 0, 0, 0,
    0, 0, 0, 0, 0, 6, 0, 0,
    -2, 0, 0, 0, 0, 0, 0, 0,
    0, 0, 0, 0, 0, 0, 0, 0,
    0, -10, -3, 0, 0, 0, 0, 0,
    0, 0, 0, 0, 0, 0, 0, 0,
    0, 0, 0, 0, 0, -12, -6, 0,
    0, 0, -18, -12, -10, -7, -14, 0,
    0, 0, 0, 0, 0, 0, 0, 0,
    0, 0, 0, 0, 0, -6, 0, 0,
    0, 0, 0, 0, 0, 0, 0, 0,
    0, 0, 0, 0, 0, 0, -7, -3,
    0, -5, 0, 0, -3, 0, -13, -5,
    0, 0, 0, 0, 0, 0, 0, 0,
    -58, -53, 0, 0, 0, 0, 0, 0,
    0, 0, 0, 0, 0, 0, -25, -38,
    0, 0, 0, 0, 0, 0, 0, 0,
    0, 0, 0, 0, 0, -2, -43, -29,
    0, -29, 0, 0, 0, -29, -30, 0,
    0, 0, 0, 0, 0, 0, 0, 0,
    0, -29, -29, -29, -25, 0, -6, -45,
    -39, -27, 0, 0, 0, 0, -31, -60,
    0, -8, -5, 0, 0, 0, -3, 0,
    0, -6, 0, 0, 0, 0, 0, 0,
    0, 0, 0, 0, 0, -11, 0, -2,
    0, -1, -20, 0, -10, -12, -12, 0,
    0, 0, 0, 0, 0, 0, 0, 0,
    0, 0, 0, 0, 0, -6, -5, 0,
    0, 0, 0, 0, 0, 0, 0, 0,
    0, 0, 0, 0, -7, -6, -3, -4,
    -4, -7, 0, 0, -5, 0, -9, -4,
    3, 0, -4, 0, -8, 0, 2, 10,
    -7, -11, -12, -7, 9, 0, 1, -21,
    -2, 3, -5, -2, -7, 0, -6, -11,
    -4, -4, -2, 0, 0, -7, -6, -3,
    0, 9, 7, -3, -16, 0, -16, -10,
    -6, -10, -17, -1, -9, -5, -10, -8,
    -9, 0, 0, 0, 0, 8, 6, -4,
    -21, -10, -10, -10, -7, -2, 0, -11,
    -14, -6, -6, 7, -10, 0, -8, -17,
    -2, -6, 0, 0, 0, 0, 0, 0,
    0, 0, 0, 0, 0, 0, 0, 0,
    0, 0, 0, 0, 0, -6, 0, -1,
    0, 0, -11, -3, -10, -7, -10, 0,
    0, 0, 0, 0, 0, 0, 0, 0,
    0, 0, 0, 0, 0, -4, -7, 0,
    0, 0, 0, 0, 0, 0, 0, 0,
    0, 0, 0, 0, -5, 0, -8, -4,
    -5, -8, 0, 0, -5, 0, -12, -6,
    0, -6, 0, 0, 0, 0, 0, 0,
    -7, 2, 0, 0, 0, 0, 0, 0,
    0, 0, 0, 0, 0, -14, 0, 1,
    0, 0, -7, 0, -7, 0, -9, 0,
    0, 0, 2, 0, 0, 0, -3, 0,
    0, 0, 0, 0, 0, -10, -5, 0,
    0, 0, 0, 0, 0, 0, 0, 0,
    0, 0, 0, 0, 0, 0, -6, 0,
    -5, -10, 0, 0, 0, 0, -12, -14,
    6, 2, -3, 0, -9, -5, 0, 9,
    -10, -9, -6, -6, 12, 5, 3, -25,
    -2, 6, -3, 0, -3, 3, -3, -10,
    0, -3, 3, -4, -2, -9, -2, 0,
    0, 9, 6, 0, -8, 0, -16, -4,
    8, -4, -11, 1, -4, -10, -10, -3,
    -6, 0, 0, 0, 0, 12, 9, -4,
    -16, -4, -4, -4, -11, 0, -3, -19,
    -12, -5, 8, 12, -8, 0, -7, -31,
    0, 0, 0, 0, 0, 0, 0, 0,
    0, 0, 0, 0, 0, 0, 0, 0,
    0, 0, 0, 0, 0, 0, 0, 0,
    0, 0, 0, 0, 0, 0, 0, 0,
    0, 0, 0, 0, 0, 0, 0, 0,
    0, 0, 0, 0, 0, 0, 0, 0,
    0, 0, 0, 0, 0, 0, 0, 0,
    0, 0, 0, 0, 0, 0, 0, 0,
    0, 0, 0, 0, 0, 0, 0, -2,
    0, 0, 0, 0, 0, 0, -2, 0,
    -5, -14, 0, 0, 0, 0, 0, 0,
    0, 0, 0, 0, 0, 0, 0, -12,
    0, 0, 0, 0, -2, -10, -6, 0,
    0, 0, 0, 0, 0, 0, -7, 0,
    0, 0, 0, 0, 0, 1, -3, 0,
    0, 0, 0, 0, 0, 0, 0, 0,
    0, 0, 0, 0, -12, -1, -3, -10,
    -3, 3, 0, 0, -3, 0, 0, -5,
    0, 0, 0, 0, 0, 0, 0, 0,
    0, -2, 0, 0, 0, 0, 0, 0,
    0, 0, 0, 0, 0, -12, 0, 0,
    0, 0, -32, 0, -11, -9, -10, 0,
    0, 0, -5, 0, 0, 0, 0, 0,
    0, 0, 0, 0, 0, -10, -11, 0,
    0, 0, 0, 0, 0, 0, 0, 0,
    0, 0, 0, 0, -3, 0, -20, -5,
    -2, -15, 0, 0, -5, 0, -15, -10,
    0, 0, 0, 0, 0, 0, 0, 0,
    0, 0, 0, 0, 0, 0, 0, 0,
    0, 0, 0, 0, 0, 0, 0, 0,
    0, 0, -18, 0, -9, 0, -8, 0,
    0, 0, 0, 0, 0, 0, 0, 0,
    0, 0, 0, 0, 0, 0, 0, 0,
    0, 0, 0, 0, 0, 0, 0, 0,
    0, 0, 0, 0, 0, 0, -2, 0,
    0, 0, 0, 0, -5, 0, 0, -2,
    0, -6, 0, 0, 0, -3, 0, 0,
    0, 0, 0, 0, 0, 0, 0, 0,
    0, 0, 0, 0, -2, -17, 0, 0,
    0, 0, -7, 0, 0, 0, 0, 0,
    0, 0, 0, 0, 0, 0, -2, 0,
    0, 0, 0, 0, -1, -8, -7, 0,
    0, 0, 0, 0, 0, 0, 0, 0,
    0, 0, 0, 0, 0, 0, 0, -2,
    -1, -12, 0, 0, -10, 0, 0, -7,
    2, 12, -1, 0, -8, 0, -2, 6,
    0, -3, -12, -4, 4, 0, 0, -14,
    -5, 3, -5, 2, 0, -2, -2, -9,
    0, -4, 1, 0, 0, -5, 0, 0,
    0, 3, 3, -6, -5, 0, -5, -3,
    -4, -3, -3, 0, -5, 1, -5, -5,
    -3, 0, 0, 0, -2, 9, 3, -4,
    -14, -3, -3, -3, -11, -3, -3, -11,
    -7, -3, -4, 0, -6, 0, -7, -7,
    0, -9, -5, 0, 0, 0, 0, 0,
    0, 0, 0, 0, 0, 0, 0, 0,
    0, 0, 0, 0, 0, -19, -7, 0,
    0, 0, -24, -6, -6, -7, -7, 0,
    0, 0, -3, 0, 0, 0, 0, 0,
    0, 0, 0, 0, 0, 0, -4, 0,
    0, 0, 0, 0, 0, 0, 0, 0,
    0, 0, 0, 0, -5, -7, -11, 0,
    0, -7, 0, 0, -4, 0, -10, -7,
    6, 0, -4, 0, -14, -3, 2, 6,
    -9, -11, -6, -10, 10, -3, 1, -27,
    -5, 6, -6, -5, -11, 0, -9, -12,
    -3, -3, -2, -3, -6, -9, -1, 0,
    0, 9, 8, -2, -19, 0, -17, -11,
    7, -11, -20, -6, -10, -12, -14, -10,
    -12, 0, 0, 0, -6, 6, 6, -5,
    -24, -11, -11, -11, -9, 0, -3, -17,
    -16, -7, 7, 6, -10, 0, -7, -25,
    0, 0, -3, 0, -6, 0, 0, 4,
    -7, 0, 3, -3, 2, 0, 0, -10,
    0, -2, -1, 0, -3, 3, -2, 0,
    0, 0, -12, -3, -6, 0, -9, 0,
    0, -14, 0, 11, -3, 0, -5, 0,
    2, 0, -3, 0, -3, -9, 0, -3,
    0, 0, 0, 0, 0, 3, 1, 0,
    0, 0, 0, 0, 0, -2, -6, 0,
    -8, -3, 14, 0, -4, 0, -5, -10
};


/*Collect the kern class' data in one place*/
static const lv_font_fmt_txt_kern_classes_t kern_classes =
{
    .class_pair_values   = kern_class_values,
    .left_class_mapping  = kern_left_class_mapping,
    .right_class_mapping = kern_right_class_mapping,
    .left_class_cnt      = 87,
    .right_class_cnt     = 72,
};

/*--------------------
 *  ALL CUSTOM DATA
 *--------------------*/

#if LVGL_VERSION_MAJOR == 8
/*Store all the custom data of the font*/
static  lv_font_fmt_txt_glyph_cache_t cache;
#endif

#if LVGL_VERSION_MAJOR >= 8
static const lv_font_fmt_txt_dsc_t font_dsc = {
#else
static lv_font_fmt_txt_dsc_t font_dsc = {
#endif
    .glyph_bitmap = glyph_bitmap,
    .glyph_dsc = glyph_dsc,
    .cmaps = cmaps,
    .kern_dsc = &kern_classes,
    .kern_scale = 16,
    .cmap_num = 7,
    .bpp = 4,
    .kern_classes = 1,
    .bitmap_format = 0,
#if LVGL_VERSION_MAJOR == 8
    .cache = &cache
#endif
};



/*-----------------
 *  PUBLIC FONT
 *----------------*/

/*Initialize a public general font descriptor*/
#if LVGL_VERSION_MAJOR >= 8
const lv_font_t lv_font_ui_18 = {
#else
lv_font_t lv_font_ui_18 = {
#endif
    .get_glyph_dsc = lv_font_get_glyph_dsc_fmt_txt,    /*Function pointer to get glyph's data*/
    .get_glyph_bitmap = lv_font_get_bitmap_fmt_txt,    /*Function pointer to get glyph's bitmap*/
    .line_height = 23,          /*The maximum line height required by the font*/
    .base_line = 5,             /*Baseline measured from the bottom of the line*/
#if !(LVGL_VERSION_MAJOR == 6 && LVGL_VERSION_MINOR == 0)
    .subpx = LV_FONT_SUBPX_NONE,
#endif
#if LV_VERSION_CHECK(7, 4, 0) || LVGL_VERSION_MAJOR >= 8
    .underline_position = -1,
    .underline_thickness = 1,
#endif
    .dsc = &font_dsc,          /*The custom font data. Will be accessed by `get_glyph_bitmap/dsc` */
#if LV_VERSION_CHECK(8, 2, 0) || LVGL_VERSION_MAJOR >= 9
    .fallback = NULL,
#endif
    .user_data = NULL,
};



#endif /*#if LV_FONT_UI_18*/

